time,temperature_2m,apparent_temperature,relative_humidity_2m
2026-01-01 00:00:00,2.5,-1.9,100
2026-01-01 01:00:00,2.5,-2.1,95
2026-01-01 02:00:00,2.3,-2.2,94
2026-01-01 03:00:00,2.3,-1.7,92
2026-01-01 04:00:00,2.2,-1.8,90
2026-01-01 05:00:00,2.0,-2.3,87
2026-01-01 06:00:00,1.8,-2.7,85
2026-01-01 07:00:00,1.4,-3.0,86
2026-01-01 08:00:00,1.5,-2.8,87
2026-01-01 09:00:00,1.9,-2.7,82
2026-01-01 10:00:00,3.0,-1.9,74
2026-01-01 11:00:00,4.3,-0.2,67
2026-01-01 12:00:00,5.2,0.9,64
2026-01-01 13:00:00,5.6,1.3,63
2026-01-01 14:00:00,4.4,0.3,67
2026-01-01 15:00:00,4.8,0.8,64
2026-01-01 16:00:00,4.9,0.7,63
2026-01-01 17:00:00,4.3,0.0,65
2026-01-01 18:00:00,3.4,-0.8,70
2026-01-01 19:00:00,2.3,-1.9,75
2026-01-01 20:00:00,2.0,-2.0,78
2026-01-01 21:00:00,1.6,-2.4,80
2026-01-01 22:00:00,1.4,-2.5,81
2026-01-01 23:00:00,0.8,-2.8,85
2026-01-02 00:00:00,0.5,-3.1,87
2026-01-02 01:00:00,0.2,-3.4,88
2026-01-02 02:00:00,0.1,-3.6,90
2026-01-02 03:00:00,-0.2,-3.8,91
2026-01-02 04:00:00,-0.3,-4.0,91
2026-01-02 05:00:00,-0.5,-4.2,91
2026-01-02 06:00:00,-0.7,-4.4,90
2026-01-02 07:00:00,-0.8,-4.4,90
2026-01-02 08:00:00,-0.3,-3.8,91
2026-01-02 09:00:00,0.6,-3.2,85
2026-01-02 10:00:00,2.0,-1.7,78
2026-01-02 11:00:00,3.5,-0.0,70
2026-01-02 12:00:00,4.6,1.1,65
2026-01-02 13:00:00,5.3,1.9,62
2026-01-02 14:00:00,4.7,1.6,65
2026-01-02 15:00:00,5.2,2.2,61
2026-01-02 16:00:00,5.3,2.4,59
2026-01-02 17:00:00,4.9,2.0,64
2026-01-02 18:00:00,3.8,0.7,73
2026-01-02 19:00:00,2.8,-0.0,77
2026-01-02 20:00:00,3.5,1.0,79
2026-01-02 21:00:00,3.0,-0.0,78
2026-01-02 22:00:00,1.7,-1.3,83
2026-01-02 23:00:00,1.1,-1.8,84
2026-01-03 00:00:00,1.0,-1.9,86
2026-01-03 01:00:00,0.5,-2.4,88
2026-01-03 02:00:00,0.3,-2.2,90
2026-01-03 03:00:00,0.6,-2.1,90
2026-01-03 04:00:00,1.0,-1.9,91
2026-01-03 05:00:00,1.3,-1.4,90
2026-01-03 06:00:00,1.1,-1.8,91
2026-01-03 07:00:00,1.2,-1.7,90
2026-01-03 08:00:00,1.9,-1.2,86
2026-01-03 09:00:00,2.5,-0.2,85
2026-01-03 10:00:00,3.1,0.4,82
2026-01-03 11:00:00,4.5,1.6,75
2026-01-03 12:00:00,5.7,2.9,69
2026-01-03 13:00:00,6.7,3.9,64
2026-01-03 14:00:00,7.2,4.3,62
2026-01-03 15:00:00,6.8,4.0,60
2026-01-03 16:00:00,6.8,4.1,60
2026-01-03 17:00:00,6.4,4.2,68
2026-01-03 18:00:00,6.2,4.4,76
2026-01-03 19:00:00,5.8,3.8,78
2026-01-03 20:00:00,4.9,2.8,86
2026-01-03 21:00:00,4.9,2.9,87
2026-01-03 22:00:00,4.8,2.4,87
2026-01-03 23:00:00,4.6,2.2,87
2026-01-04 00:00:00,4.4,1.9,87
2026-01-04 01:00:00,4.3,2.1,90
2026-01-04 02:00:00,4.2,1.8,92
2026-01-04 03:00:00,4.1,1.5,93
2026-01-04 04:00:00,4.0,1.5,92
2026-01-04 05:00:00,3.9,1.5,92
2026-01-04 06:00:00,3.9,1.5,93
2026-01-04 07:00:00,3.9,1.5,93
2026-01-04 08:00:00,3.7,1.4,93
2026-01-04 09:00:00,3.8,1.6,89
2026-01-04 10:00:00,4.1,2.0,87
2026-01-04 11:00:00,4.6,2.1,86
2026-01-04 12:00:00,4.8,2.2,86
2026-01-04 13:00:00,5.3,2.7,83
2026-01-04 14:00:00,5.4,2.7,80
2026-01-04 15:00:00,5.8,2.9,77
2026-01-04 16:00:00,5.6,2.8,77
2026-01-04 17:00:00,5.4,2.7,80
2026-01-04 18:00:00,5.0,2.6,83
2026-01-04 19:00:00,5.0,2.9,85
2026-01-04 20:00:00,4.9,2.6,86
2026-01-04 21:00:00,4.7,2.2,87
2026-01-04 22:00:00,4.3,2.1,87
2026-01-04 23:00:00,4.3,2.1,87
2026-01-05 00:00:00,4.0,1.7,88
2026-01-05 01:00:00,3.5,0.8,89
2026-01-05 02:00:00,3.8,1.1,92
2026-01-05 03:00:00,3.8,1.1,92
2026-01-05 04:00:00,3.7,0.9,93
2026-01-05 05:00:00,3.8,1.0,93
2026-01-05 06:00:00,4.0,1.3,92
2026-01-05 07:00:00,3.5,0.8,92
2026-01-05 08:00:00,4.0,1.1,91
2026-01-05 09:00:00,4.7,2.2,88
2026-01-05 10:00:00,5.9,3.4,79
2026-01-05 11:00:00,7.3,4.3,69
2026-01-05 12:00:00,8.2,5.0,64
2026-01-05 13:00:00,8.6,5.3,62
2026-01-05 14:00:00,8.4,5.2,62
2026-01-05 15:00:00,8.6,5.3,61
2026-01-05 16:00:00,8.6,5.7,59
2026-01-05 17:00:00,8.2,6.0,68
2026-01-05 18:00:00,7.4,5.4,75
2026-01-05 19:00:00,6.5,4.7,80
2026-01-05 20:00:00,5.9,3.1,73
2026-01-05 21:00:00,4.8,1.8,78
2026-01-05 22:00:00,3.8,1.2,84
2026-01-05 23:00:00,3.1,0.6,86
2026-01-06 00:00:00,2.9,0.6,86
2026-01-06 01:00:00,2.7,0.4,87
2026-01-06 02:00:00,2.3,-0.0,91
2026-01-06 03:00:00,2.3,-0.3,91
2026-01-06 04:00:00,1.6,-1.0,92
2026-01-06 05:00:00,1.5,-1.2,92
2026-01-06 06:00:00,1.6,-1.2,92
2026-01-06 07:00:00,1.9,-1.2,90
2026-01-06 08:00:00,2.2,-1.2,96
2026-01-06 09:00:00,2.9,-0.1,91
2026-01-06 10:00:00,4.9,1.7,72
2026-01-06 11:00:00,6.7,1.9,45
2026-01-06 12:00:00,7.9,2.0,32
2026-01-06 13:00:00,8.5,2.8,31
2026-01-06 14:00:00,9.1,3.5,34
2026-01-06 15:00:00,9.4,4.1,33
2026-01-06 16:00:00,9.2,4.4,35
2026-01-06 17:00:00,8.1,3.9,41
2026-01-06 18:00:00,5.9,2.5,52
2026-01-06 19:00:00,4.8,1.5,59
2026-01-06 20:00:00,4.2,1.2,64
2026-01-06 21:00:00,3.9,1.0,64
2026-01-06 22:00:00,3.4,0.4,64
2026-01-06 23:00:00,3.0,-0.0,64
2026-01-07 00:00:00,2.8,-0.6,68
2026-01-07 01:00:00,2.3,-0.9,72
2026-01-07 02:00:00,2.5,-0.6,76
2026-01-07 03:00:00,2.2,-1.0,78
2026-01-07 04:00:00,1.7,-1.4,81
2026-01-07 05:00:00,1.2,-1.8,84
2026-01-07 06:00:00,0.6,-2.4,86
2026-01-07 07:00:00,0.2,-2.8,87
2026-01-07 08:00:00,1.3,-1.7,88
2026-01-07 09:00:00,2.7,-0.4,88
2026-01-07 10:00:00,4.8,2.6,84
2026-01-07 11:00:00,7.2,5.1,78
2026-01-07 12:00:00,9.2,7.1,68
2026-01-07 13:00:00,10.8,7.8,48
2026-01-07 14:00:00,11.6,8.1,43
2026-01-07 15:00:00,11.8,8.1,41
2026-01-07 16:00:00,11.4,8.2,45
2026-01-07 17:00:00,9.7,7.3,59
2026-01-07 18:00:00,7.5,4.8,63
2026-01-07 19:00:00,6.3,3.6,65
2026-01-07 20:00:00,5.9,3.4,68
2026-01-07 21:00:00,5.7,3.3,66
2026-01-07 22:00:00,4.8,2.3,68
2026-01-07 23:00:00,4.2,1.6,71
2026-01-08 00:00:00,3.5,0.9,73
2026-01-08 01:00:00,2.9,0.4,78
2026-01-08 02:00:00,3.2,0.9,75
2026-01-08 03:00:00,2.5,-0.0,79
2026-01-08 04:00:00,1.6,-1.1,85
2026-01-08 05:00:00,1.3,-1.4,86
2026-01-08 06:00:00,1.0,-1.8,87
2026-01-08 07:00:00,1.0,-1.7,87
2026-01-08 08:00:00,1.8,-0.9,88
2026-01-08 09:00:00,3.4,0.8,86
2026-01-08 10:00:00,5.3,3.3,81
2026-01-08 11:00:00,7.6,5.4,69
2026-01-08 12:00:00,9.4,7.2,58
2026-01-08 13:00:00,10.7,8.2,49
2026-01-08 14:00:00,11.4,8.5,44
2026-01-08 15:00:00,11.6,8.6,41
2026-01-08 16:00:00,11.2,8.2,41
2026-01-08 17:00:00,9.6,7.4,60
2026-01-08 18:00:00,8.1,5.7,53
2026-01-08 19:00:00,8.1,5.6,49
2026-01-08 20:00:00,6.8,4.3,57
2026-01-08 21:00:00,5.6,3.0,65
2026-01-08 22:00:00,4.9,2.3,68
2026-01-08 23:00:00,4.6,1.9,68
2026-01-09 00:00:00,4.4,1.8,67
2026-01-09 01:00:00,3.7,0.8,69
2026-01-09 02:00:00,3.8,0.7,73
2026-01-09 03:00:00,3.6,0.4,72
2026-01-09 04:00:00,3.6,0.5,72
2026-01-09 05:00:00,3.3,0.2,72
2026-01-09 06:00:00,2.7,-0.3,74
2026-01-09 07:00:00,2.2,-0.8,78
2026-01-09 08:00:00,2.8,-0.0,83
2026-01-09 09:00:00,4.6,1.7,81
2026-01-09 10:00:00,6.7,4.1,75
2026-01-09 11:00:00,8.8,6.3,68
2026-01-09 12:00:00,10.8,8.2,62
2026-01-09 13:00:00,12.5,9.5,54
2026-01-09 14:00:00,13.6,10.3,51
2026-01-09 15:00:00,14.4,10.9,45
2026-01-09 16:00:00,14.0,11.0,49
2026-01-09 17:00:00,12.4,9.6,55
2026-01-09 18:00:00,10.5,7.7,61
2026-01-09 19:00:00,9.6,6.6,62
2026-01-09 20:00:00,8.9,6.0,64
2026-01-09 21:00:00,8.4,5.7,68
2026-01-09 22:00:00,7.7,5.1,71
2026-01-09 23:00:00,6.6,4.1,75
2026-01-10 00:00:00,5.8,3.3,76
2026-01-10 01:00:00,5.3,2.7,78
2026-01-10 02:00:00,5.2,2.9,78
2026-01-10 03:00:00,4.5,2.1,81
2026-01-10 04:00:00,4.0,1.5,83
2026-01-10 05:00:00,3.7,1.5,84
2026-01-10 06:00:00,3.2,1.0,86
2026-01-10 07:00:00,2.8,0.6,90
2026-01-10 08:00:00,3.0,0.6,96
2026-01-10 09:00:00,4.8,2.6,90
2026-01-10 10:00:00,7.9,5.8,82
2026-01-10 11:00:00,10.9,8.7,69
2026-01-10 12:00:00,13.0,8.8,45
2026-01-10 13:00:00,13.2,7.7,30
2026-01-10 14:00:00,13.9,8.8,28
2026-01-10 15:00:00,13.6,8.5,28
2026-01-10 16:00:00,12.6,7.9,32
2026-01-10 17:00:00,10.9,6.6,37
2026-01-10 18:00:00,9.1,5.0,42
2026-01-10 19:00:00,8.2,4.3,46
2026-01-10 20:00:00,7.2,3.8,54
2026-01-10 21:00:00,6.7,3.1,56
2026-01-10 22:00:00,6.1,2.2,55
2026-01-10 23:00:00,5.7,1.6,54
2026-01-11 00:00:00,5.2,1.1,54
2026-01-11 01:00:00,4.7,0.5,53
2026-01-11 02:00:00,4.6,0.2,54
2026-01-11 03:00:00,4.3,-0.2,52
2026-01-11 04:00:00,4.0,-0.4,53
2026-01-11 05:00:00,3.5,-0.6,55
2026-01-11 06:00:00,3.0,-1.0,58
2026-01-11 07:00:00,2.5,-1.5,59
2026-01-11 08:00:00,2.8,-1.6,57
2026-01-11 09:00:00,4.0,-0.3,57
2026-01-11 10:00:00,5.8,2.1,52
2026-01-11 11:00:00,7.8,4.2,45
2026-01-11 12:00:00,9.3,5.6,40
2026-01-11 13:00:00,10.4,7.1,41
2026-01-11 14:00:00,11.3,8.2,43
2026-01-11 15:00:00,11.9,8.7,41
2026-01-11 16:00:00,11.9,8.3,39
2026-01-11 17:00:00,10.6,7.2,47
2026-01-11 18:00:00,8.9,5.1,51
2026-01-11 19:00:00,8.0,3.9,51
2026-01-11 20:00:00,7.6,3.1,50
2026-01-11 21:00:00,7.0,2.3,49
2026-01-11 22:00:00,6.5,1.8,48
2026-01-11 23:00:00,6.0,1.4,49
2026-01-12 00:00:00,5.7,1.2,50
2026-01-12 01:00:00,5.3,1.1,52
2026-01-12 02:00:00,5.2,1.3,56
2026-01-12 03:00:00,5.1,1.4,58
2026-01-12 04:00:00,5.6,1.9,59
2026-01-12 05:00:00,5.7,2.2,61
2026-01-12 06:00:00,6.0,2.7,62
2026-01-12 07:00:00,6.2,3.4,66
2026-01-12 08:00:00,5.8,3.2,72
2026-01-12 09:00:00,7.5,4.8,63
2026-01-12 10:00:00,9.5,6.9,59
2026-01-12 11:00:00,11.6,9.2,54
2026-01-12 12:00:00,13.6,10.7,47
2026-01-12 13:00:00,14.9,11.4,39
2026-01-12 14:00:00,15.6,11.9,38
2026-01-12 15:00:00,15.9,12.4,38
2026-01-12 16:00:00,15.7,12.6,42
2026-01-12 17:00:00,14.2,11.5,52
2026-01-12 18:00:00,12.2,9.4,59
2026-01-12 19:00:00,11.1,8.2,64
2026-01-12 20:00:00,10.2,7.2,66
2026-01-12 21:00:00,9.7,6.7,67
2026-01-12 22:00:00,9.0,6.2,71
2026-01-12 23:00:00,8.5,5.8,73
2026-01-13 00:00:00,8.0,5.3,76
2026-01-13 01:00:00,7.6,4.9,77
2026-01-13 02:00:00,7.3,4.6,79
2026-01-13 03:00:00,7.3,4.7,78
2026-01-13 04:00:00,7.1,4.4,80
2026-01-13 05:00:00,6.7,4.3,81
2026-01-13 06:00:00,6.7,4.1,80
2026-01-13 07:00:00,6.2,3.5,81
2026-01-13 08:00:00,5.9,3.5,83
2026-01-13 09:00:00,7.2,4.9,78
2026-01-13 10:00:00,9.7,7.8,69
2026-01-13 11:00:00,12.1,10.2,62
2026-01-13 12:00:00,14.5,12.3,56
2026-01-13 13:00:00,16.4,14.2,51
2026-01-13 14:00:00,17.9,15.4,47
2026-01-13 15:00:00,18.8,16.2,43
2026-01-13 16:00:00,18.8,16.0,41
2026-01-13 17:00:00,17.4,15.0,46
2026-01-13 18:00:00,15.3,13.3,52
2026-01-13 19:00:00,14.4,12.3,55
2026-01-13 20:00:00,13.4,11.1,59
2026-01-13 21:00:00,13.0,10.2,57
2026-01-13 22:00:00,11.8,8.7,60
2026-01-13 23:00:00,10.9,7.9,61
2026-01-14 00:00:00,10.5,7.6,61
2026-01-14 01:00:00,9.9,7.1,63
2026-01-14 02:00:00,9.1,6.5,67
2026-01-14 03:00:00,8.6,6.0,69
2026-01-14 04:00:00,7.9,5.4,73
2026-01-14 05:00:00,7.5,5.0,75
2026-01-14 06:00:00,7.1,4.5,78
2026-01-14 07:00:00,6.6,3.9,79
2026-01-14 08:00:00,6.8,4.1,79
2026-01-14 09:00:00,8.3,5.7,71
2026-01-14 10:00:00,10.4,8.3,61
2026-01-14 11:00:00,13.1,11.1,51
2026-01-14 12:00:00,15.8,13.9,42
2026-01-14 13:00:00,17.7,15.7,33
2026-01-14 14:00:00,18.6,16.1,28
2026-01-14 15:00:00,19.5,17.3,29
2026-01-14 16:00:00,19.5,17.7,32
2026-01-14 17:00:00,18.8,17.3,39
2026-01-14 18:00:00,16.7,14.5,44
2026-01-14 19:00:00,15.2,12.5,53
2026-01-14 20:00:00,14.3,12.1,55
2026-01-14 21:00:00,14.2,12.0,56
2026-01-14 22:00:00,12.8,10.6,62
2026-01-14 23:00:00,11.7,9.8,68
2026-01-15 00:00:00,10.6,8.3,74
2026-01-15 01:00:00,9.8,7.6,80
2026-01-15 02:00:00,9.1,7.0,85
2026-01-15 03:00:00,8.8,6.8,86
2026-01-15 04:00:00,8.3,6.7,88
2026-01-15 05:00:00,7.5,6.2,90
2026-01-15 06:00:00,6.9,5.7,91
2026-01-15 07:00:00,6.3,4.7,94
2026-01-15 08:00:00,6.0,4.0,100
2026-01-15 09:00:00,6.3,4.5,98
2026-01-15 10:00:00,8.1,6.6,92
2026-01-15 11:00:00,10.5,9.3,79
2026-01-15 12:00:00,14.1,12.7,60
2026-01-15 13:00:00,16.5,15.2,46
2026-01-15 14:00:00,17.8,15.8,37
2026-01-15 15:00:00,18.6,16.2,32
2026-01-15 16:00:00,18.5,16.0,31
2026-01-15 17:00:00,17.5,15.0,33
2026-01-15 18:00:00,14.9,12.7,41
2026-01-15 19:00:00,14.1,11.9,47
2026-01-15 20:00:00,13.8,11.4,54
2026-01-15 21:00:00,13.4,11.3,60
2026-01-15 22:00:00,13.1,10.7,60
2026-01-15 23:00:00,12.9,10.2,57
2026-01-16 00:00:00,12.3,9.7,60
2026-01-16 01:00:00,11.7,9.2,65
2026-01-16 02:00:00,11.2,8.8,68
2026-01-16 03:00:00,11.2,8.9,70
2026-01-16 04:00:00,10.8,8.5,73
2026-01-16 05:00:00,10.2,8.1,77
2026-01-16 06:00:00,10.1,8.1,77
2026-01-16 07:00:00,9.8,7.9,79
2026-01-16 08:00:00,10.5,8.6,78
2026-01-16 09:00:00,11.5,10.0,72
2026-01-16 10:00:00,13.1,11.9,65
2026-01-16 11:00:00,15.7,14.5,55
2026-01-16 12:00:00,18.0,16.9,47
2026-01-16 13:00:00,19.6,18.3,41
2026-01-16 14:00:00,20.1,18.6,37
2026-01-16 15:00:00,21.0,19.7,35
2026-01-16 16:00:00,21.0,19.5,36
2026-01-16 17:00:00,20.3,18.8,39
2026-01-16 18:00:00,18.8,17.3,45
2026-01-16 19:00:00,17.4,16.1,51
2026-01-16 20:00:00,17.5,15.5,49
2026-01-16 21:00:00,16.1,12.5,52
2026-01-16 22:00:00,14.6,10.8,52
2026-01-16 23:00:00,13.1,9.1,53
2026-01-17 00:00:00,11.6,7.4,51
2026-01-17 01:00:00,10.4,6.2,50
2026-01-17 02:00:00,9.6,5.4,52
2026-01-17 03:00:00,8.9,4.6,54
2026-01-17 04:00:00,8.3,4.2,56
2026-01-17 05:00:00,7.8,3.6,59
2026-01-17 06:00:00,7.5,4.0,61
2026-01-17 07:00:00,7.2,3.6,62
2026-01-17 08:00:00,7.1,3.4,65
2026-01-17 09:00:00,7.1,3.6,65
2026-01-17 10:00:00,8.4,5.4,60
2026-01-17 11:00:00,9.9,7.0,56
2026-01-17 12:00:00,10.6,7.8,55
2026-01-17 13:00:00,11.8,9.1,53
2026-01-17 14:00:00,11.6,9.1,55
2026-01-17 15:00:00,12.5,10.0,53
2026-01-17 16:00:00,12.6,10.1,53
2026-01-17 17:00:00,12.1,9.7,55
2026-01-17 18:00:00,11.4,9.0,59
2026-01-17 19:00:00,10.4,7.8,63
2026-01-17 20:00:00,10.1,7.5,67
2026-01-17 21:00:00,9.5,7.3,70
2026-01-17 22:00:00,9.0,6.9,74
2026-01-17 23:00:00,8.7,6.6,77
2026-01-18 00:00:00,8.4,6.3,80
2026-01-18 01:00:00,8.2,6.3,83
2026-01-18 02:00:00,7.2,5.1,88
2026-01-18 03:00:00,6.8,4.6,90
2026-01-18 04:00:00,6.8,4.5,92
2026-01-18 05:00:00,6.7,4.4,94
2026-01-18 06:00:00,6.5,4.3,95
2026-01-18 07:00:00,6.7,4.5,93
2026-01-18 08:00:00,6.4,4.3,90
2026-01-18 09:00:00,7.2,5.1,85
2026-01-18 10:00:00,8.2,6.3,80
2026-01-18 11:00:00,9.9,8.0,73
2026-01-18 12:00:00,11.8,9.8,66
2026-01-18 13:00:00,12.8,10.6,64
2026-01-18 14:00:00,12.0,9.8,68
2026-01-18 15:00:00,11.9,9.4,68
2026-01-18 16:00:00,10.9,7.6,66
2026-01-18 17:00:00,8.6,4.7,69
2026-01-18 18:00:00,6.9,2.8,74
2026-01-18 19:00:00,5.9,1.7,79
2026-01-18 20:00:00,4.7,0.4,85
2026-01-18 21:00:00,4.2,-0.1,87
2026-01-18 22:00:00,3.8,-0.6,88
2026-01-18 23:00:00,3.3,-0.8,91
2026-01-19 00:00:00,3.0,-1.2,92
2026-01-19 01:00:00,2.5,-2.0,91
2026-01-19 02:00:00,2.1,-2.5,88
2026-01-19 03:00:00,1.6,-2.8,89
2026-01-19 04:00:00,1.4,-3.5,89
2026-01-19 05:00:00,1.5,-3.7,87
2026-01-19 06:00:00,1.5,-3.6,87
2026-01-19 07:00:00,1.4,-3.9,90
2026-01-19 08:00:00,1.2,-3.6,91
2026-01-19 09:00:00,1.3,-3.9,93
2026-01-19 10:00:00,1.8,-3.3,90
2026-01-19 11:00:00,2.0,-3.3,92
2026-01-19 12:00:00,2.3,-2.7,88
2026-01-19 13:00:00,2.2,-2.8,87
2026-01-19 14:00:00,1.7,-3.6,87
2026-01-19 15:00:00,1.5,-3.8,85
2026-01-19 16:00:00,1.4,-3.9,85
2026-01-19 17:00:00,1.0,-4.3,85
2026-01-19 18:00:00,0.6,-4.7,86
2026-01-19 19:00:00,0.3,-5.0,85
2026-01-19 20:00:00,0.2,-5.0,89
2026-01-19 21:00:00,-0.2,-5.5,88
2026-01-19 22:00:00,-0.7,-6.4,87
2026-01-19 23:00:00,-1.1,-6.7,87
2026-01-20 00:00:00,-1.5,-7.1,88
2026-01-20 01:00:00,-1.5,-7.0,88
2026-01-20 02:00:00,-1.7,-7.1,87
2026-01-20 03:00:00,-2.0,-7.4,87
2026-01-20 04:00:00,-2.5,-8.2,89
2026-01-20 05:00:00,-3.0,-8.7,86
2026-01-20 06:00:00,-3.3,-8.9,85
2026-01-20 07:00:00,-3.5,-9.0,84
2026-01-20 08:00:00,-3.3,-9.1,83
2026-01-20 09:00:00,-3.2,-9.2,81
2026-01-20 10:00:00,-3.0,-8.9,81
2026-01-20 11:00:00,-2.8,-8.2,83
2026-01-20 12:00:00,-2.7,-7.9,82
2026-01-20 13:00:00,-2.2,-7.6,79
2026-01-20 14:00:00,-1.6,-7.0,76
2026-01-20 15:00:00,-2.3,-7.5,77
2026-01-20 16:00:00,-2.7,-8.1,79
2026-01-20 17:00:00,-3.0,-8.3,79
2026-01-20 18:00:00,-3.2,-8.1,79
2026-01-20 19:00:00,-3.4,-8.1,80
2026-01-20 20:00:00,-3.2,-8.2,81
2026-01-20 21:00:00,-3.4,-8.2,80
2026-01-20 22:00:00,-3.4,-8.4,80
2026-01-20 23:00:00,-3.5,-8.2,81
2026-01-21 00:00:00,-3.5,-8.2,81
2026-01-21 01:00:00,-3.5,-8.2,79
2026-01-21 02:00:00,-3.6,-8.2,79
2026-01-21 03:00:00,-3.8,-8.3,77
2026-01-21 04:00:00,-3.9,-8.5,77
2026-01-21 05:00:00,-4.1,-8.7,76
2026-01-21 06:00:00,-4.2,-8.8,77
2026-01-21 07:00:00,-4.6,-9.4,77
2026-01-21 08:00:00,-4.4,-9.2,79
2026-01-21 09:00:00,-3.8,-8.5,72
2026-01-21 10:00:00,-2.3,-7.0,62
2026-01-21 11:00:00,-1.0,-5.6,54
2026-01-21 12:00:00,0.2,-3.8,53
2026-01-21 13:00:00,0.9,-3.4,52
2026-01-21 14:00:00,-0.2,-4.3,56
2026-01-21 15:00:00,0.1,-3.8,55
2026-01-21 16:00:00,0.2,-3.7,53
2026-01-21 17:00:00,0.3,-3.3,55
2026-01-21 18:00:00,0.1,-3.5,60
2026-01-21 19:00:00,-0.1,-4.1,58
2026-01-21 20:00:00,-0.8,-4.8,66
2026-01-21 21:00:00,-1.2,-5.5,66
2026-01-21 22:00:00,-1.5,-5.7,64
2026-01-21 23:00:00,-1.6,-5.5,65
2026-01-22 00:00:00,-1.9,-5.6,70
2026-01-22 01:00:00,-2.0,-5.7,70
2026-01-22 02:00:00,-2.1,-5.9,68
2026-01-22 03:00:00,-2.2,-6.1,68
2026-01-22 04:00:00,-2.5,-6.3,71
2026-01-22 05:00:00,-3.0,-6.5,74
2026-01-22 06:00:00,-3.2,-6.6,74
2026-01-22 07:00:00,-3.5,-6.8,74
2026-01-22 08:00:00,-3.2,-6.3,79
2026-01-22 09:00:00,-2.1,-5.4,72
2026-01-22 10:00:00,-0.6,-3.9,63
2026-01-22 11:00:00,0.7,-2.6,61
2026-01-22 12:00:00,1.7,-1.5,62
2026-01-22 13:00:00,2.5,-0.5,62
2026-01-22 14:00:00,2.8,-0.4,60
2026-01-22 15:00:00,3.2,0.0,58
2026-01-22 16:00:00,3.4,0.3,57
2026-01-22 17:00:00,3.2,0.3,60
2026-01-22 18:00:00,2.0,-0.8,66
2026-01-22 19:00:00,1.1,-1.8,69
2026-01-22 20:00:00,0.9,-2.2,77
2026-01-22 21:00:00,0.5,-2.6,77
2026-01-22 22:00:00,0.2,-2.8,78
2026-01-22 23:00:00,-0.2,-3.1,81
2026-01-23 00:00:00,-0.3,-3.2,81
2026-01-23 01:00:00,-0.4,-3.2,81
2026-01-23 02:00:00,-0.6,-3.6,84
2026-01-23 03:00:00,-0.9,-3.8,85
2026-01-23 04:00:00,-1.1,-4.1,87
2026-01-23 05:00:00,-0.9,-4.1,87
2026-01-23 06:00:00,-1.1,-4.1,88
2026-01-23 07:00:00,-0.9,-3.7,87
2026-01-23 08:00:00,-0.4,-3.3,92
2026-01-23 09:00:00,0.2,-2.8,89
2026-01-23 10:00:00,1.4,-1.6,83
2026-01-23 11:00:00,3.2,0.2,75
2026-01-23 12:00:00,4.2,1.6,72
2026-01-23 13:00:00,5.1,2.8,69
2026-01-23 14:00:00,5.3,3.0,68
2026-01-23 15:00:00,5.9,3.6,66
2026-01-23 16:00:00,6.1,3.6,65
2026-01-23 17:00:00,5.7,3.4,68
2026-01-23 18:00:00,4.0,1.8,76
2026-01-23 19:00:00,3.1,0.9,79
2026-01-23 20:00:00,2.4,-0.1,84
2026-01-23 21:00:00,1.6,-1.1,87
2026-01-23 22:00:00,1.4,-1.1,87
2026-01-23 23:00:00,1.1,-1.5,86
2026-01-24 00:00:00,0.8,-2.2,87
2026-01-24 01:00:00,0.7,-2.3,87
2026-01-24 02:00:00,0.6,-2.3,87
2026-01-24 03:00:00,0.6,-2.5,87
2026-01-24 04:00:00,0.3,-2.4,88
2026-01-24 05:00:00,-0.2,-2.9,92
2026-01-24 06:00:00,-0.4,-3.0,95
2026-01-24 07:00:00,-0.9,-3.4,99
2026-01-24 08:00:00,-0.2,-2.5,100
2026-01-24 09:00:00,0.9,-1.7,99
2026-01-24 10:00:00,3.0,0.6,92
2026-01-24 11:00:00,5.6,3.3,81
2026-01-24 12:00:00,7.6,5.3,72
2026-01-24 13:00:00,8.9,6.9,65
2026-01-24 14:00:00,9.5,7.3,62
2026-01-24 15:00:00,10.1,7.6,60
2026-01-24 16:00:00,10.4,7.7,57
2026-01-24 17:00:00,9.6,7.9,70
2026-01-24 18:00:00,7.8,5.8,70
2026-01-24 19:00:00,7.2,4.5,73
2026-01-24 20:00:00,6.8,3.4,74
2026-01-24 21:00:00,6.8,3.2,75
2026-01-24 22:00:00,6.4,2.8,77
2026-01-24 23:00:00,6.1,2.6,78
2026-01-25 00:00:00,5.8,2.5,80
2026-01-25 01:00:00,6.1,2.8,80
2026-01-25 02:00:00,6.4,3.0,80
2026-01-25 03:00:00,6.9,3.5,79
2026-01-25 04:00:00,7.1,3.8,79
2026-01-25 05:00:00,7.2,3.9,78
2026-01-25 06:00:00,7.3,4.2,78
2026-01-25 07:00:00,7.4,4.4,78
2026-01-25 08:00:00,7.0,4.4,85
2026-01-25 09:00:00,7.5,5.1,88
2026-01-25 10:00:00,7.8,5.4,87
2026-01-25 11:00:00,8.3,6.0,85
2026-01-25 12:00:00,8.8,6.6,86
2026-01-25 13:00:00,8.9,6.6,88
2026-01-25 14:00:00,7.4,4.9,91
2026-01-25 15:00:00,6.9,4.3,92
2026-01-25 16:00:00,6.7,4.1,91
2026-01-25 17:00:00,6.2,3.3,91
2026-01-25 18:00:00,5.4,2.1,90
2026-01-25 19:00:00,4.8,1.5,92
2026-01-25 20:00:00,4.0,0.4,94
2026-01-25 21:00:00,3.8,0.4,95
2026-01-25 22:00:00,3.6,0.3,95
2026-01-25 23:00:00,3.4,0.1,95
2026-01-26 00:00:00,3.2,-0.1,95
2026-01-26 01:00:00,3.0,-0.6,93
2026-01-26 02:00:00,3.0,-0.4,92
2026-01-26 03:00:00,2.8,-0.4,94
2026-01-26 04:00:00,2.7,-0.8,93
2026-01-26 05:00:00,2.5,-1.0,93
2026-01-26 06:00:00,2.5,-1.2,90
2026-01-26 07:00:00,2.4,-1.3,89
2026-01-26 08:00:00,2.2,-1.4,90
2026-01-26 09:00:00,2.5,-1.0,89
2026-01-26 10:00:00,3.2,-0.3,85
2026-01-26 11:00:00,3.8,0.3,80
2026-01-26 12:00:00,4.5,0.8,77
2026-01-26 13:00:00,5.0,1.3,75
2026-01-26 14:00:00,5.2,1.6,74
2026-01-26 15:00:00,5.6,1.8,72
2026-01-26 16:00:00,6.6,3.0,68
2026-01-26 17:00:00,6.8,4.1,69
2026-01-26 18:00:00,5.6,3.2,77
2026-01-26 19:00:00,5.1,2.4,77
2026-01-26 20:00:00,4.7,1.8,84
2026-01-26 21:00:00,3.7,0.8,88
2026-01-26 22:00:00,2.8,-0.1,91
2026-01-26 23:00:00,2.5,-0.6,91
2026-01-27 00:00:00,2.2,-1.0,92
2026-01-27 01:00:00,1.9,-1.4,92
2026-01-27 02:00:00,1.8,-1.4,94
2026-01-27 03:00:00,1.6,-1.7,95
2026-01-27 04:00:00,1.5,-1.8,95
2026-01-27 05:00:00,1.6,-1.8,95
2026-01-27 06:00:00,1.9,-1.4,94
2026-01-27 07:00:00,2.3,-0.9,94
2026-01-27 08:00:00,2.5,-0.6,94
2026-01-27 09:00:00,3.3,-0.1,89
2026-01-27 10:00:00,4.3,1.3,85
2026-01-27 11:00:00,5.2,2.6,81
2026-01-27 12:00:00,6.1,3.8,76
2026-01-27 13:00:00,6.8,4.6,74
2026-01-27 14:00:00,6.4,4.2,73
2026-01-27 15:00:00,6.8,4.8,71
2026-01-27 16:00:00,6.8,4.7,70
2026-01-27 17:00:00,6.8,4.5,70
2026-01-27 18:00:00,6.3,4.6,82
2026-01-27 19:00:00,6.1,4.1,81
2026-01-27 20:00:00,5.3,3.6,84
2026-01-27 21:00:00,4.9,3.0,87
2026-01-27 22:00:00,4.6,2.1,86
2026-01-27 23:00:00,4.3,1.6,86
2026-01-28 00:00:00,3.2,1.0,89
2026-01-28 01:00:00,3.1,0.6,90
2026-01-28 02:00:00,2.7,0.4,94
2026-01-28 03:00:00,2.2,-0.1,96
2026-01-28 04:00:00,2.2,0.3,96
2026-01-28 05:00:00,1.7,-0.3,98
2026-01-28 06:00:00,1.4,-0.6,99
2026-01-28 07:00:00,0.8,-1.5,100
2026-01-28 08:00:00,0.1,-2.3,100
2026-01-28 09:00:00,2.2,0.2,99
2026-01-28 10:00:00,4.3,2.7,97
2026-01-28 11:00:00,6.8,5.0,81
2026-01-28 12:00:00,8.0,5.7,67
2026-01-28 13:00:00,8.2,6.0,65
2026-01-28 14:00:00,8.4,6.1,63
2026-01-28 15:00:00,8.7,6.4,62
2026-01-28 16:00:00,8.8,6.3,61
2026-01-28 17:00:00,8.4,5.6,62
2026-01-28 18:00:00,7.2,4.8,73
2026-01-28 19:00:00,6.2,3.7,76
2026-01-28 20:00:00,6.6,4.0,79
2026-01-28 21:00:00,6.0,3.2,79
2026-01-28 22:00:00,5.3,2.4,79
2026-01-28 23:00:00,4.9,1.9,81
2026-01-29 00:00:00,4.7,1.5,83
2026-01-29 01:00:00,4.3,1.4,84
2026-01-29 02:00:00,4.3,1.3,83
2026-01-29 03:00:00,4.2,1.1,84
2026-01-29 04:00:00,3.8,0.6,86
2026-01-29 05:00:00,4.1,0.7,85
2026-01-29 06:00:00,4.1,0.7,84
2026-01-29 07:00:00,4.2,0.9,84
2026-01-29 08:00:00,4.4,1.2,84
2026-01-29 09:00:00,4.9,2.1,86
2026-01-29 10:00:00,5.5,2.8,84
2026-01-29 11:00:00,6.6,3.9,79
2026-01-29 12:00:00,7.7,4.8,75
2026-01-29 13:00:00,8.1,5.1,74
2026-01-29 14:00:00,7.4,4.8,79
2026-01-29 15:00:00,7.4,4.7,83
2026-01-29 16:00:00,7.5,4.9,86
2026-01-29 17:00:00,7.1,4.2,90
2026-01-29 18:00:00,6.6,3.6,91
2026-01-29 19:00:00,6.2,2.9,91
2026-01-29 20:00:00,4.8,1.3,95
2026-01-29 21:00:00,4.6,1.0,95
2026-01-29 22:00:00,4.4,0.7,94
2026-01-29 23:00:00,4.3,0.6,95
2026-01-30 00:00:00,4.2,0.4,95
2026-01-30 01:00:00,4.1,0.5,96
2026-01-30 02:00:00,4.1,0.9,96
2026-01-30 03:00:00,4.0,0.6,96
2026-01-30 04:00:00,3.7,0.2,96
2026-01-30 05:00:00,3.5,-0.0,96
2026-01-30 06:00:00,3.5,-0.3,93
2026-01-30 07:00:00,3.2,-0.5,92
2026-01-30 08:00:00,3.0,-0.8,91
2026-01-30 09:00:00,3.1,-0.9,89
2026-01-30 10:00:00,3.7,-0.4,85
2026-01-30 11:00:00,4.0,-0.2,82
2026-01-30 12:00:00,4.6,0.2,78
2026-01-30 13:00:00,4.8,0.6,77
2026-01-30 14:00:00,4.2,0.3,79
2026-01-30 15:00:00,3.8,-0.1,82
2026-01-30 16:00:00,3.9,-0.2,83
2026-01-30 17:00:00,3.6,-0.2,86
2026-01-30 18:00:00,3.2,-0.7,90
2026-01-30 19:00:00,3.0,-1.0,91
2026-01-30 20:00:00,3.1,-0.6,92
2026-01-30 21:00:00,3.0,-0.6,91
2026-01-30 22:00:00,3.0,-0.5,92
2026-01-30 23:00:00,3.0,-0.6,91
2026-01-31 00:00:00,2.8,-0.6,91
2026-01-31 01:00:00,2.7,-1.0,90
2026-01-31 02:00:00,2.8,-0.5,91
2026-01-31 03:00:00,2.5,-0.8,91
2026-01-31 04:00:00,2.3,-0.9,92
2026-01-31 05:00:00,2.2,-1.1,91
2026-01-31 06:00:00,2.0,-1.3,91
2026-01-31 07:00:00,1.7,-1.7,92
2026-01-31 08:00:00,2.2,-1.1,90
2026-01-31 09:00:00,2.5,-0.6,88
2026-01-31 10:00:00,3.2,0.1,84
2026-01-31 11:00:00,4.0,1.1,81
2026-01-31 12:00:00,4.7,2.3,77
2026-01-31 13:00:00,5.4,3.2,75
2026-01-31 14:00:00,4.8,2.5,74
2026-01-31 15:00:00,5.4,3.0,73
2026-01-31 16:00:00,5.8,3.0,71
2026-01-31 17:00:00,5.7,2.9,69
2026-01-31 18:00:00,5.5,3.6,80
2026-01-31 19:00:00,5.2,3.3,80
2026-01-31 20:00:00,4.9,2.7,77
2026-01-31 21:00:00,4.3,2.1,83
2026-01-31 22:00:00,4.1,1.7,85
2026-01-31 23:00:00,3.0,0.6,90
2026-02-01 00:00:00,2.7,0.1,90
2026-02-01 01:00:00,2.2,-0.3,92
2026-02-01 02:00:00,2.0,-0.5,94
2026-02-01 03:00:00,2.0,-0.6,94
2026-02-01 04:00:00,1.7,-0.9,94
2026-02-01 05:00:00,1.2,-1.3,95
2026-02-01 06:00:00,0.6,-1.8,96
2026-02-01 07:00:00,0.3,-2.3,96
2026-02-01 08:00:00,1.4,-1.3,96
2026-02-01 09:00:00,2.5,0.5,92
2026-02-01 10:00:00,4.2,2.3,87
2026-02-01 11:00:00,6.1,4.3,79
2026-02-01 12:00:00,7.5,5.4,68
2026-02-01 13:00:00,8.2,5.9,64
2026-02-01 14:00:00,7.8,5.7,64
2026-02-01 15:00:00,8.6,6.6,62
2026-02-01 16:00:00,8.8,6.5,60
2026-02-01 17:00:00,8.3,5.4,62
2026-02-01 18:00:00,6.6,3.8,73
2026-02-01 19:00:00,5.8,3.3,77
2026-02-01 20:00:00,5.7,3.3,81
2026-02-01 21:00:00,5.3,2.9,83
2026-02-01 22:00:00,5.0,2.3,84
2026-02-01 23:00:00,4.6,2.0,85
2026-02-02 00:00:00,3.7,1.2,87
2026-02-02 01:00:00,3.1,0.6,88
2026-02-02 02:00:00,3.0,0.6,91
2026-02-02 03:00:00,2.5,0.0,92
2026-02-02 04:00:00,2.5,0.2,92
2026-02-02 05:00:00,2.0,-0.0,93
2026-02-02 06:00:00,1.9,-0.2,93
2026-02-02 07:00:00,2.0,-0.1,94
2026-02-02 08:00:00,2.3,0.4,98
2026-02-02 09:00:00,3.5,1.6,97
2026-02-02 10:00:00,5.5,4.1,92
2026-02-02 11:00:00,7.7,6.3,81
2026-02-02 12:00:00,9.3,8.1,74
2026-02-02 13:00:00,10.6,9.6,68
2026-02-02 14:00:00,10.8,9.7,64
2026-02-02 15:00:00,11.5,9.6,59
2026-02-02 16:00:00,11.6,9.5,55
2026-02-02 17:00:00,11.0,9.1,59
2026-02-02 18:00:00,8.6,6.6,71
2026-02-02 19:00:00,7.9,5.8,69
2026-02-02 20:00:00,7.7,5.6,69
2026-02-02 21:00:00,7.4,5.4,69
2026-02-02 22:00:00,7.0,4.9,69
2026-02-02 23:00:00,6.0,3.5,74
2026-02-03 00:00:00,5.4,2.9,77
2026-02-03 01:00:00,4.8,2.2,79
2026-02-03 02:00:00,4.8,2.0,81
2026-02-03 03:00:00,5.2,2.6,83
2026-02-03 04:00:00,5.2,2.5,84
2026-02-03 05:00:00,4.6,1.8,85
2026-02-03 06:00:00,4.9,2.2,84
2026-02-03 07:00:00,5.4,2.8,82
2026-02-03 08:00:00,5.7,2.7,82
2026-02-03 09:00:00,6.7,3.7,80
2026-02-03 10:00:00,7.8,5.3,75
2026-02-03 11:00:00,8.8,5.8,70
2026-02-03 12:00:00,9.8,6.9,66
2026-02-03 13:00:00,11.3,8.5,59
2026-02-03 14:00:00,10.6,7.7,60
2026-02-03 15:00:00,10.9,8.3,60
2026-02-03 16:00:00,10.8,8.4,62
2026-02-03 17:00:00,10.6,8.7,67
2026-02-03 18:00:00,9.7,7.9,73
2026-02-03 19:00:00,9.2,7.1,73
2026-02-03 20:00:00,8.9,6.8,77
2026-02-03 21:00:00,8.4,6.5,79
2026-02-03 22:00:00,7.7,5.9,82
2026-02-03 23:00:00,6.9,5.1,81
2026-02-04 00:00:00,6.3,4.4,82
2026-02-04 01:00:00,5.8,4.0,83
2026-02-04 02:00:00,5.8,3.9,83
2026-02-04 03:00:00,5.4,3.6,84
2026-02-04 04:00:00,4.9,3.0,85
2026-02-04 05:00:00,4.4,2.5,87
2026-02-04 06:00:00,3.8,1.7,90
2026-02-04 07:00:00,3.6,1.5,91
2026-02-04 08:00:00,4.3,2.3,93
2026-02-04 09:00:00,6.5,4.6,87
2026-02-04 10:00:00,7.5,6.0,85
2026-02-04 11:00:00,8.9,7.5,81
2026-02-04 12:00:00,10.9,9.7,72
2026-02-04 13:00:00,11.5,10.0,67
2026-02-04 14:00:00,10.8,9.2,70
2026-02-04 15:00:00,10.5,8.9,74
2026-02-04 16:00:00,10.2,8.9,77
2026-02-04 17:00:00,10.1,9.0,80
2026-02-04 18:00:00,9.6,8.6,86
2026-02-04 19:00:00,9.4,8.3,87
2026-02-04 20:00:00,8.7,7.9,93
2026-02-04 21:00:00,8.8,7.8,92
2026-02-04 22:00:00,8.7,8.0,94
2026-02-04 23:00:00,8.2,7.5,94
2026-02-05 00:00:00,7.4,6.6,97
2026-02-05 01:00:00,6.8,5.8,98
2026-02-05 02:00:00,7.2,6.3,100
2026-02-05 03:00:00,6.8,5.6,99
2026-02-05 04:00:00,6.3,4.9,100
2026-02-05 05:00:00,5.9,4.6,99
2026-02-05 06:00:00,5.8,4.4,100
2026-02-05 07:00:00,5.3,3.8,99
2026-02-05 08:00:00,4.8,3.4,100
2026-02-05 09:00:00,6.3,5.1,99
2026-02-05 10:00:00,8.6,7.4,98
2026-02-05 11:00:00,10.9,10.1,86
2026-02-05 12:00:00,12.9,12.5,78
2026-02-05 13:00:00,14.4,14.7,69
2026-02-05 14:00:00,13.8,13.2,69
2026-02-05 15:00:00,14.4,13.7,67
2026-02-05 16:00:00,14.0,12.9,70
2026-02-05 17:00:00,13.0,11.8,77
2026-02-05 18:00:00,11.9,10.9,83
2026-02-05 19:00:00,11.5,11.0,87
2026-02-05 20:00:00,10.4,9.5,93
2026-02-05 21:00:00,10.1,8.8,93
2026-02-05 22:00:00,10.2,9.1,92
2026-02-05 23:00:00,10.2,9.1,90
2026-02-06 00:00:00,9.8,7.9,89
2026-02-06 01:00:00,9.8,8.0,89
2026-02-06 02:00:00,9.9,8.5,90
2026-02-06 03:00:00,9.9,8.1,92
2026-02-06 04:00:00,9.6,7.8,93
2026-02-06 05:00:00,9.1,7.2,94
2026-02-06 06:00:00,8.9,6.6,92
2026-02-06 07:00:00,9.4,7.2,88
2026-02-06 08:00:00,9.5,7.3,88
2026-02-06 09:00:00,9.4,6.8,90
2026-02-06 10:00:00,8.8,5.6,90
2026-02-06 11:00:00,7.8,4.3,90
2026-02-06 12:00:00,7.6,4.2,90
2026-02-06 13:00:00,7.5,4.3,89
2026-02-06 14:00:00,6.2,2.6,91
2026-02-06 15:00:00,6.3,2.8,87
2026-02-06 16:00:00,6.4,2.6,81
2026-02-06 17:00:00,6.2,2.4,75
2026-02-06 18:00:00,5.7,1.8,75
2026-02-06 19:00:00,4.8,0.7,77
2026-02-06 20:00:00,4.1,0.1,82
2026-02-06 21:00:00,3.6,-0.3,82
2026-02-06 22:00:00,3.3,-0.6,82
2026-02-06 23:00:00,3.2,-0.4,82
2026-02-07 00:00:00,3.2,-0.6,82
2026-02-07 01:00:00,3.0,-0.9,81
2026-02-07 02:00:00,3.0,-0.6,84
2026-02-07 03:00:00,3.1,-0.1,83
2026-02-07 04:00:00,3.1,-0.2,83
2026-02-07 05:00:00,3.0,-0.6,82
2026-02-07 06:00:00,2.7,-1.0,81
2026-02-07 07:00:00,2.2,-1.7,82
2026-02-07 08:00:00,2.2,-1.7,87
2026-02-07 09:00:00,2.7,-1.5,84
2026-02-07 10:00:00,4.4,0.2,73
2026-02-07 11:00:00,5.9,2.1,68
2026-02-07 12:00:00,7.6,3.6,60
2026-02-07 13:00:00,8.1,4.3,55
2026-02-07 14:00:00,8.1,4.1,52
2026-02-07 15:00:00,8.1,3.6,49
2026-02-07 16:00:00,6.9,2.3,52
2026-02-07 17:00:00,5.9,1.7,56
2026-02-07 18:00:00,5.3,1.4,60
2026-02-07 19:00:00,4.5,0.5,63
2026-02-07 20:00:00,4.2,0.3,66
2026-02-07 21:00:00,3.3,-0.5,69
2026-02-07 22:00:00,2.6,-1.4,71
2026-02-07 23:00:00,2.0,-2.1,72
2026-02-08 00:00:00,1.5,-2.6,73
2026-02-08 01:00:00,1.0,-3.0,75
2026-02-08 02:00:00,0.9,-2.8,79
2026-02-08 03:00:00,0.6,-3.0,81
2026-02-08 04:00:00,0.3,-3.2,82
2026-02-08 05:00:00,0.1,-3.2,84
2026-02-08 06:00:00,-0.2,-3.3,86
2026-02-08 07:00:00,-0.3,-3.5,86
2026-02-08 08:00:00,0.5,-2.7,86
2026-02-08 09:00:00,1.6,-1.3,82
2026-02-08 10:00:00,3.4,0.6,72
2026-02-08 11:00:00,4.8,1.9,62
2026-02-08 12:00:00,5.9,3.6,57
2026-02-08 13:00:00,6.8,4.8,51
2026-02-08 14:00:00,7.0,5.0,48
2026-02-08 15:00:00,7.7,4.9,48
2026-02-08 16:00:00,7.6,4.5,48
2026-02-08 17:00:00,7.2,4.1,51
2026-02-08 18:00:00,5.8,3.2,65
2026-02-08 19:00:00,5.0,2.4,65
2026-02-08 20:00:00,4.3,1.6,70
2026-02-08 21:00:00,4.0,1.1,72
2026-02-08 22:00:00,4.1,0.9,71
2026-02-08 23:00:00,3.7,0.2,72
2026-02-09 00:00:00,3.0,-0.7,72
2026-02-09 01:00:00,2.5,-1.3,71
2026-02-09 02:00:00,2.4,-1.8,70
2026-02-09 03:00:00,2.2,-1.7,70
2026-02-09 04:00:00,1.8,-2.0,71
2026-02-09 05:00:00,1.6,-2.3,70
2026-02-09 06:00:00,2.0,-2.1,66
2026-02-09 07:00:00,2.1,-2.1,64
2026-02-09 08:00:00,2.5,-1.6,64
2026-02-09 09:00:00,3.0,-0.8,63
2026-02-09 10:00:00,3.1,-0.6,65
2026-02-09 11:00:00,3.3,-0.3,67
2026-02-09 12:00:00,4.0,0.4,68
2026-02-09 13:00:00,4.3,0.7,68
2026-02-09 14:00:00,4.7,1.2,69
2026-02-09 15:00:00,4.8,1.6,69
2026-02-09 16:00:00,5.2,1.9,67
2026-02-09 17:00:00,5.1,1.7,67
2026-02-09 18:00:00,4.2,1.4,75
2026-02-09 19:00:00,3.7,0.9,78
2026-02-09 20:00:00,3.4,1.1,87
2026-02-09 21:00:00,3.2,0.6,88
2026-02-09 22:00:00,3.3,0.8,88
2026-02-09 23:00:00,3.3,0.8,89
2026-02-10 00:00:00,3.2,0.6,90
2026-02-10 01:00:00,3.0,0.7,91
2026-02-10 02:00:00,4.0,1.7,93
2026-02-10 03:00:00,4.1,1.7,92
2026-02-10 04:00:00,4.1,1.6,91
2026-02-10 05:00:00,4.0,1.6,89
2026-02-10 06:00:00,3.8,1.7,90
2026-02-10 07:00:00,3.8,1.8,91
2026-02-10 08:00:00,2.2,0.1,97
2026-02-10 09:00:00,3.7,1.5,92
2026-02-10 10:00:00,5.0,2.8,84
2026-02-10 11:00:00,5.9,3.5,80
2026-02-10 12:00:00,6.7,4.0,75
2026-02-10 13:00:00,7.8,5.1,71
2026-02-10 14:00:00,7.7,5.6,71
2026-02-10 15:00:00,9.1,6.7,65
2026-02-10 16:00:00,9.4,7.1,64
2026-02-10 17:00:00,9.2,6.7,66
2026-02-10 18:00:00,7.6,5.0,76
2026-02-10 19:00:00,6.6,3.8,79
2026-02-10 20:00:00,5.6,3.1,89
2026-02-10 21:00:00,5.1,2.9,91
2026-02-10 22:00:00,4.1,2.1,94
2026-02-10 23:00:00,3.7,1.7,95
2026-02-11 00:00:00,3.2,1.3,96
2026-02-11 01:00:00,3.0,1.1,97
2026-02-11 02:00:00,2.3,0.1,99
2026-02-11 03:00:00,2.3,0.2,99
2026-02-11 04:00:00,2.5,0.6,100
2026-02-11 05:00:00,2.5,0.3,100
2026-02-11 06:00:00,2.5,0.3,100
2026-02-11 07:00:00,2.7,-0.0,99
2026-02-11 08:00:00,2.5,-0.2,99
2026-02-11 09:00:00,3.5,1.4,98
2026-02-11 10:00:00,4.5,2.7,93
2026-02-11 11:00:00,6.0,4.3,91
2026-02-11 12:00:00,8.1,6.7,82
2026-02-11 13:00:00,9.9,9.6,77
2026-02-11 14:00:00,10.2,9.5,72
2026-02-11 15:00:00,11.2,9.6,62
2026-02-11 16:00:00,11.5,9.4,56
2026-02-11 17:00:00,11.2,9.4,60
2026-02-11 18:00:00,9.7,8.2,68
2026-02-11 19:00:00,8.4,6.7,72
2026-02-11 20:00:00,8.1,5.9,75
2026-02-11 21:00:00,6.8,4.6,78
2026-02-11 22:00:00,6.1,3.7,80
2026-02-11 23:00:00,5.8,3.3,79
2026-02-12 00:00:00,6.0,3.4,76
2026-02-12 01:00:00,5.8,3.2,75
2026-02-12 02:00:00,5.1,2.5,80
2026-02-12 03:00:00,4.9,2.3,81
2026-02-12 04:00:00,4.8,2.1,83
2026-02-12 05:00:00,4.1,1.6,86
2026-02-12 06:00:00,4.2,1.4,87
2026-02-12 07:00:00,3.9,1.1,87
2026-02-12 08:00:00,4.2,1.4,88
2026-02-12 09:00:00,5.8,3.4,85
2026-02-12 10:00:00,8.1,6.4,81
2026-02-12 11:00:00,10.8,9.2,71
2026-02-12 12:00:00,12.6,11.2,62
2026-02-12 13:00:00,13.6,11.8,59
2026-02-12 14:00:00,14.6,12.6,54
2026-02-12 15:00:00,15.1,13.1,51
2026-02-12 16:00:00,15.0,13.0,51
2026-02-12 17:00:00,14.4,13.3,62
2026-02-12 18:00:00,12.4,11.3,65
2026-02-12 19:00:00,11.0,9.6,69
2026-02-12 20:00:00,10.9,9.6,65
2026-02-12 21:00:00,10.0,8.4,70
2026-02-12 22:00:00,8.8,6.9,78
2026-02-12 23:00:00,8.1,6.1,81
2026-02-13 00:00:00,7.4,5.1,83
2026-02-13 01:00:00,6.7,4.4,85
2026-02-13 02:00:00,6.3,4.1,86
2026-02-13 03:00:00,5.7,3.7,89
2026-02-13 04:00:00,5.3,3.3,89
2026-02-13 05:00:00,5.6,3.3,89
2026-02-13 06:00:00,5.0,2.9,90
2026-02-13 07:00:00,4.8,3.0,90
2026-02-13 08:00:00,6.2,4.3,92
2026-02-13 09:00:00,7.9,6.3,90
2026-02-13 10:00:00,10.0,8.7,85
2026-02-13 11:00:00,12.1,11.0,80
2026-02-13 12:00:00,13.8,13.5,74
2026-02-13 13:00:00,15.1,15.0,68
2026-02-13 14:00:00,15.9,15.4,65
2026-02-13 15:00:00,16.6,15.4,61
2026-02-13 16:00:00,16.7,15.4,60
2026-02-13 17:00:00,16.2,15.6,65
2026-02-13 18:00:00,14.2,13.7,73
2026-02-13 19:00:00,12.9,12.0,76
2026-02-13 20:00:00,12.4,11.0,77
2026-02-13 21:00:00,11.9,10.5,80
2026-02-13 22:00:00,11.1,9.7,83
2026-02-13 23:00:00,10.1,8.7,86
2026-02-14 00:00:00,9.4,7.9,86
2026-02-14 01:00:00,8.9,7.3,86
2026-02-14 02:00:00,8.3,6.7,88
2026-02-14 03:00:00,8.2,6.7,88
2026-02-14 04:00:00,7.8,6.3,90
2026-02-14 05:00:00,7.4,6.0,92
2026-02-14 06:00:00,7.6,5.9,93
2026-02-14 07:00:00,7.8,6.2,94
2026-02-14 08:00:00,8.2,6.6,96
2026-02-14 09:00:00,9.9,8.7,95
2026-02-14 10:00:00,12.1,11.6,87
2026-02-14 11:00:00,14.4,14.0,80
2026-02-14 12:00:00,16.1,16.4,75
2026-02-14 13:00:00,17.6,18.3,69
2026-02-14 14:00:00,18.8,19.2,65
2026-02-14 15:00:00,19.5,19.3,62
2026-02-14 16:00:00,19.6,19.3,62
2026-02-14 17:00:00,19.0,19.4,69
2026-02-14 18:00:00,16.7,17.0,76
2026-02-14 19:00:00,15.8,15.6,77
2026-02-14 20:00:00,15.1,14.2,78
2026-02-14 21:00:00,15.1,14.0,76
2026-02-14 22:00:00,14.8,13.6,77
2026-02-14 23:00:00,14.1,12.9,81
2026-02-15 00:00:00,13.6,12.5,84
2026-02-15 01:00:00,13.2,12.1,87
2026-02-15 02:00:00,12.8,11.6,89
2026-02-15 03:00:00,12.4,11.2,91
2026-02-15 04:00:00,12.1,10.7,91
2026-02-15 05:00:00,11.8,10.4,92
2026-02-15 06:00:00,11.5,10.1,92
2026-02-15 07:00:00,11.2,9.6,92
2026-02-15 08:00:00,11.4,9.8,91
2026-02-15 09:00:00,13.0,11.6,88
2026-02-15 10:00:00,13.9,12.7,86
2026-02-15 11:00:00,15.8,15.1,77
2026-02-15 12:00:00,17.9,17.0,69
2026-02-15 13:00:00,19.2,18.4,62
2026-02-15 14:00:00,17.6,15.5,60
2026-02-15 15:00:00,17.5,15.2,58
2026-02-15 16:00:00,16.4,13.6,60
2026-02-15 17:00:00,14.1,10.7,66
2026-02-15 18:00:00,11.4,7.5,76
2026-02-15 19:00:00,10.2,6.4,82
2026-02-15 20:00:00,10.0,5.5,80
2026-02-15 21:00:00,8.6,3.3,76
2026-02-15 22:00:00,7.3,1.8,66
2026-02-15 23:00:00,6.8,1.1,64
2026-02-16 00:00:00,6.3,0.6,65
2026-02-16 01:00:00,5.7,0.1,72
2026-02-16 02:00:00,4.9,-0.1,78
2026-02-16 03:00:00,4.8,-0.9,72
2026-02-16 04:00:00,4.2,-1.2,77
2026-02-16 05:00:00,3.8,-1.4,81
2026-02-16 06:00:00,3.6,-1.2,83
2026-02-16 07:00:00,3.0,-1.8,84
2026-02-16 08:00:00,3.2,-1.6,86
2026-02-16 09:00:00,3.2,-1.7,84
2026-02-16 10:00:00,3.5,-1.5,80
2026-02-16 11:00:00,4.1,-1.0,74
2026-02-16 12:00:00,4.3,-0.7,74
2026-02-16 13:00:00,4.1,-0.6,77
2026-02-16 14:00:00,2.8,-1.9,84
2026-02-16 15:00:00,2.8,-2.1,80
2026-02-16 16:00:00,2.5,-2.4,81
2026-02-16 17:00:00,2.2,-2.5,83
2026-02-16 18:00:00,2.2,-2.3,83
2026-02-16 19:00:00,2.1,-1.9,84
2026-02-16 20:00:00,2.3,-1.5,81
2026-02-16 21:00:00,1.9,-1.8,82
2026-02-16 22:00:00,2.0,-2.1,79
2026-02-16 23:00:00,1.9,-2.0,79
2026-02-17 00:00:00,1.9,-1.8,78
2026-02-17 01:00:00,1.9,-1.6,78
2026-02-17 02:00:00,2.3,-0.7,83
2026-02-17 03:00:00,2.2,-0.4,84
2026-02-17 04:00:00,1.9,-0.9,85
2026-02-17 05:00:00,1.7,-1.2,86
2026-02-17 06:00:00,1.6,-1.0,86
2026-02-17 07:00:00,1.5,-1.4,87
2026-02-17 08:00:00,1.4,-1.5,88
2026-02-17 09:00:00,1.7,-1.0,87
2026-02-17 10:00:00,3.0,0.4,82
2026-02-17 11:00:00,3.9,1.8,79
2026-02-17 12:00:00,5.6,3.2,74
2026-02-17 13:00:00,6.5,4.0,71
2026-02-17 14:00:00,6.2,3.4,72
2026-02-17 15:00:00,6.6,3.9,71
2026-02-17 16:00:00,6.8,4.3,70
2026-02-17 17:00:00,6.9,4.6,69
2026-02-17 18:00:00,6.8,4.7,75
2026-02-17 19:00:00,6.2,4.0,79
2026-02-17 20:00:00,5.4,2.9,80
2026-02-17 21:00:00,5.1,2.5,82
2026-02-17 22:00:00,4.3,2.0,86
2026-02-17 23:00:00,4.1,1.7,87
2026-02-18 00:00:00,3.6,1.4,88
2026-02-18 01:00:00,3.2,0.7,89
2026-02-18 02:00:00,3.3,1.1,90
2026-02-18 03:00:00,2.8,0.4,91
2026-02-18 04:00:00,2.5,0.0,91
2026-02-18 05:00:00,2.2,-0.3,91
2026-02-18 06:00:00,2.1,-0.0,92
2026-02-18 07:00:00,2.2,0.1,92
2026-02-18 08:00:00,3.0,0.9,97
2026-02-18 09:00:00,4.2,2.3,94
2026-02-18 10:00:00,6.2,4.2,85
2026-02-18 11:00:00,7.7,5.9,80
2026-02-18 12:00:00,9.1,7.6,75
2026-02-18 13:00:00,9.9,8.4,72
2026-02-18 14:00:00,10.4,9.3,68
2026-02-18 15:00:00,11.4,9.9,64
2026-02-18 16:00:00,11.1,9.4,61
2026-02-18 17:00:00,11.0,9.2,60
2026-02-18 18:00:00,9.6,8.1,74
2026-02-18 19:00:00,8.2,6.4,77
2026-02-18 20:00:00,7.9,6.2,82
2026-02-18 21:00:00,8.2,6.2,78
2026-02-18 22:00:00,8.1,6.0,76
2026-02-18 23:00:00,7.9,6.2,80
2026-02-19 00:00:00,7.9,6.4,79
2026-02-19 01:00:00,7.7,6.2,80
2026-02-19 02:00:00,7.7,6.3,82
2026-02-19 03:00:00,7.7,6.3,82
2026-02-19 04:00:00,7.6,6.2,82
2026-02-19 05:00:00,7.2,5.5,85
2026-02-19 06:00:00,6.6,5.0,89
2026-02-19 07:00:00,6.4,5.0,89
2026-02-19 08:00:00,7.1,5.5,90
2026-02-19 09:00:00,8.1,6.7,88
2026-02-19 10:00:00,9.5,8.2,80
2026-02-19 11:00:00,11.8,10.5,69
2026-02-19 12:00:00,13.4,12.6,62
2026-02-19 13:00:00,14.4,13.8,56
2026-02-19 14:00:00,15.0,13.8,51
2026-02-19 15:00:00,15.7,13.8,48
2026-02-19 16:00:00,15.8,13.2,47
2026-02-19 17:00:00,15.1,13.0,53
2026-02-19 18:00:00,13.1,11.1,64
2026-02-19 19:00:00,11.7,9.2,69
2026-02-19 20:00:00,10.8,8.1,71
2026-02-19 21:00:00,10.1,7.5,74
2026-02-19 22:00:00,9.3,6.7,77
2026-02-19 23:00:00,8.6,5.9,79
2026-02-20 00:00:00,7.9,5.4,84
2026-02-20 01:00:00,7.6,5.0,88
2026-02-20 02:00:00,7.7,5.1,91
2026-02-20 03:00:00,7.6,5.1,91
2026-02-20 04:00:00,7.2,4.8,92
2026-02-20 05:00:00,7.0,4.5,92
2026-02-20 06:00:00,6.8,4.3,92
2026-02-20 07:00:00,6.6,4.0,92
2026-02-20 08:00:00,7.0,4.5,92
2026-02-20 09:00:00,8.6,6.7,89
2026-02-20 10:00:00,10.8,9.1,80
2026-02-20 11:00:00,12.9,11.3,72
2026-02-20 12:00:00,14.8,13.5,64
2026-02-20 13:00:00,16.4,15.2,59
2026-02-20 14:00:00,16.9,15.5,60
2026-02-20 15:00:00,17.7,16.0,58
2026-02-20 16:00:00,18.0,16.0,56
2026-02-20 17:00:00,17.5,16.2,61
2026-02-20 18:00:00,15.8,14.6,68
2026-02-20 19:00:00,14.6,13.4,71
2026-02-20 20:00:00,14.1,12.7,73
2026-02-20 21:00:00,12.6,11.3,80
2026-02-20 22:00:00,11.2,9.9,84
2026-02-20 23:00:00,10.9,9.4,82
2026-02-21 00:00:00,10.4,8.6,81
2026-02-21 01:00:00,9.6,7.7,82
2026-02-21 02:00:00,9.1,7.2,83
2026-02-21 03:00:00,8.8,6.7,84
2026-02-21 04:00:00,8.4,6.3,84
2026-02-21 05:00:00,8.1,5.8,85
2026-02-21 06:00:00,7.9,5.4,85
2026-02-21 07:00:00,7.9,5.4,84
2026-02-21 08:00:00,8.4,5.9,84
2026-02-21 09:00:00,10.6,8.7,79
2026-02-21 10:00:00,13.3,11.9,73
2026-02-21 11:00:00,16.2,15.3,65
2026-02-21 12:00:00,18.5,18.4,59
2026-02-21 13:00:00,20.3,20.5,54
2026-02-21 14:00:00,21.8,21.5,51
2026-02-21 15:00:00,22.4,21.6,50
2026-02-21 16:00:00,22.5,21.3,48
2026-02-21 17:00:00,21.4,21.2,57
2026-02-21 18:00:00,18.9,19.1,68
2026-02-21 19:00:00,17.4,17.3,71
2026-02-21 20:00:00,16.4,16.2,74
2026-02-21 21:00:00,15.6,15.0,79
2026-02-21 22:00:00,14.5,14.4,84
2026-02-21 23:00:00,13.8,13.6,86
2026-02-22 00:00:00,13.4,13.1,87
2026-02-22 01:00:00,12.8,12.3,89
2026-02-22 02:00:00,12.1,11.6,91
2026-02-22 03:00:00,11.6,11.4,93
2026-02-22 04:00:00,11.5,11.1,93
2026-02-22 05:00:00,10.8,10.3,94
2026-02-22 06:00:00,10.6,9.6,94
2026-02-22 07:00:00,10.5,9.2,93
2026-02-22 08:00:00,11.3,10.2,95
2026-02-22 09:00:00,13.7,13.4,90
2026-02-22 10:00:00,16.5,16.6,82
2026-02-22 11:00:00,19.5,19.3,67
2026-02-22 12:00:00,21.5,19.4,39
2026-02-22 13:00:00,22.1,19.7,33
2026-02-22 14:00:00,22.6,20.0,29
2026-02-22 15:00:00,22.8,19.6,27
2026-02-22 16:00:00,22.2,19.3,32
2026-02-22 17:00:00,20.8,17.9,36
2026-02-22 18:00:00,18.2,15.2,40
2026-02-22 19:00:00,16.3,13.1,43
2026-02-22 20:00:00,15.7,11.8,40
2026-02-22 21:00:00,14.9,11.2,43
2026-02-22 22:00:00,14.3,11.2,52
2026-02-22 23:00:00,13.9,11.5,61
2026-02-23 00:00:00,13.4,11.1,64
2026-02-23 01:00:00,12.9,10.3,63
2026-02-23 02:00:00,13.4,10.5,59
2026-02-23 03:00:00,13.0,10.1,58
2026-02-23 04:00:00,12.8,9.6,57
2026-02-23 05:00:00,12.9,9.6,55
2026-02-23 06:00:00,13.1,9.7,57
2026-02-23 07:00:00,13.3,10.2,60
2026-02-23 08:00:00,12.9,10.1,64
2026-02-23 09:00:00,13.8,12.0,68
2026-02-23 10:00:00,13.7,11.7,74
2026-02-23 11:00:00,12.5,10.8,86
2026-02-23 12:00:00,12.5,10.9,87
2026-02-23 13:00:00,13.6,12.9,87
2026-02-23 14:00:00,13.2,12.4,86
2026-02-23 15:00:00,13.3,12.7,89
2026-02-23 16:00:00,13.8,13.2,91
2026-02-23 17:00:00,13.2,12.4,94
2026-02-23 18:00:00,12.2,10.8,94
2026-02-23 19:00:00,11.5,9.5,95
2026-02-23 20:00:00,8.9,5.9,92
2026-02-23 21:00:00,8.3,5.0,93
2026-02-23 22:00:00,8.1,5.3,93
2026-02-23 23:00:00,7.9,4.7,93
2026-02-24 00:00:00,7.9,4.7,91
2026-02-24 01:00:00,7.8,4.3,91
2026-02-24 02:00:00,7.8,4.5,88
2026-02-24 03:00:00,7.6,4.3,86
2026-02-24 04:00:00,7.6,4.3,85
2026-02-24 05:00:00,7.6,4.1,86
2026-02-24 06:00:00,7.5,4.2,86
2026-02-24 07:00:00,7.2,4.2,85
2026-02-24 08:00:00,7.3,3.9,82
2026-02-24 09:00:00,7.9,4.2,79
2026-02-24 10:00:00,8.9,5.3,75
2026-02-24 11:00:00,10.1,6.9,70
2026-02-24 12:00:00,11.0,8.0,67
2026-02-24 13:00:00,11.9,9.0,64
2026-02-24 14:00:00,11.1,8.4,66
2026-02-24 15:00:00,11.1,8.4,66
2026-02-24 16:00:00,11.6,9.1,64
2026-02-24 17:00:00,11.5,9.1,63
2026-02-24 18:00:00,11.1,9.4,69
2026-02-24 19:00:00,10.6,8.8,73
2026-02-24 20:00:00,9.6,7.3,77
2026-02-24 21:00:00,9.1,7.2,79
2026-02-24 22:00:00,8.9,6.9,80
2026-02-24 23:00:00,8.8,6.9,80
2026-02-25 00:00:00,8.6,6.7,81
2026-02-25 01:00:00,8.4,6.8,83
2026-02-25 02:00:00,8.6,7.5,87
2026-02-25 03:00:00,8.6,7.2,85
2026-02-25 04:00:00,8.5,7.4,86
2026-02-25 05:00:00,8.4,7.2,87
2026-02-25 06:00:00,8.3,7.0,88
2026-02-25 07:00:00,8.5,7.1,89
2026-02-25 08:00:00,9.1,7.5,88
2026-02-25 09:00:00,9.6,7.9,84
2026-02-25 10:00:00,10.2,8.7,80
2026-02-25 11:00:00,11.1,9.5,76
2026-02-25 12:00:00,12.2,10.7,72
2026-02-25 13:00:00,13.2,11.6,70
2026-02-25 14:00:00,13.4,11.5,69
2026-02-25 15:00:00,13.6,12.1,69
2026-02-25 16:00:00,13.9,12.2,68
2026-02-25 17:00:00,13.9,12.8,71
2026-02-25 18:00:00,13.6,13.1,77
2026-02-25 19:00:00,12.6,11.3,81
2026-02-25 20:00:00,11.7,10.4,86
2026-02-25 21:00:00,11.2,9.6,90
2026-02-25 22:00:00,11.1,10.1,92
2026-02-25 23:00:00,11.1,10.1,93
2026-02-26 00:00:00,11.1,10.1,94
2026-02-26 01:00:00,10.9,10.1,95
2026-02-26 02:00:00,10.9,10.0,97
2026-02-26 03:00:00,10.8,9.7,96
2026-02-26 04:00:00,10.8,9.5,97
2026-02-26 05:00:00,10.6,9.6,97
2026-02-26 06:00:00,10.2,8.7,97
2026-02-26 07:00:00,9.9,8.4,97
2026-02-26 08:00:00,9.6,8.4,96
2026-02-26 09:00:00,9.7,8.5,96
2026-02-26 10:00:00,10.4,8.4,90
2026-02-26 11:00:00,11.6,9.4,85
2026-02-26 12:00:00,11.9,9.8,81
2026-02-26 13:00:00,12.9,10.6,75
2026-02-26 14:00:00,12.3,10.0,75
2026-02-26 15:00:00,12.1,9.5,74
2026-02-26 16:00:00,11.6,9.1,75
2026-02-26 17:00:00,11.1,9.0,80
2026-02-26 18:00:00,10.3,8.1,85
2026-02-26 19:00:00,10.1,7.5,84
2026-02-26 20:00:00,10.1,7.4,82
2026-02-26 21:00:00,9.4,7.3,85
2026-02-26 22:00:00,9.1,6.8,86
2026-02-26 23:00:00,8.9,6.5,87
2026-02-27 00:00:00,8.5,5.8,88
2026-02-27 01:00:00,8.1,5.5,88
2026-02-27 02:00:00,8.4,5.9,87
2026-02-27 03:00:00,8.1,5.9,88
2026-02-27 04:00:00,7.8,5.3,88
2026-02-27 05:00:00,7.9,5.4,87
2026-02-27 06:00:00,7.8,5.2,86
2026-02-27 07:00:00,7.8,5.0,85
2026-02-27 08:00:00,8.1,5.4,83
2026-02-27 09:00:00,8.9,6.3,78
2026-02-27 10:00:00,9.9,6.7,71
2026-02-27 11:00:00,10.8,7.6,68
2026-02-27 12:00:00,12.2,9.5,65
2026-02-27 13:00:00,12.8,10.5,64
2026-02-27 14:00:00,12.0,9.8,66
2026-02-27 15:00:00,12.2,10.2,66
2026-02-27 16:00:00,12.4,10.4,66
2026-02-27 17:00:00,12.2,10.5,68
2026-02-27 18:00:00,11.6,10.4,75
2026-02-27 19:00:00,11.0,9.7,79
2026-02-27 20:00:00,10.9,10.1,84
2026-02-27 21:00:00,10.9,9.9,83
2026-02-27 22:00:00,10.6,9.7,87
2026-02-27 23:00:00,10.5,9.6,87
2026-02-28 00:00:00,10.2,9.4,88
2026-02-28 01:00:00,10.1,9.1,90
2026-02-28 02:00:00,10.1,9.1,90
2026-02-28 03:00:00,9.8,8.6,92
2026-02-28 04:00:00,9.2,8.0,93
2026-02-28 05:00:00,8.5,7.4,94
2026-02-28 06:00:00,8.9,7.9,94
2026-02-28 07:00:00,9.1,7.9,94
2026-02-28 08:00:00,9.3,7.8,94
2026-02-28 09:00:00,9.9,8.4,92
2026-02-28 10:00:00,11.1,10.0,87
2026-02-28 11:00:00,12.1,11.3,81
2026-02-28 12:00:00,12.9,11.8,77
2026-02-28 13:00:00,14.2,13.1,73
2026-02-28 14:00:00,12.9,12.0,81
2026-02-28 15:00:00,13.3,12.5,81
2026-02-28 16:00:00,13.6,12.8,80
2026-02-28 17:00:00,13.2,12.6,85
2026-02-28 18:00:00,12.6,11.8,91
2026-02-28 19:00:00,12.1,11.4,95
2026-02-28 20:00:00,12.2,11.6,95
2026-02-28 21:00:00,12.0,11.5,96
2026-02-28 22:00:00,11.9,11.1,97
2026-02-28 23:00:00,11.8,11.2,96
2026-03-01 00:00:00,11.9,10.8,95
2026-03-01 01:00:00,11.7,10.5,95
2026-03-01 02:00:00,11.4,9.9,96
2026-03-01 03:00:00,11.0,9.4,96
2026-03-01 04:00:00,10.5,8.4,97
2026-03-01 05:00:00,10.1,8.0,96
2026-03-01 06:00:00,9.7,7.2,96
2026-03-01 07:00:00,9.6,7.2,95
2026-03-01 08:00:00,9.1,6.7,94
2026-03-01 09:00:00,9.2,6.6,95
2026-03-01 10:00:00,9.4,6.9,95
2026-03-01 11:00:00,9.6,6.8,95
2026-03-01 12:00:00,9.8,7.1,92
2026-03-01 13:00:00,9.6,7.5,96
2026-03-01 14:00:00,9.3,6.6,95
2026-03-01 15:00:00,9.2,6.6,95
2026-03-01 16:00:00,9.1,6.7,93
2026-03-01 17:00:00,9.1,6.6,92
2026-03-01 18:00:00,8.9,6.1,90
2026-03-01 19:00:00,8.6,5.6,90
2026-03-01 20:00:00,7.8,4.5,88
2026-03-01 21:00:00,7.3,3.9,88
2026-03-01 22:00:00,6.9,3.6,86
2026-03-01 23:00:00,6.6,3.3,86
2026-03-02 00:00:00,6.3,2.9,84
2026-03-02 01:00:00,5.9,2.5,85
2026-03-02 02:00:00,5.8,2.2,84
2026-03-02 03:00:00,5.2,1.5,85
2026-03-02 04:00:00,5.2,1.4,84
2026-03-02 05:00:00,5.2,1.6,83
2026-03-02 06:00:00,5.1,1.7,82
2026-03-02 07:00:00,4.9,1.6,82
2026-03-02 08:00:00,5.3,2.1,82
2026-03-02 09:00:00,5.7,1.9,80
2026-03-02 10:00:00,6.3,2.2,77
2026-03-02 11:00:00,6.9,2.7,75
2026-03-02 12:00:00,7.7,3.9,73
2026-03-02 13:00:00,7.9,3.9,72
2026-03-02 14:00:00,8.8,4.9,69
2026-03-02 15:00:00,8.9,5.2,69
2026-03-02 16:00:00,9.4,5.4,68
2026-03-02 17:00:00,8.6,4.7,70
2026-03-02 18:00:00,7.7,3.9,74
2026-03-02 19:00:00,7.1,3.7,78
2026-03-02 20:00:00,6.8,3.4,81
2026-03-02 21:00:00,6.5,3.3,82
2026-03-02 22:00:00,6.4,3.4,83
2026-03-02 23:00:00,6.3,3.3,84
2026-03-03 00:00:00,6.4,3.3,85
2026-03-03 01:00:00,6.4,3.5,85
2026-03-03 02:00:00,6.8,4.2,86
2026-03-03 03:00:00,6.8,4.4,87
2026-03-03 04:00:00,6.8,4.4,87
2026-03-03 05:00:00,6.8,4.3,87
2026-03-03 06:00:00,6.7,4.2,88
2026-03-03 07:00:00,6.8,4.2,87
2026-03-03 08:00:00,6.8,4.2,85
2026-03-03 09:00:00,7.3,4.7,83
2026-03-03 10:00:00,8.4,5.8,78
2026-03-03 11:00:00,9.7,7.3,73
2026-03-03 12:00:00,10.4,7.6,70
2026-03-03 13:00:00,11.2,8.3,66
2026-03-03 14:00:00,11.7,9.0,63
2026-03-03 15:00:00,12.1,9.6,62
2026-03-03 16:00:00,12.1,9.8,61
2026-03-03 17:00:00,12.1,9.8,60
2026-03-03 18:00:00,11.4,10.0,71
2026-03-03 19:00:00,10.1,8.5,78
2026-03-03 20:00:00,10.4,9.2,80
2026-03-03 21:00:00,10.0,8.7,83
2026-03-03 22:00:00,9.6,8.2,83
2026-03-03 23:00:00,8.9,7.2,81
2026-03-04 00:00:00,8.4,7.0,81
2026-03-04 01:00:00,8.0,6.5,83
2026-03-04 02:00:00,8.5,7.2,85
2026-03-04 03:00:00,8.6,7.0,83
2026-03-04 04:00:00,8.3,6.7,85
2026-03-04 05:00:00,8.1,6.5,88
2026-03-04 06:00:00,7.5,6.3,91
2026-03-04 07:00:00,7.1,6.0,93
2026-03-04 08:00:00,8.1,6.6,92
2026-03-04 09:00:00,9.5,8.1,83
2026-03-04 10:00:00,10.9,9.5,75
2026-03-04 11:00:00,12.0,10.6,70
2026-03-04 12:00:00,12.6,11.0,67
2026-03-04 13:00:00,13.3,11.7,64
2026-03-04 14:00:00,12.9,11.1,63
2026-03-04 15:00:00,13.2,11.5,61
2026-03-04 16:00:00,13.4,11.9,59
2026-03-04 17:00:00,13.2,11.8,59
2026-03-04 18:00:00,12.6,11.5,70
2026-03-04 19:00:00,11.8,10.3,72
2026-03-04 20:00:00,11.2,9.5,76
2026-03-04 21:00:00,10.6,8.8,79
2026-03-04 22:00:00,10.0,8.4,82
2026-03-04 23:00:00,9.4,7.8,84
2026-03-05 00:00:00,8.6,7.1,86
2026-03-05 01:00:00,8.1,6.5,88
2026-03-05 02:00:00,8.6,7.6,88
2026-03-05 03:00:00,8.9,7.3,89
2026-03-05 04:00:00,8.8,7.4,90
2026-03-05 05:00:00,7.8,6.4,92
2026-03-05 06:00:00,7.5,5.8,92
2026-03-05 07:00:00,6.9,4.9,92
2026-03-05 08:00:00,7.7,5.9,92
2026-03-05 09:00:00,8.9,7.4,88
2026-03-05 10:00:00,9.8,8.2,84
2026-03-05 11:00:00,11.4,10.0,77
2026-03-05 12:00:00,13.4,11.6,65
2026-03-05 13:00:00,14.6,12.9,59
2026-03-05 14:00:00,13.9,11.4,60
2026-03-05 15:00:00,14.3,11.9,57
2026-03-05 16:00:00,14.8,12.2,53
2026-03-05 17:00:00,14.6,12.6,55
2026-03-05 18:00:00,13.1,11.5,64
2026-03-05 19:00:00,11.6,9.2,68
2026-03-05 20:00:00,11.1,8.6,71
2026-03-05 21:00:00,10.6,8.6,73
2026-03-05 22:00:00,9.9,8.1,77
2026-03-05 23:00:00,9.1,7.5,81
2026-03-06 00:00:00,8.7,6.9,82
2026-03-06 01:00:00,8.3,6.3,83
2026-03-06 02:00:00,7.8,6.0,87
2026-03-06 03:00:00,7.6,5.7,87
2026-03-06 04:00:00,7.3,5.1,88
2026-03-06 05:00:00,6.9,4.6,89
2026-03-06 06:00:00,6.6,4.2,90
2026-03-06 07:00:00,6.3,3.8,91
2026-03-06 08:00:00,7.2,4.8,90
2026-03-06 09:00:00,8.5,6.4,86
2026-03-06 10:00:00,10.1,8.4,80
2026-03-06 11:00:00,11.4,9.8,76
2026-03-06 12:00:00,12.1,10.7,74
2026-03-06 13:00:00,13.1,11.4,69
2026-03-06 14:00:00,12.6,10.6,69
2026-03-06 15:00:00,13.1,11.0,66
2026-03-06 16:00:00,13.4,11.3,64
2026-03-06 17:00:00,13.2,11.6,65
2026-03-06 18:00:00,12.2,11.5,78
2026-03-06 19:00:00,11.5,10.7,77
2026-03-06 20:00:00,10.5,9.3,83
2026-03-06 21:00:00,10.4,8.9,84
2026-03-06 22:00:00,9.7,8.2,85
2026-03-06 23:00:00,8.6,7.4,87
2026-03-07 00:00:00,8.6,7.0,90
2026-03-07 01:00:00,8.6,6.8,88
2026-03-07 02:00:00,8.6,6.4,86
2026-03-07 03:00:00,7.9,5.5,86
2026-03-07 04:00:00,7.1,4.5,88
2026-03-07 05:00:00,6.8,4.2,90
2026-03-07 06:00:00,6.6,4.1,91
2026-03-07 07:00:00,6.4,4.0,91
2026-03-07 08:00:00,6.9,4.7,91
2026-03-07 09:00:00,8.6,6.7,86
2026-03-07 10:00:00,10.4,8.3,75
2026-03-07 11:00:00,11.9,10.3,69
2026-03-07 12:00:00,13.4,12.5,64
2026-03-07 13:00:00,14.4,13.3,59
2026-03-07 14:00:00,14.7,12.1,56
2026-03-07 15:00:00,15.2,12.8,55
2026-03-07 16:00:00,15.4,13.4,55
2026-03-07 17:00:00,14.3,12.3,62
2026-03-07 18:00:00,13.6,11.6,63
2026-03-07 19:00:00,12.8,10.9,67
2026-03-07 20:00:00,10.8,8.0,72
2026-03-07 21:00:00,9.2,6.4,80
2026-03-07 22:00:00,8.7,6.3,85
2026-03-07 23:00:00,8.4,6.2,88
2026-03-08 00:00:00,8.0,5.6,90
2026-03-08 01:00:00,7.6,4.7,88
2026-03-08 02:00:00,7.5,5.1,89
2026-03-08 03:00:00,7.4,5.3,88
2026-03-08 04:00:00,7.4,5.4,88
2026-03-08 05:00:00,7.2,5.4,88
2026-03-08 06:00:00,6.6,4.9,90
2026-03-08 07:00:00,6.6,5.0,91
2026-03-08 08:00:00,7.5,5.6,84
2026-03-08 09:00:00,8.4,6.5,78
2026-03-08 10:00:00,9.9,8.2,74
2026-03-08 11:00:00,11.2,9.4,70
2026-03-08 12:00:00,12.1,10.4,67
2026-03-08 13:00:00,12.4,10.7,65
2026-03-08 14:00:00,12.4,10.9,67
2026-03-08 15:00:00,13.6,12.3,64
2026-03-08 16:00:00,13.8,12.3,63
2026-03-08 17:00:00,13.4,12.1,65
2026-03-08 18:00:00,12.6,11.6,76
2026-03-08 19:00:00,11.5,10.5,80
2026-03-08 20:00:00,10.9,9.6,81
2026-03-08 21:00:00,10.2,8.6,83
2026-03-08 22:00:00,9.6,7.4,82
2026-03-08 23:00:00,9.4,6.7,80
2026-03-09 00:00:00,9.1,6.4,80
2026-03-09 01:00:00,9.2,6.7,80
2026-03-09 02:00:00,9.4,7.0,81
2026-03-09 03:00:00,9.6,7.1,81
2026-03-09 04:00:00,9.7,7.0,80
2026-03-09 05:00:00,9.7,6.8,79
2026-03-09 06:00:00,9.6,6.7,79
2026-03-09 07:00:00,9.6,6.4,78
2026-03-09 08:00:00,9.6,6.7,77
2026-03-09 09:00:00,10.7,7.8,73
2026-03-09 10:00:00,11.9,8.7,66
2026-03-09 11:00:00,13.5,10.3,59
2026-03-09 12:00:00,14.7,12.3,55
2026-03-09 13:00:00,15.2,12.5,52
2026-03-09 14:00:00,15.7,12.8,49
2026-03-09 15:00:00,15.6,13.0,50
2026-03-09 16:00:00,15.6,13.3,49
2026-03-09 17:00:00,15.6,13.8,53
2026-03-09 18:00:00,14.2,13.3,67
2026-03-09 19:00:00,12.9,11.1,64
2026-03-09 20:00:00,11.9,8.9,64
2026-03-09 21:00:00,11.1,8.3,66
2026-03-09 22:00:00,10.4,7.7,68
2026-03-09 23:00:00,9.6,7.3,72
2026-03-10 00:00:00,8.4,6.5,78
2026-03-10 01:00:00,7.9,6.2,79
2026-03-10 02:00:00,8.4,7.1,79
2026-03-10 03:00:00,8.2,6.6,81
2026-03-10 04:00:00,7.9,6.1,84
2026-03-10 05:00:00,8.6,6.7,86
2026-03-10 06:00:00,8.7,6.4,84
2026-03-10 07:00:00,8.6,5.9,75
2026-03-10 08:00:00,9.3,6.6,74
2026-03-10 09:00:00,10.8,8.5,71
2026-03-10 10:00:00,12.6,10.2,64
2026-03-10 11:00:00,14.1,12.3,56
2026-03-10 12:00:00,15.4,14.0,47
2026-03-10 13:00:00,16.4,15.2,45
2026-03-10 14:00:00,17.0,15.4,45
2026-03-10 15:00:00,17.1,15.2,47
2026-03-10 16:00:00,17.2,15.1,51
2026-03-10 17:00:00,16.8,15.0,55
2026-03-10 18:00:00,15.2,14.0,65
2026-03-10 19:00:00,13.9,12.4,70
2026-03-10 20:00:00,13.4,12.0,72
2026-03-10 21:00:00,13.0,11.5,74
2026-03-10 22:00:00,12.2,10.8,76
2026-03-10 23:00:00,11.4,10.2,80
2026-03-11 00:00:00,11.2,9.9,80
2026-03-11 01:00:00,10.9,9.5,82
2026-03-11 02:00:00,11.4,9.7,80
2026-03-11 03:00:00,11.1,9.2,81
2026-03-11 04:00:00,10.6,8.8,83
2026-03-11 05:00:00,10.2,8.7,84
2026-03-11 06:00:00,10.1,8.4,84
2026-03-11 07:00:00,10.0,8.2,84
2026-03-11 08:00:00,10.8,9.2,85
2026-03-11 09:00:00,12.6,11.7,80
2026-03-11 10:00:00,14.5,13.4,72
2026-03-11 11:00:00,16.2,16.1,66
2026-03-11 12:00:00,17.6,18.1,61
2026-03-11 13:00:00,18.7,19.6,57
2026-03-11 14:00:00,19.0,19.9,55
2026-03-11 15:00:00,19.7,20.3,55
2026-03-11 16:00:00,19.8,19.5,55
2026-03-11 17:00:00,19.9,19.5,55
2026-03-11 18:00:00,18.0,18.1,69
2026-03-11 19:00:00,16.0,15.7,75
2026-03-11 20:00:00,15.4,14.1,76
2026-03-11 21:00:00,15.4,13.1,69
2026-03-11 22:00:00,14.5,12.2,72
2026-03-11 23:00:00,13.6,11.8,76
2026-03-12 00:00:00,12.8,11.0,80
2026-03-12 01:00:00,12.2,10.4,83
2026-03-12 02:00:00,12.0,10.3,85
2026-03-12 03:00:00,11.6,10.0,87
2026-03-12 04:00:00,11.1,9.6,87
2026-03-12 05:00:00,10.8,9.1,87
2026-03-12 06:00:00,10.4,8.6,87
2026-03-12 07:00:00,10.1,8.2,87
2026-03-12 08:00:00,11.1,9.5,86
2026-03-12 09:00:00,12.7,11.4,81
2026-03-12 10:00:00,14.6,13.7,74
2026-03-12 11:00:00,16.2,15.7,66
2026-03-12 12:00:00,17.5,17.8,60
2026-03-12 13:00:00,18.5,18.8,53
2026-03-12 14:00:00,19.4,18.4,42
2026-03-12 15:00:00,19.5,17.4,38
2026-03-12 16:00:00,19.5,16.8,37
2026-03-12 17:00:00,19.0,16.8,41
2026-03-12 18:00:00,17.0,14.6,48
2026-03-12 19:00:00,15.4,13.1,51
2026-03-12 20:00:00,14.7,12.5,57
2026-03-12 21:00:00,13.6,11.3,59
2026-03-12 22:00:00,12.8,10.8,66
2026-03-12 23:00:00,12.8,10.1,64
2026-03-13 00:00:00,12.1,9.4,65
2026-03-13 01:00:00,11.6,8.7,63
2026-03-13 02:00:00,11.6,9.1,65
2026-03-13 03:00:00,11.2,8.8,67
2026-03-13 04:00:00,10.8,8.3,68
2026-03-13 05:00:00,10.4,7.6,68
2026-03-13 06:00:00,10.1,7.4,68
2026-03-13 07:00:00,9.9,7.1,69
2026-03-13 08:00:00,10.9,7.9,67
2026-03-13 09:00:00,12.2,9.5,64
2026-03-13 10:00:00,13.8,10.8,59
2026-03-13 11:00:00,15.6,13.2,51
2026-03-13 12:00:00,16.9,15.2,46
2026-03-13 13:00:00,17.8,16.5,44
2026-03-13 14:00:00,18.6,17.3,42
2026-03-13 15:00:00,18.9,17.0,42
2026-03-13 16:00:00,18.8,16.4,43
2026-03-13 17:00:00,18.0,16.0,48
2026-03-13 18:00:00,16.3,14.4,57
2026-03-13 19:00:00,14.9,12.5,60
2026-03-13 20:00:00,14.4,11.7,57
2026-03-13 21:00:00,13.9,11.1,58
2026-03-13 22:00:00,13.3,10.4,59
2026-03-13 23:00:00,12.9,9.8,58
2026-03-14 00:00:00,12.2,9.4,61
2026-03-14 01:00:00,11.8,9.3,65
2026-03-14 02:00:00,11.6,9.2,66
2026-03-14 03:00:00,11.4,8.9,69
2026-03-14 04:00:00,11.0,8.5,71
2026-03-14 05:00:00,10.6,8.2,73
2026-03-14 06:00:00,10.2,7.9,75
2026-03-14 07:00:00,10.0,7.7,76
2026-03-14 08:00:00,11.2,8.9,71
2026-03-14 09:00:00,12.9,11.1,68
2026-03-14 10:00:00,15.0,13.5,62
2026-03-14 11:00:00,17.2,16.6,57
2026-03-14 12:00:00,19.1,19.4,52
2026-03-14 13:00:00,20.5,21.0,46
2026-03-14 14:00:00,21.3,21.2,42
2026-03-14 15:00:00,21.9,20.9,39
2026-03-14 16:00:00,21.5,19.5,38
2026-03-14 17:00:00,20.0,18.6,47
2026-03-14 18:00:00,19.2,17.8,52
2026-03-14 19:00:00,17.3,13.8,54
2026-03-14 20:00:00,15.6,12.1,59
2026-03-14 21:00:00,14.8,11.4,59
2026-03-14 22:00:00,14.3,10.8,60
2026-03-14 23:00:00,13.5,9.5,59
2026-03-15 00:00:00,12.6,8.5,63
2026-03-15 01:00:00,11.7,7.7,68
2026-03-15 02:00:00,10.9,7.1,75
2026-03-15 03:00:00,10.7,7.2,80
2026-03-15 04:00:00,10.4,7.2,84
2026-03-15 05:00:00,10.1,7.0,87
2026-03-15 06:00:00,9.8,6.6,87
2026-03-15 07:00:00,9.6,6.4,87
2026-03-15 08:00:00,9.4,6.4,89
2026-03-15 09:00:00,9.5,6.2,89
2026-03-15 10:00:00,9.7,6.3,87
2026-03-15 11:00:00,10.4,7.1,83
2026-03-15 12:00:00,10.6,7.6,84
2026-03-15 13:00:00,10.2,7.8,87
2026-03-15 14:00:00,9.9,7.4,86
2026-03-15 15:00:00,9.8,7.3,88
2026-03-15 16:00:00,9.8,7.4,87
2026-03-15 17:00:00,9.6,7.4,91
2026-03-15 18:00:00,9.3,7.1,94
2026-03-15 19:00:00,9.1,6.7,95
2026-03-15 20:00:00,8.9,6.5,93
2026-03-15 21:00:00,8.8,6.3,92
2026-03-15 22:00:00,8.6,6.3,94
2026-03-15 23:00:00,8.4,6.4,94
2026-03-16 00:00:00,8.4,6.3,95
2026-03-16 01:00:00,8.4,6.3,95
2026-03-16 02:00:00,8.6,6.8,95
2026-03-16 03:00:00,8.6,6.7,94
2026-03-16 04:00:00,8.6,7.0,96
2026-03-16 05:00:00,8.5,6.8,95
2026-03-16 06:00:00,8.5,6.8,95
2026-03-16 07:00:00,8.6,7.0,96
2026-03-16 08:00:00,8.6,6.7,96
2026-03-16 09:00:00,9.1,7.1,92
2026-03-16 10:00:00,9.6,8.0,89
2026-03-16 11:00:00,9.9,8.6,89
2026-03-16 12:00:00,9.8,8.7,95
2026-03-16 13:00:00,9.9,8.7,94
2026-03-16 14:00:00,9.9,8.7,91
2026-03-16 15:00:00,10.1,8.9,93
2026-03-16 16:00:00,10.6,9.6,89
2026-03-16 17:00:00,10.4,9.5,93
2026-03-16 18:00:00,10.1,9.5,95
2026-03-16 19:00:00,9.9,9.5,96
2026-03-16 20:00:00,9.9,9.2,96
2026-03-16 21:00:00,9.9,9.6,94
2026-03-16 22:00:00,9.8,9.3,96
2026-03-16 23:00:00,9.5,8.8,97
2026-03-17 00:00:00,9.3,8.6,96
2026-03-17 01:00:00,9.3,8.8,96
2026-03-17 02:00:00,9.6,9.2,97
2026-03-17 03:00:00,9.6,8.9,98
2026-03-17 04:00:00,9.7,9.1,98
2026-03-17 05:00:00,9.9,9.2,98
2026-03-17 06:00:00,9.9,9.0,98
2026-03-17 07:00:00,9.9,9.0,98
2026-03-17 08:00:00,10.1,9.0,97
2026-03-17 09:00:00,10.2,9.4,98
2026-03-17 10:00:00,10.6,10.0,97
2026-03-17 11:00:00,10.9,10.4,97
2026-03-17 12:00:00,10.9,10.2,98
2026-03-17 13:00:00,11.4,10.6,94
2026-03-17 14:00:00,11.8,11.1,90
2026-03-17 15:00:00,12.2,12.0,86
2026-03-17 16:00:00,11.9,11.3,88
2026-03-17 17:00:00,11.4,10.4,96
2026-03-17 18:00:00,10.9,9.7,96
2026-03-17 19:00:00,10.8,9.4,95
2026-03-17 20:00:00,10.4,9.0,96
2026-03-17 21:00:00,10.1,8.5,96
2026-03-17 22:00:00,10.0,8.3,95
2026-03-17 23:00:00,9.9,8.3,96
2026-03-18 00:00:00,9.4,7.8,96
2026-03-18 01:00:00,9.3,7.7,96
2026-03-18 02:00:00,9.3,7.6,96
2026-03-18 03:00:00,8.9,7.2,96
2026-03-18 04:00:00,8.9,7.5,96
2026-03-18 05:00:00,8.9,7.5,96
2026-03-18 06:00:00,9.0,7.4,95
2026-03-18 07:00:00,9.0,7.2,95
2026-03-18 08:00:00,9.1,7.5,95
2026-03-18 09:00:00,9.5,8.3,94
2026-03-18 10:00:00,9.9,8.7,92
2026-03-18 11:00:00,10.3,9.1,90
2026-03-18 12:00:00,11.2,9.9,84
2026-03-18 13:00:00,12.3,10.9,77
2026-03-18 14:00:00,11.6,10.1,78
2026-03-18 15:00:00,13.3,11.3,70
2026-03-18 16:00:00,13.9,12.2,67
2026-03-18 17:00:00,14.1,13.0,66
2026-03-18 18:00:00,13.1,12.6,77
2026-03-18 19:00:00,12.0,11.3,81
2026-03-18 20:00:00,11.2,10.7,87
2026-03-18 21:00:00,11.1,10.5,85
2026-03-18 22:00:00,10.9,9.7,87
2026-03-18 23:00:00,10.2,8.7,87
2026-03-19 00:00:00,9.6,7.7,90
2026-03-19 01:00:00,9.1,7.4,92
2026-03-19 02:00:00,9.2,7.9,94
2026-03-19 03:00:00,8.9,7.7,95
2026-03-19 04:00:00,8.6,7.2,96
2026-03-19 05:00:00,7.8,6.4,97
2026-03-19 06:00:00,8.0,6.5,97
2026-03-19 07:00:00,8.0,6.3,98
2026-03-19 08:00:00,8.4,6.7,97
2026-03-19 09:00:00,9.8,8.5,92
2026-03-19 10:00:00,11.6,10.7,85
2026-03-19 11:00:00,13.4,12.3,72
2026-03-19 12:00:00,14.4,13.2,63
2026-03-19 13:00:00,15.0,13.8,59
2026-03-19 14:00:00,14.8,13.5,60
2026-03-19 15:00:00,14.8,13.8,59
2026-03-19 16:00:00,14.9,13.7,58
2026-03-19 17:00:00,14.6,13.3,61
2026-03-19 18:00:00,13.9,13.2,70
2026-03-19 19:00:00,13.1,12.0,74
2026-03-19 20:00:00,13.1,12.3,77
2026-03-19 21:00:00,12.9,12.3,78
2026-03-19 22:00:00,12.6,11.7,79
2026-03-19 23:00:00,12.3,11.7,82
2026-03-20 00:00:00,11.9,11.4,84
2026-03-20 01:00:00,11.7,11.2,85
2026-03-20 02:00:00,11.8,11.2,87
2026-03-20 03:00:00,11.1,10.7,87
2026-03-20 04:00:00,10.6,10.1,89
2026-03-20 05:00:00,10.1,9.5,90
2026-03-20 06:00:00,10.1,9.4,92
2026-03-20 07:00:00,10.4,9.9,91
2026-03-20 08:00:00,11.2,10.8,90
2026-03-20 09:00:00,12.1,11.7,86
2026-03-20 10:00:00,12.1,11.8,88
2026-03-20 11:00:00,12.9,12.7,85
2026-03-20 12:00:00,13.1,12.8,83
2026-03-20 13:00:00,13.2,13.0,83
2026-03-20 14:00:00,13.1,12.7,80
2026-03-20 15:00:00,13.2,12.9,79
2026-03-20 16:00:00,13.4,13.0,78
2026-03-20 17:00:00,13.7,13.3,77
2026-03-20 18:00:00,13.0,12.8,84
2026-03-20 19:00:00,12.1,11.2,86
2026-03-20 20:00:00,11.9,10.8,89
2026-03-20 21:00:00,11.3,10.3,92
2026-03-20 22:00:00,10.4,9.6,93
2026-03-20 23:00:00,10.1,9.5,93
2026-03-21 00:00:00,9.9,9.6,94
2026-03-21 01:00:00,9.6,9.3,95
2026-03-21 02:00:00,9.5,9.3,100
2026-03-21 03:00:00,9.1,8.7,99
2026-03-21 04:00:00,9.1,8.6,99
2026-03-21 05:00:00,8.9,8.3,99
2026-03-21 06:00:00,9.0,8.2,100
2026-03-21 07:00:00,9.1,8.2,100
2026-03-21 08:00:00,9.4,8.5,99
2026-03-21 09:00:00,9.9,9.0,95
2026-03-21 10:00:00,12.4,11.2,82
2026-03-21 11:00:00,14.4,13.3,73
2026-03-21 12:00:00,16.0,15.9,64
2026-03-21 13:00:00,16.9,17.2,61
2026-03-21 14:00:00,17.1,16.8,57
2026-03-21 15:00:00,18.0,17.0,53
2026-03-21 16:00:00,17.9,16.5,54
2026-03-21 17:00:00,18.2,17.1,54
2026-03-21 18:00:00,17.5,17.8,68
2026-03-21 19:00:00,15.8,15.4,71
2026-03-21 20:00:00,14.1,13.2,81
2026-03-21 21:00:00,14.3,14.0,81
2026-03-21 22:00:00,13.7,13.4,82
2026-03-21 23:00:00,13.0,13.1,85
2026-03-22 00:00:00,12.4,12.2,87
2026-03-22 01:00:00,12.2,12.0,89
2026-03-22 02:00:00,13.1,13.3,87
2026-03-22 03:00:00,13.2,13.1,89
2026-03-22 04:00:00,13.2,13.0,89
2026-03-22 05:00:00,13.1,13.4,89
2026-03-22 06:00:00,12.4,12.7,91
2026-03-22 07:00:00,12.6,12.9,91
2026-03-22 08:00:00,13.6,13.9,85
2026-03-22 09:00:00,14.4,14.4,81
2026-03-22 10:00:00,15.1,15.3,79
2026-03-22 11:00:00,16.5,16.8,75
2026-03-22 12:00:00,17.9,18.2,70
2026-03-22 13:00:00,18.6,19.2,67
2026-03-22 14:00:00,18.4,18.5,67
2026-03-22 15:00:00,18.3,18.4,67
2026-03-22 16:00:00,18.2,18.5,67
2026-03-22 17:00:00,18.2,18.4,68
2026-03-22 18:00:00,17.8,18.8,75
2026-03-22 19:00:00,17.2,17.8,75
2026-03-22 20:00:00,16.6,16.0,79
2026-03-22 21:00:00,16.1,17.0,84
2026-03-22 22:00:00,15.8,16.6,85
2026-03-22 23:00:00,15.7,16.6,85
2026-03-23 00:00:00,15.6,16.5,85
2026-03-23 01:00:00,15.1,15.9,86
2026-03-23 02:00:00,15.5,16.5,88
2026-03-23 03:00:00,15.7,16.8,88
2026-03-23 04:00:00,15.6,16.0,88
2026-03-23 05:00:00,15.1,15.8,91
2026-03-23 06:00:00,14.8,15.7,92
2026-03-23 07:00:00,14.8,14.9,93
2026-03-23 08:00:00,14.9,15.5,96
2026-03-23 09:00:00,15.1,15.8,98
2026-03-23 10:00:00,15.6,16.2,94
2026-03-23 11:00:00,17.2,18.0,87
2026-03-23 12:00:00,17.7,18.3,83
2026-03-23 13:00:00,18.5,18.9,76
2026-03-23 14:00:00,17.2,17.5,80
2026-03-23 15:00:00,17.3,17.5,82
2026-03-23 16:00:00,17.5,17.5,83
2026-03-23 17:00:00,17.0,17.4,85
2026-03-23 18:00:00,16.6,17.3,88
2026-03-23 19:00:00,16.2,16.8,89
2026-03-23 20:00:00,15.6,16.3,94
2026-03-23 21:00:00,15.4,16.1,96
2026-03-23 22:00:00,15.2,16.1,96
2026-03-23 23:00:00,15.1,15.6,96
2026-03-24 00:00:00,14.8,15.1,95
2026-03-24 01:00:00,14.5,14.5,94
2026-03-24 02:00:00,14.3,14.3,93
2026-03-24 03:00:00,14.1,14.1,92
2026-03-24 04:00:00,14.0,13.8,92
2026-03-24 05:00:00,13.9,13.4,90
2026-03-24 06:00:00,13.8,13.1,88
2026-03-24 07:00:00,13.7,12.9,86
2026-03-24 08:00:00,13.7,13.5,87
2026-03-24 09:00:00,14.1,13.3,83
2026-03-24 10:00:00,14.6,14.2,81
2026-03-24 11:00:00,15.9,15.7,78
2026-03-24 12:00:00,16.5,16.5,76
2026-03-24 13:00:00,17.4,16.9,72
2026-03-24 14:00:00,17.2,16.6,72
2026-03-24 15:00:00,17.0,16.2,72
2026-03-24 16:00:00,17.4,16.5,69
2026-03-24 17:00:00,17.6,16.8,67
2026-03-24 18:00:00,16.9,16.8,72
2026-03-24 19:00:00,15.4,15.5,79
2026-03-24 20:00:00,14.8,14.8,84
2026-03-24 21:00:00,14.9,14.6,82
2026-03-24 22:00:00,14.2,13.9,84
2026-03-24 23:00:00,13.6,13.2,85
2026-03-25 00:00:00,13.1,12.6,87
2026-03-25 01:00:00,12.2,11.9,90
2026-03-25 02:00:00,11.8,11.6,93
2026-03-25 03:00:00,11.3,11.0,94
2026-03-25 04:00:00,10.9,10.6,94
2026-03-25 05:00:00,10.8,10.7,94
2026-03-25 06:00:00,10.7,10.6,95
2026-03-25 07:00:00,11.1,10.9,97
2026-03-25 08:00:00,11.9,11.6,97
2026-03-25 09:00:00,13.7,13.4,89
2026-03-25 10:00:00,15.4,15.7,84
2026-03-25 11:00:00,17.2,18.1,78
2026-03-25 12:00:00,18.7,20.3,68
2026-03-25 13:00:00,19.7,21.6,62
2026-03-25 14:00:00,19.8,21.1,59
2026-03-25 15:00:00,20.5,20.7,55
2026-03-25 16:00:00,20.5,20.3,54
2026-03-25 17:00:00,20.4,20.1,54
2026-03-25 18:00:00,19.1,18.9,65
2026-03-25 19:00:00,18.1,18.7,72
2026-03-25 20:00:00,17.4,17.2,74
2026-03-25 21:00:00,17.0,17.1,77
2026-03-25 22:00:00,16.1,16.4,81
2026-03-25 23:00:00,15.8,15.9,81
2026-03-26 00:00:00,15.1,15.6,86
2026-03-26 01:00:00,14.7,15.2,85
2026-03-26 02:00:00,14.6,14.5,89
2026-03-26 03:00:00,14.6,14.5,89
2026-03-26 04:00:00,14.8,14.5,89
2026-03-26 05:00:00,14.8,14.9,90
2026-03-26 06:00:00,14.4,15.0,93
2026-03-26 07:00:00,14.2,14.2,95
2026-03-26 08:00:00,14.3,14.5,94
2026-03-26 09:00:00,14.9,15.4,95
2026-03-26 10:00:00,15.8,16.4,89
2026-03-26 11:00:00,15.9,16.2,84
2026-03-26 12:00:00,16.6,16.6,79
2026-03-26 13:00:00,17.5,17.9,73
2026-03-26 14:00:00,17.0,17.5,75
2026-03-26 15:00:00,17.3,17.8,75
2026-03-26 16:00:00,17.1,17.9,77
2026-03-26 17:00:00,16.7,17.3,80
2026-03-26 18:00:00,16.5,17.2,82
2026-03-26 19:00:00,15.9,16.8,88
2026-03-26 20:00:00,16.6,17.7,86
2026-03-26 21:00:00,16.5,16.8,87
2026-03-26 22:00:00,16.2,16.5,87
2026-03-26 23:00:00,15.9,16.3,88
2026-03-27 00:00:00,14.9,15.5,90
2026-03-27 01:00:00,14.9,15.0,90
2026-03-27 02:00:00,15.3,15.4,91
2026-03-27 03:00:00,15.2,15.4,91
2026-03-27 04:00:00,14.9,15.2,94
2026-03-27 05:00:00,14.6,14.9,95
2026-03-27 06:00:00,13.9,14.2,96
2026-03-27 07:00:00,13.6,13.7,97
2026-03-27 08:00:00,14.7,15.4,97
2026-03-27 09:00:00,16.5,16.9,84
2026-03-27 10:00:00,18.0,18.6,74
2026-03-27 11:00:00,19.5,21.1,67
2026-03-27 12:00:00,20.7,22.3,58
2026-03-27 13:00:00,21.5,22.7,52
2026-03-27 14:00:00,21.8,22.2,46
2026-03-27 15:00:00,22.6,22.2,43
2026-03-27 16:00:00,22.3,20.8,43
2026-03-27 17:00:00,21.5,20.7,50
2026-03-27 18:00:00,20.1,20.5,63
2026-03-27 19:00:00,18.6,19.4,68
2026-03-27 20:00:00,17.4,17.7,72
2026-03-27 21:00:00,17.3,17.7,74
2026-03-27 22:00:00,16.5,16.0,75
2026-03-27 23:00:00,16.0,15.5,77
2026-03-28 00:00:00,15.8,15.3,80
2026-03-28 01:00:00,15.4,15.0,82
2026-03-28 02:00:00,15.5,15.2,83
2026-03-28 03:00:00,15.6,15.4,85
2026-03-28 04:00:00,15.6,15.3,85
2026-03-28 05:00:00,15.2,15.1,85
2026-03-28 06:00:00,15.0,14.9,85
2026-03-28 07:00:00,14.9,14.6,84
2026-03-28 08:00:00,15.9,16.3,85
2026-03-28 09:00:00,17.5,18.0,79
2026-03-28 10:00:00,19.0,19.2,71
2026-03-28 11:00:00,20.1,20.7,65
2026-03-28 12:00:00,21.3,22.8,60
2026-03-28 13:00:00,21.6,22.8,58
2026-03-28 14:00:00,21.6,22.6,57
2026-03-28 15:00:00,21.8,22.2,56
2026-03-28 16:00:00,21.8,22.0,54
2026-03-28 17:00:00,21.6,21.7,54
2026-03-28 18:00:00,20.6,21.7,68
2026-03-28 19:00:00,19.1,19.7,71
2026-03-28 20:00:00,18.9,19.8,73
2026-03-28 21:00:00,18.4,19.1,76
2026-03-28 22:00:00,17.4,18.1,80
2026-03-28 23:00:00,16.7,17.2,82
2026-03-29 00:00:00,16.0,16.4,84
2026-03-29 01:00:00,15.3,15.7,86
2026-03-29 02:00:00,15.2,15.5,86
2026-03-29 03:00:00,15.4,15.4,85
2026-03-29 04:00:00,14.6,14.8,88
2026-03-29 05:00:00,14.1,14.4,89
2026-03-29 06:00:00,13.9,14.4,89
2026-03-29 07:00:00,14.1,14.8,91
2026-03-29 08:00:00,15.6,16.5,90
2026-03-29 09:00:00,17.4,18.8,86
2026-03-29 10:00:00,19.2,20.8,80
2026-03-29 11:00:00,20.6,22.9,74
2026-03-29 12:00:00,21.2,22.7,69
2026-03-29 13:00:00,21.0,22.0,68
2026-03-29 14:00:00,21.4,22.1,65
2026-03-29 15:00:00,21.8,22.4,63
2026-03-29 16:00:00,21.4,22.0,65
2026-03-29 17:00:00,20.9,21.8,69
2026-03-29 18:00:00,19.5,20.6,77
2026-03-29 19:00:00,18.4,18.0,83
2026-03-29 20:00:00,18.5,19.5,82
2026-03-29 21:00:00,17.6,18.2,89
2026-03-29 22:00:00,17.4,17.4,90
2026-03-29 23:00:00,17.3,17.4,90
2026-03-30 00:00:00,16.6,16.7,93
2026-03-30 01:00:00,16.5,16.8,94
2026-03-30 02:00:00,16.5,17.2,93
2026-03-30 03:00:00,16.3,17.6,94
2026-03-30 04:00:00,16.1,16.9,96
2026-03-30 05:00:00,16.2,17.2,96
2026-03-30 06:00:00,16.2,17.3,96
2026-03-30 07:00:00,16.2,17.4,96
2026-03-30 08:00:00,15.7,16.2,96
2026-03-30 09:00:00,17.0,16.9,86
2026-03-30 10:00:00,16.9,16.3,87
2026-03-30 11:00:00,17.2,16.8,83
2026-03-30 12:00:00,17.5,16.5,80
2026-03-30 13:00:00,17.6,16.2,77
2026-03-30 14:00:00,16.6,14.5,75
2026-03-30 15:00:00,17.7,15.2,66
2026-03-30 16:00:00,17.6,15.0,64
2026-03-30 17:00:00,17.3,15.0,66
2026-03-30 18:00:00,16.4,14.5,71
2026-03-30 19:00:00,15.4,13.8,75
2026-03-30 20:00:00,15.1,13.8,78
2026-03-30 21:00:00,14.6,13.1,80
2026-03-30 22:00:00,14.1,12.7,81
2026-03-30 23:00:00,13.6,12.2,84
2026-03-31 00:00:00,13.4,11.8,85
2026-03-31 01:00:00,13.4,12.2,86
2026-03-31 02:00:00,14.4,13.0,85
2026-03-31 03:00:00,14.3,12.9,86
2026-03-31 04:00:00,14.1,13.0,87
2026-03-31 05:00:00,14.0,12.7,88
2026-03-31 06:00:00,13.8,12.7,88
2026-03-31 07:00:00,13.3,12.3,92
2026-03-31 08:00:00,13.1,12.4,93
2026-03-31 09:00:00,13.3,12.5,93
2026-03-31 10:00:00,13.6,12.8,92
2026-03-31 11:00:00,14.5,13.5,85
2026-03-31 12:00:00,15.6,14.8,76
2026-03-31 13:00:00,16.5,15.6,69
2026-03-31 14:00:00,17.4,16.3,63
2026-03-31 15:00:00,18.1,17.0,58
2026-03-31 16:00:00,18.7,18.1,56
2026-03-31 17:00:00,18.9,18.5,55
2026-03-31 18:00:00,17.7,17.2,66
2026-03-31 19:00:00,15.9,14.9,73
2026-03-31 20:00:00,15.6,14.7,77
2026-03-31 21:00:00,15.4,15.0,79
2026-03-31 22:00:00,15.1,14.7,82
2026-03-31 23:00:00,14.8,14.4,85
2026-04-01 00:00:00,14.1,13.8,88
2026-04-01 01:00:00,13.8,13.4,89
2026-04-01 02:00:00,14.1,13.8,92
2026-04-01 03:00:00,13.8,13.3,92
2026-04-01 04:00:00,13.6,13.1,92
2026-04-01 05:00:00,13.3,13.0,92
2026-04-01 06:00:00,12.9,12.7,92
2026-04-01 07:00:00,13.1,12.9,93
2026-04-01 08:00:00,14.1,14.3,92
2026-04-01 09:00:00,15.6,16.0,87
2026-04-01 10:00:00,17.4,18.0,81
2026-04-01 11:00:00,19.1,20.6,73
2026-04-01 12:00:00,20.6,22.4,65
2026-04-01 13:00:00,21.6,23.5,59
2026-04-01 14:00:00,21.8,23.1,58
2026-04-01 15:00:00,22.2,22.9,55
2026-04-01 16:00:00,22.2,22.2,54
2026-04-01 17:00:00,21.9,21.9,55
2026-04-01 18:00:00,20.6,21.9,70
2026-04-01 19:00:00,18.7,19.3,73
2026-04-01 20:00:00,18.0,18.6,76
2026-04-01 21:00:00,17.8,17.8,76
2026-04-01 22:00:00,17.6,17.2,73
2026-04-01 23:00:00,17.2,16.6,73
2026-04-02 00:00:00,16.8,15.8,74
2026-04-02 01:00:00,16.2,15.4,75
2026-04-02 02:00:00,16.5,15.6,77
2026-04-02 03:00:00,16.5,15.8,77
2026-04-02 04:00:00,16.3,15.7,79
2026-04-02 05:00:00,15.9,15.6,81
2026-04-02 06:00:00,15.8,15.2,81
2026-04-02 07:00:00,16.0,15.5,80
2026-04-02 08:00:00,16.7,15.9,77
2026-04-02 09:00:00,18.2,17.9,73
2026-04-02 10:00:00,19.2,19.2,71
2026-04-02 11:00:00,19.2,19.4,71
2026-04-02 12:00:00,19.6,20.0,70
2026-04-02 13:00:00,19.0,19.7,76
2026-04-02 14:00:00,18.7,19.0,74
2026-04-02 15:00:00,18.0,18.1,75
2026-04-02 16:00:00,17.5,17.7,78
2026-04-02 17:00:00,17.8,18.1,77
2026-04-02 18:00:00,17.1,17.2,82
2026-04-02 19:00:00,16.5,15.9,79
2026-04-02 20:00:00,16.8,16.7,87
2026-04-02 21:00:00,16.5,16.5,88
2026-04-02 22:00:00,16.2,15.6,86
2026-04-02 23:00:00,15.9,15.4,86
2026-04-03 00:00:00,15.6,15.3,87
2026-04-03 01:00:00,15.5,15.5,88
2026-04-03 02:00:00,15.8,16.4,90
2026-04-03 03:00:00,15.6,16.4,92
2026-04-03 04:00:00,15.6,16.2,92
2026-04-03 05:00:00,15.5,16.5,93
2026-04-03 06:00:00,15.4,16.3,95
2026-04-03 07:00:00,15.3,16.0,95
2026-04-03 08:00:00,15.4,16.1,94
2026-04-03 09:00:00,16.3,16.3,88
2026-04-03 10:00:00,17.2,16.9,80
2026-04-03 11:00:00,17.8,17.3,76
2026-04-03 12:00:00,18.1,17.4,74
2026-04-03 13:00:00,18.5,17.9,73
2026-04-03 14:00:00,18.4,17.8,73
2026-04-03 15:00:00,19.0,18.4,70
2026-04-03 16:00:00,18.9,18.5,71
2026-04-03 17:00:00,19.0,19.3,73
2026-04-03 18:00:00,18.6,19.1,76
2026-04-03 19:00:00,17.4,17.5,80
2026-04-03 20:00:00,16.9,16.6,83
2026-04-03 21:00:00,16.4,16.1,85
2026-04-03 22:00:00,15.9,15.7,87
2026-04-03 23:00:00,15.6,15.4,88
2026-04-04 00:00:00,15.1,14.8,90
2026-04-04 01:00:00,14.8,14.6,92
2026-04-04 02:00:00,14.9,15.5,97
2026-04-04 03:00:00,14.1,15.0,97
2026-04-04 04:00:00,13.9,14.6,98
2026-04-04 05:00:00,13.8,14.2,98
2026-04-04 06:00:00,14.1,14.4,98
2026-04-04 07:00:00,14.2,14.7,100
2026-04-04 08:00:00,15.4,15.7,95
2026-04-04 09:00:00,17.5,18.2,87
2026-04-04 10:00:00,19.5,20.7,77
2026-04-04 11:00:00,21.0,23.3,71
2026-04-04 12:00:00,22.0,25.1,69
2026-04-04 13:00:00,23.0,26.6,66
2026-04-04 14:00:00,23.2,26.5,62
2026-04-04 15:00:00,23.6,25.8,60
2026-04-04 16:00:00,23.6,24.4,58
2026-04-04 17:00:00,23.4,24.2,56
2026-04-04 18:00:00,22.1,24.1,72
2026-04-04 19:00:00,20.2,21.4,75
2026-04-04 20:00:00,20.1,21.0,75
2026-04-04 21:00:00,19.6,20.3,77
2026-04-04 22:00:00,19.0,19.5,79
2026-04-04 23:00:00,18.5,19.2,83
2026-04-05 00:00:00,18.2,18.8,84
2026-04-05 01:00:00,17.9,18.6,86
2026-04-05 02:00:00,17.9,18.6,86
2026-04-05 03:00:00,17.8,18.5,86
2026-04-05 04:00:00,17.5,18.3,85
2026-04-05 05:00:00,17.5,18.3,85
2026-04-05 06:00:00,17.2,18.1,86
2026-04-05 07:00:00,17.3,18.4,87
2026-04-05 08:00:00,17.6,18.7,89
2026-04-05 09:00:00,19.0,20.6,85
2026-04-05 10:00:00,21.0,22.5,77
2026-04-05 11:00:00,22.9,24.6,68
2026-04-05 12:00:00,24.1,25.9,62
2026-04-05 13:00:00,24.5,25.8,60
2026-04-05 14:00:00,23.8,24.7,62
2026-04-05 15:00:00,23.0,25.1,70
2026-04-05 16:00:00,23.9,25.3,62
2026-04-05 17:00:00,23.4,25.4,69
2026-04-05 18:00:00,22.2,24.1,74
2026-04-05 19:00:00,21.2,22.4,75
2026-04-05 20:00:00,21.1,23.2,78
2026-04-05 21:00:00,20.9,23.0,79
2026-04-05 22:00:00,20.6,21.3,75
2026-04-05 23:00:00,19.0,20.2,82
2026-04-06 00:00:00,18.6,20.4,85
2026-04-06 01:00:00,18.2,19.7,86
2026-04-06 02:00:00,18.5,20.2,86
2026-04-06 03:00:00,17.9,19.6,89
2026-04-06 04:00:00,17.4,18.9,90
2026-04-06 05:00:00,17.0,18.3,92
2026-04-06 06:00:00,16.8,18.0,93
2026-04-06 07:00:00,17.9,19.1,88
2026-04-06 08:00:00,18.4,20.0,91
2026-04-06 09:00:00,19.1,21.1,89
2026-04-06 10:00:00,20.3,21.9,82
2026-04-06 11:00:00,21.2,23.3,78
2026-04-06 12:00:00,22.3,24.8,74
2026-04-06 13:00:00,22.9,25.1,72
2026-04-06 14:00:00,22.6,24.0,72
2026-04-06 15:00:00,22.8,24.0,70
2026-04-06 16:00:00,22.4,23.9,73
2026-04-06 17:00:00,21.5,23.0,77
2026-04-06 18:00:00,21.2,22.6,78
2026-04-06 19:00:00,20.4,22.0,81
2026-04-06 20:00:00,20.2,20.9,81
2026-04-06 21:00:00,19.6,20.0,81
2026-04-06 22:00:00,19.1,20.6,83
2026-04-06 23:00:00,18.9,20.1,82
2026-04-07 00:00:00,18.5,19.6,82
2026-04-07 01:00:00,17.9,18.9,82
2026-04-07 02:00:00,18.0,18.8,81
2026-04-07 03:00:00,17.5,18.2,82
2026-04-07 04:00:00,16.5,17.1,84
2026-04-07 05:00:00,15.6,16.2,87
2026-04-07 06:00:00,15.4,16.2,88
2026-04-07 07:00:00,16.3,17.4,89
2026-04-07 08:00:00,17.5,18.7,84
2026-04-07 09:00:00,19.7,21.7,82
2026-04-07 10:00:00,21.8,24.2,78
2026-04-07 11:00:00,23.1,26.6,73
2026-04-07 12:00:00,24.3,28.1,69
2026-04-07 13:00:00,25.0,28.9,67
2026-04-07 14:00:00,24.5,27.2,67
2026-04-07 15:00:00,24.8,26.8,66
2026-04-07 16:00:00,24.2,25.8,65
2026-04-07 17:00:00,23.5,25.6,73
2026-04-07 18:00:00,22.5,24.9,79
2026-04-07 19:00:00,21.5,23.7,82
2026-04-07 20:00:00,21.5,23.1,78
2026-04-07 21:00:00,21.1,22.7,81
2026-04-07 22:00:00,20.5,21.9,83
2026-04-07 23:00:00,20.1,20.8,80
2026-04-08 00:00:00,19.6,19.8,78
2026-04-08 01:00:00,19.3,19.0,75
2026-04-08 02:00:00,19.6,19.2,72
2026-04-08 03:00:00,19.1,18.4,70
2026-04-08 04:00:00,18.8,17.9,68
2026-04-08 05:00:00,18.4,17.2,69
2026-04-08 06:00:00,18.1,16.8,69
2026-04-08 07:00:00,18.4,16.7,67
2026-04-08 08:00:00,18.0,16.2,69
2026-04-08 09:00:00,18.9,17.7,68
2026-04-08 10:00:00,19.7,18.6,67
2026-04-08 11:00:00,21.0,20.0,65
2026-04-08 12:00:00,21.0,20.8,68
2026-04-08 13:00:00,20.9,20.8,75
2026-04-08 14:00:00,21.8,22.6,71
2026-04-08 15:00:00,22.1,23.3,74
2026-04-08 16:00:00,23.5,25.4,74
2026-04-08 17:00:00,23.5,25.3,76
2026-04-08 18:00:00,22.9,25.4,80
2026-04-08 19:00:00,21.1,23.5,89
2026-04-08 20:00:00,21.0,23.5,87
2026-04-08 21:00:00,20.3,22.7,92
2026-04-08 22:00:00,20.0,22.6,94
2026-04-08 23:00:00,19.5,21.6,98
2026-04-09 00:00:00,19.5,22.2,98
2026-04-09 01:00:00,19.4,21.4,98
2026-04-09 02:00:00,19.2,21.8,95
2026-04-09 03:00:00,19.4,21.8,96
2026-04-09 04:00:00,19.1,21.8,98
2026-04-09 05:00:00,18.8,21.5,98
2026-04-09 06:00:00,19.0,21.7,98
2026-04-09 07:00:00,19.0,21.5,98
2026-04-09 08:00:00,18.5,21.1,98
2026-04-09 09:00:00,19.1,21.7,96
2026-04-09 10:00:00,19.8,22.4,91
2026-04-09 11:00:00,19.9,22.0,95
2026-04-09 12:00:00,20.0,21.9,93
2026-04-09 13:00:00,21.0,23.1,87
2026-04-09 14:00:00,18.8,20.7,92
2026-04-09 15:00:00,20.2,22.0,83
2026-04-09 16:00:00,20.6,22.5,82
2026-04-09 17:00:00,20.5,22.6,82
2026-04-09 18:00:00,20.4,22.7,81
2026-04-09 19:00:00,19.5,21.7,88
2026-04-09 20:00:00,20.2,23.3,92
2026-04-09 21:00:00,19.6,22.5,94
2026-04-09 22:00:00,19.2,21.8,95
2026-04-09 23:00:00,18.5,21.0,96
2026-04-10 00:00:00,18.0,20.2,98
2026-04-10 01:00:00,17.5,19.7,100
2026-04-10 02:00:00,17.7,19.8,99
2026-04-10 03:00:00,17.2,19.5,100
2026-04-10 04:00:00,17.2,19.4,100
2026-04-10 05:00:00,17.4,19.6,100
2026-04-10 06:00:00,17.6,20.0,100
2026-04-10 07:00:00,18.0,20.6,100
2026-04-10 08:00:00,17.5,19.1,99
2026-04-10 09:00:00,19.0,20.8,88
2026-04-10 10:00:00,20.2,22.4,84
2026-04-10 11:00:00,22.0,24.6,76
2026-04-10 12:00:00,23.2,26.4,73
2026-04-10 13:00:00,24.2,27.4,70
2026-04-10 14:00:00,24.5,27.5,67
2026-04-10 15:00:00,25.1,27.5,65
2026-04-10 16:00:00,25.6,27.3,64
2026-04-10 17:00:00,25.1,27.5,68
2026-04-10 18:00:00,24.1,27.3,77
2026-04-10 19:00:00,23.0,26.0,80
2026-04-10 20:00:00,22.2,25.9,86
2026-04-10 21:00:00,21.9,25.1,87
2026-04-10 22:00:00,22.0,23.0,79
2026-04-10 23:00:00,21.4,23.1,80
2026-04-11 00:00:00,20.9,22.9,83
2026-04-11 01:00:00,20.5,22.7,86
2026-04-11 02:00:00,20.7,23.0,85
2026-04-11 03:00:00,20.0,21.8,88
2026-04-11 04:00:00,19.8,21.5,90
2026-04-11 05:00:00,19.6,21.6,92
2026-04-11 06:00:00,19.4,21.4,93
2026-04-11 07:00:00,19.5,21.5,92
2026-04-11 08:00:00,19.2,21.0,92
2026-04-11 09:00:00,19.8,21.9,93
2026-04-11 10:00:00,20.1,22.3,92
2026-04-11 11:00:00,20.5,23.0,92
2026-04-11 12:00:00,20.6,23.6,93
2026-04-11 13:00:00,20.9,23.4,90
2026-04-11 14:00:00,20.3,22.2,89
2026-04-11 15:00:00,20.2,21.9,86
2026-04-11 16:00:00,20.5,22.1,82
2026-04-11 17:00:00,20.4,21.7,83
2026-04-11 18:00:00,20.0,21.2,86
2026-04-11 19:00:00,19.4,21.0,88
2026-04-11 20:00:00,19.4,21.3,93
2026-04-11 21:00:00,19.0,20.9,95
2026-04-11 22:00:00,18.6,20.1,95
2026-04-11 23:00:00,18.6,19.8,93
2026-04-12 00:00:00,18.4,19.3,92
2026-04-12 01:00:00,18.1,18.9,91
2026-04-12 02:00:00,17.7,17.9,89
2026-04-12 03:00:00,17.4,17.4,88
2026-04-12 04:00:00,17.4,17.9,87
2026-04-12 05:00:00,17.5,18.7,89
2026-04-12 06:00:00,17.5,18.6,90
2026-04-12 07:00:00,17.5,18.2,91
2026-04-12 08:00:00,18.1,18.8,90
2026-04-12 09:00:00,19.2,19.9,82
2026-04-12 10:00:00,20.5,21.5,74
2026-04-12 11:00:00,21.0,22.3,72
2026-04-12 12:00:00,21.6,23.1,70
2026-04-12 13:00:00,22.0,23.4,69
2026-04-12 14:00:00,21.8,23.1,70
2026-04-12 15:00:00,22.2,23.8,67
2026-04-12 16:00:00,22.3,24.0,66
2026-04-12 17:00:00,22.2,23.9,67
2026-04-12 18:00:00,21.8,23.7,72
2026-04-12 19:00:00,20.8,22.6,80
2026-04-12 20:00:00,20.8,22.7,81
2026-04-12 21:00:00,20.5,22.2,83
2026-04-12 22:00:00,19.4,19.6,79
2026-04-12 23:00:00,18.2,18.5,81
2026-04-13 00:00:00,17.6,18.3,83
2026-04-13 01:00:00,17.1,17.9,86
2026-04-13 02:00:00,17.4,18.1,87
2026-04-13 03:00:00,16.9,17.5,88
2026-04-13 04:00:00,16.6,17.3,89
2026-04-13 05:00:00,16.3,17.0,91
2026-04-13 06:00:00,15.9,16.4,93
2026-04-13 07:00:00,16.3,17.1,92
2026-04-13 08:00:00,17.4,18.4,90
2026-04-13 09:00:00,18.6,20.1,86
2026-04-13 10:00:00,20.0,21.2,80
2026-04-13 11:00:00,21.1,22.3,74
2026-04-13 12:00:00,21.5,22.4,72
2026-04-13 13:00:00,21.9,23.1,71
2026-04-13 14:00:00,19.5,21.2,87
2026-04-13 15:00:00,19.2,20.8,90
2026-04-13 16:00:00,18.9,20.2,91
2026-04-13 17:00:00,19.1,20.1,87
2026-04-13 18:00:00,18.6,19.3,87
2026-04-13 19:00:00,17.6,17.6,88
2026-04-13 20:00:00,17.2,17.5,91
2026-04-13 21:00:00,16.7,16.7,91
2026-04-13 22:00:00,16.2,16.1,91
2026-04-13 23:00:00,16.0,16.0,91
2026-04-14 00:00:00,15.8,15.9,91
2026-04-14 01:00:00,15.7,16.1,92
2026-04-14 02:00:00,15.6,16.0,95
2026-04-14 03:00:00,15.4,15.9,96
2026-04-14 04:00:00,15.1,15.6,96
2026-04-14 05:00:00,14.9,15.2,97
2026-04-14 06:00:00,14.6,14.8,97
2026-04-14 07:00:00,14.9,15.1,93
2026-04-14 08:00:00,15.8,15.6,88
2026-04-14 09:00:00,17.0,17.2,81
2026-04-14 10:00:00,18.0,18.3,75
2026-04-14 11:00:00,19.0,19.6,72
2026-04-14 12:00:00,19.4,19.9,69
2026-04-14 13:00:00,19.6,19.8,69
2026-04-14 14:00:00,18.3,18.1,72
2026-04-14 15:00:00,17.7,18.0,78
2026-04-14 16:00:00,18.2,18.6,76
2026-04-14 17:00:00,18.5,18.6,74
2026-04-14 18:00:00,18.3,18.9,75
2026-04-14 19:00:00,17.6,18.5,80
2026-04-14 20:00:00,17.5,18.0,83
2026-04-14 21:00:00,17.0,17.9,85
2026-04-14 22:00:00,16.5,17.5,88
2026-04-14 23:00:00,16.0,17.1,90
2026-04-15 00:00:00,15.7,16.6,91
2026-04-15 01:00:00,15.4,16.1,92
2026-04-15 02:00:00,16.7,18.4,95
2026-04-15 03:00:00,16.2,17.7,97
2026-04-15 04:00:00,15.7,17.2,97
2026-04-15 05:00:00,15.4,16.7,98
2026-04-15 06:00:00,15.2,16.6,98
2026-04-15 07:00:00,16.0,17.4,97
2026-04-15 08:00:00,16.8,17.7,88
2026-04-15 09:00:00,18.1,19.2,80
2026-04-15 10:00:00,19.5,20.0,72
2026-04-15 11:00:00,20.3,20.6,67
2026-04-15 12:00:00,20.8,21.1,64
2026-04-15 13:00:00,20.4,20.9,66
2026-04-15 14:00:00,20.4,21.1,66
2026-04-15 15:00:00,20.2,21.2,68
2026-04-15 16:00:00,20.0,21.2,72
2026-04-15 17:00:00,19.9,21.3,75
2026-04-15 18:00:00,19.6,20.9,78
2026-04-15 19:00:00,18.6,20.1,84
2026-04-15 20:00:00,19.2,21.1,82
2026-04-15 21:00:00,18.4,20.1,85
2026-04-15 22:00:00,18.4,20.2,86
2026-04-15 23:00:00,18.3,20.0,88
2026-04-16 00:00:00,18.0,19.5,88
2026-04-16 01:00:00,17.6,19.2,90
2026-04-16 02:00:00,18.2,19.9,90
2026-04-16 03:00:00,18.1,20.2,92
2026-04-16 04:00:00,18.1,19.9,92
2026-04-16 05:00:00,17.9,19.4,92
2026-04-16 06:00:00,17.7,19.2,93
2026-04-16 07:00:00,17.8,19.1,94
2026-04-16 08:00:00,18.1,19.4,88
2026-04-16 09:00:00,18.8,20.8,86
2026-04-16 10:00:00,19.5,21.6,83
2026-04-16 11:00:00,19.9,21.6,82
2026-04-16 12:00:00,20.6,22.0,79
2026-04-16 13:00:00,20.8,22.1,79
2026-04-16 14:00:00,20.6,21.7,78
2026-04-16 15:00:00,21.1,22.3,74
2026-04-16 16:00:00,22.2,23.6,69
2026-04-16 17:00:00,22.5,23.7,68
2026-04-16 18:00:00,21.9,24.4,77
2026-04-16 19:00:00,20.3,22.5,82
2026-04-16 20:00:00,20.0,22.2,82
2026-04-16 21:00:00,19.0,20.9,86
2026-04-16 22:00:00,18.5,20.2,89
2026-04-16 23:00:00,18.0,19.7,91
2026-04-17 00:00:00,17.5,19.5,92
2026-04-17 01:00:00,17.1,19.0,94
2026-04-17 02:00:00,17.5,18.9,93
2026-04-17 03:00:00,16.7,18.1,95
2026-04-17 04:00:00,16.8,17.7,95
2026-04-17 05:00:00,16.5,17.4,95
2026-04-17 06:00:00,15.8,17.2,96
2026-04-17 07:00:00,16.7,18.2,96
2026-04-17 08:00:00,17.9,20.1,94
2026-04-17 09:00:00,19.9,22.5,89
2026-04-17 10:00:00,22.0,24.6,79
2026-04-17 11:00:00,23.5,26.5,67
2026-04-17 12:00:00,24.4,27.1,63
2026-04-17 13:00:00,25.1,27.9,58
2026-04-17 14:00:00,25.3,27.0,54
2026-04-17 15:00:00,25.5,26.9,53
2026-04-17 16:00:00,25.1,26.5,53
2026-04-17 17:00:00,24.9,26.6,56
2026-04-17 18:00:00,23.8,26.1,67
2026-04-17 19:00:00,22.5,25.1,73
2026-04-17 20:00:00,21.8,24.2,78
2026-04-17 21:00:00,22.0,24.5,78
2026-04-17 22:00:00,21.5,24.0,80
2026-04-17 23:00:00,21.3,23.8,81
2026-04-18 00:00:00,20.9,23.4,83
2026-04-18 01:00:00,20.5,23.2,84
2026-04-18 02:00:00,17.8,18.3,89
2026-04-18 03:00:00,17.5,18.8,90
2026-04-18 04:00:00,17.7,18.8,90
2026-04-18 05:00:00,17.2,19.2,91
2026-04-18 06:00:00,17.0,18.8,92
2026-04-18 07:00:00,18.3,20.0,91
2026-04-18 08:00:00,18.5,19.6,94
2026-04-18 09:00:00,20.8,23.3,86
2026-04-18 10:00:00,22.5,24.9,79
2026-04-18 11:00:00,24.0,27.2,69
2026-04-18 12:00:00,25.2,29.0,63
2026-04-18 13:00:00,26.0,29.5,58
2026-04-18 14:00:00,26.0,28.8,55
2026-04-18 15:00:00,26.4,28.6,53
2026-04-18 16:00:00,26.2,27.9,54
2026-04-18 17:00:00,26.1,28.2,54
2026-04-18 18:00:00,25.5,27.7,60
2026-04-18 19:00:00,23.2,25.7,71
2026-04-18 20:00:00,23.5,26.7,73
2026-04-18 21:00:00,22.5,25.3,79
2026-04-18 22:00:00,22.1,24.5,77
2026-04-18 23:00:00,21.5,23.5,75
2026-04-19 00:00:00,20.8,22.4,76
2026-04-19 01:00:00,20.8,22.3,78
2026-04-19 02:00:00,21.0,22.9,81
2026-04-19 03:00:00,20.5,22.1,84
2026-04-19 04:00:00,20.2,21.7,86
2026-04-19 05:00:00,19.8,21.5,87
2026-04-19 06:00:00,19.5,20.8,88
2026-04-19 07:00:00,19.9,21.3,88
2026-04-19 08:00:00,20.9,22.7,85
2026-04-19 09:00:00,22.6,24.9,79
2026-04-19 10:00:00,24.5,27.2,71
2026-04-19 11:00:00,26.1,29.6,64
2026-04-19 12:00:00,27.4,30.9,57
2026-04-19 13:00:00,28.1,31.5,53
2026-04-19 14:00:00,28.5,31.3,49
2026-04-19 15:00:00,28.7,30.9,47
2026-04-19 16:00:00,28.6,29.9,46
2026-04-19 17:00:00,28.4,30.1,49
2026-04-19 18:00:00,27.4,30.3,60
2026-04-19 19:00:00,24.8,27.4,70
2026-04-19 20:00:00,24.6,26.6,68
2026-04-19 21:00:00,24.1,26.0,71
2026-04-19 22:00:00,23.4,25.6,73
2026-04-19 23:00:00,22.6,25.1,77
2026-04-20 00:00:00,22.4,24.9,79
2026-04-20 01:00:00,22.0,24.3,80
2026-04-20 02:00:00,21.6,22.4,81
2026-04-20 03:00:00,19.0,17.8,79
2026-04-20 04:00:00,18.0,15.7,77
2026-04-20 05:00:00,17.0,14.2,75
2026-04-20 06:00:00,16.5,13.6,74
2026-04-20 07:00:00,16.5,13.6,72
2026-04-20 08:00:00,16.6,14.0,70
2026-04-20 09:00:00,16.9,14.2,67
2026-04-20 10:00:00,17.4,14.3,62
2026-04-20 11:00:00,18.8,16.0,58
2026-04-20 12:00:00,19.6,17.7,58
2026-04-20 13:00:00,20.5,19.3,58
2026-04-20 14:00:00,20.2,18.4,59
2026-04-20 15:00:00,19.6,17.2,61
2026-04-20 16:00:00,18.5,16.1,64
2026-04-20 17:00:00,17.1,15.0,72
2026-04-20 18:00:00,16.1,14.2,78
2026-04-20 19:00:00,15.4,13.9,83
2026-04-20 20:00:00,15.4,13.8,83
2026-04-20 21:00:00,14.9,13.1,85
2026-04-20 22:00:00,14.5,13.0,86
2026-04-20 23:00:00,14.5,13.4,88
2026-04-21 00:00:00,14.4,13.5,89
2026-04-21 01:00:00,14.4,13.9,90
2026-04-21 02:00:00,14.4,13.7,91
2026-04-21 03:00:00,14.1,14.0,92
2026-04-21 04:00:00,14.1,13.7,93
2026-04-21 05:00:00,13.9,13.3,92
2026-04-21 06:00:00,13.7,13.4,93
2026-04-21 07:00:00,13.9,13.6,92
2026-04-21 08:00:00,13.8,13.4,92
2026-04-21 09:00:00,14.4,14.2,91
2026-04-21 10:00:00,14.8,14.4,90
2026-04-21 11:00:00,15.9,16.0,85
2026-04-21 12:00:00,18.0,18.1,76
2026-04-21 13:00:00,18.6,19.1,76
2026-04-21 14:00:00,18.0,18.7,77
2026-04-21 15:00:00,18.0,19.0,78
2026-04-21 16:00:00,17.5,18.2,82
2026-04-21 17:00:00,17.1,17.6,88
2026-04-21 18:00:00,16.5,16.8,94
2026-04-21 19:00:00,16.0,16.0,95
2026-04-21 20:00:00,15.1,14.8,97
2026-04-21 21:00:00,14.8,13.8,96
2026-04-21 22:00:00,14.1,13.0,95
2026-04-21 23:00:00,13.8,12.2,92
2026-04-22 00:00:00,13.1,11.3,92
2026-04-22 01:00:00,12.2,10.3,88
2026-04-22 02:00:00,11.9,10.4,91
2026-04-22 03:00:00,11.6,9.5,90
2026-04-22 04:00:00,11.1,9.0,88
2026-04-22 05:00:00,11.0,8.9,87
2026-04-22 06:00:00,11.1,8.8,86
2026-04-22 07:00:00,11.1,8.6,84
2026-04-22 08:00:00,11.2,8.7,82
2026-04-22 09:00:00,12.1,9.4,78
2026-04-22 10:00:00,13.2,10.4,73
2026-04-22 11:00:00,14.4,11.9,69
2026-04-22 12:00:00,14.7,12.4,68
2026-04-22 13:00:00,15.4,13.3,65
2026-04-22 14:00:00,14.5,12.5,68
2026-04-22 15:00:00,14.7,12.8,67
2026-04-22 16:00:00,14.4,12.7,69
2026-04-22 17:00:00,14.4,12.8,70
2026-04-22 18:00:00,14.2,12.9,71
2026-04-22 19:00:00,14.0,12.8,73
2026-04-22 20:00:00,13.7,12.6,78
2026-04-22 21:00:00,13.5,12.8,80
2026-04-22 22:00:00,13.3,12.7,82
2026-04-22 23:00:00,13.2,12.9,83
2026-04-23 00:00:00,13.1,12.7,85
2026-04-23 01:00:00,12.9,12.4,85
2026-04-23 02:00:00,13.2,13.0,86
2026-04-23 03:00:00,13.1,13.1,88
2026-04-23 04:00:00,12.8,12.4,89
2026-04-23 05:00:00,12.4,11.7,91
2026-04-23 06:00:00,12.0,11.4,91
2026-04-23 07:00:00,12.7,12.1,88
2026-04-23 08:00:00,12.7,12.3,89
2026-04-23 09:00:00,13.2,12.7,85
2026-04-23 10:00:00,14.6,13.9,78
2026-04-23 11:00:00,15.2,14.5,75
2026-04-23 12:00:00,16.2,15.5,72
2026-04-23 13:00:00,16.6,15.8,70
2026-04-23 14:00:00,16.8,15.7,67
2026-04-23 15:00:00,17.2,16.4,66
2026-04-23 16:00:00,17.4,16.7,66
2026-04-23 17:00:00,17.0,16.7,69
2026-04-23 18:00:00,17.0,17.1,69
2026-04-23 19:00:00,16.5,17.1,74
2026-04-23 20:00:00,16.2,16.9,81
2026-04-23 21:00:00,15.9,16.5,83
2026-04-23 22:00:00,15.5,16.2,86
2026-04-23 23:00:00,15.1,15.9,87
2026-04-24 00:00:00,14.1,14.7,89
2026-04-24 01:00:00,13.4,13.8,92
2026-04-24 02:00:00,13.1,13.5,93
2026-04-24 03:00:00,12.8,12.7,93
2026-04-24 04:00:00,12.4,12.3,93
2026-04-24 05:00:00,12.1,12.3,94
2026-04-24 06:00:00,11.9,12.0,95
2026-04-24 07:00:00,13.4,13.5,92
2026-04-24 08:00:00,14.6,15.0,89
2026-04-24 09:00:00,16.2,16.9,84
2026-04-24 10:00:00,17.8,18.4,73
2026-04-24 11:00:00,18.5,19.0,68
2026-04-24 12:00:00,19.6,20.9,62
2026-04-24 13:00:00,20.4,21.0,58
2026-04-24 14:00:00,20.3,20.6,58
2026-04-24 15:00:00,20.6,20.5,57
2026-04-24 16:00:00,20.7,20.8,56
2026-04-24 17:00:00,20.5,20.7,58
2026-04-24 18:00:00,19.9,20.5,67
2026-04-24 19:00:00,18.2,18.9,76
2026-04-24 20:00:00,17.7,17.9,76
2026-04-24 21:00:00,16.9,17.0,77
2026-04-24 22:00:00,16.2,16.4,75
2026-04-24 23:00:00,15.6,15.4,78
2026-04-25 00:00:00,15.3,15.3,81
2026-04-25 01:00:00,14.8,14.9,85
2026-04-25 02:00:00,15.1,15.7,84
2026-04-25 03:00:00,14.3,14.6,89
2026-04-25 04:00:00,14.1,14.6,91
2026-04-25 05:00:00,13.9,14.4,92
2026-04-25 06:00:00,14.2,15.1,92
2026-04-25 07:00:00,14.9,16.0,92
2026-04-25 08:00:00,16.3,17.6,89
2026-04-25 09:00:00,17.6,17.7,84
2026-04-25 10:00:00,19.1,20.3,81
2026-04-25 11:00:00,20.9,22.9,72
2026-04-25 12:00:00,22.0,24.3,67
2026-04-25 13:00:00,21.8,22.6,65
2026-04-25 14:00:00,22.6,24.7,62
2026-04-25 15:00:00,23.2,24.9,59
2026-04-25 16:00:00,23.4,24.2,58
2026-04-25 17:00:00,23.2,24.1,59
2026-04-25 18:00:00,22.6,24.4,67
2026-04-25 19:00:00,20.4,21.9,76
2026-04-25 20:00:00,20.1,21.0,74
2026-04-25 21:00:00,19.6,20.5,74
2026-04-25 22:00:00,19.1,19.7,73
2026-04-25 23:00:00,18.6,19.0,74
2026-04-26 00:00:00,18.2,18.5,76
2026-04-26 01:00:00,17.6,17.9,78
2026-04-26 02:00:00,17.0,17.6,82
2026-04-26 03:00:00,17.0,17.4,81
2026-04-26 04:00:00,16.8,16.8,83
2026-04-26 05:00:00,16.5,16.5,84
2026-04-26 06:00:00,16.5,16.6,86
2026-04-26 07:00:00,17.2,17.5,84
2026-04-26 08:00:00,18.6,19.4,84
2026-04-26 09:00:00,21.0,22.7,78
2026-04-26 10:00:00,23.6,25.8,69
2026-04-26 11:00:00,25.5,28.1,61
2026-04-26 12:00:00,26.8,29.3,53
2026-04-26 13:00:00,27.8,30.2,48
2026-04-26 14:00:00,28.1,30.6,51
2026-04-26 15:00:00,28.4,30.0,50
2026-04-26 16:00:00,28.4,29.1,46
2026-04-26 17:00:00,28.0,29.6,52
2026-04-26 18:00:00,26.2,28.8,64
2026-04-26 19:00:00,24.5,26.7,68
2026-04-26 20:00:00,24.1,25.9,69
2026-04-26 21:00:00,23.6,25.3,70
2026-04-26 22:00:00,22.5,24.1,73
2026-04-26 23:00:00,21.4,23.6,81
2026-04-27 00:00:00,21.1,23.3,83
2026-04-27 01:00:00,20.5,22.9,86
2026-04-27 02:00:00,20.4,22.6,87
2026-04-27 03:00:00,20.6,22.9,86
2026-04-27 04:00:00,20.4,22.8,88
2026-04-27 05:00:00,20.2,22.4,89
2026-04-27 06:00:00,20.1,22.6,88
2026-04-27 07:00:00,20.2,22.4,88
2026-04-27 08:00:00,21.1,23.7,86
2026-04-27 09:00:00,21.6,24.3,87
2026-04-27 10:00:00,22.0,25.6,86
2026-04-27 11:00:00,23.0,26.7,83
2026-04-27 12:00:00,22.6,26.1,84
2026-04-27 13:00:00,23.0,26.5,83
2026-04-27 14:00:00,22.1,25.0,86
2026-04-27 15:00:00,22.1,24.4,85
2026-04-27 16:00:00,21.5,24.1,86
2026-04-27 17:00:00,21.2,23.4,87
2026-04-27 18:00:00,20.5,22.0,88
2026-04-27 19:00:00,19.8,20.7,88
2026-04-27 20:00:00,20.0,21.4,90
2026-04-27 21:00:00,19.8,20.7,87
2026-04-27 22:00:00,19.2,20.0,91
2026-04-27 23:00:00,19.2,20.7,92
2026-04-28 00:00:00,19.3,20.5,93
2026-04-28 01:00:00,19.1,19.8,90
2026-04-28 02:00:00,18.8,19.3,89
2026-04-28 03:00:00,18.2,18.5,92
2026-04-28 04:00:00,18.1,18.7,93
2026-04-28 05:00:00,18.0,18.7,93
2026-04-28 06:00:00,17.8,18.7,93
2026-04-28 07:00:00,17.8,18.9,93
2026-04-28 08:00:00,17.4,18.2,92
2026-04-28 09:00:00,17.5,18.2,93
2026-04-28 10:00:00,17.8,18.8,92
2026-04-28 11:00:00,18.4,19.6,95
2026-04-28 12:00:00,19.1,19.8,92
2026-04-28 13:00:00,18.8,19.2,93
2026-04-28 14:00:00,18.0,17.4,93
2026-04-28 15:00:00,17.3,16.5,93
2026-04-28 16:00:00,17.3,15.7,86
2026-04-28 17:00:00,17.0,15.6,82
2026-04-28 18:00:00,16.3,15.0,85
2026-04-28 19:00:00,15.8,14.4,85
2026-04-28 20:00:00,15.1,13.6,86
2026-04-28 21:00:00,14.9,13.6,86
2026-04-28 22:00:00,14.6,13.5,88
2026-04-28 23:00:00,14.1,12.9,88
2026-04-29 00:00:00,13.9,12.6,89
2026-04-29 01:00:00,13.4,11.9,90
2026-04-29 02:00:00,13.6,12.0,91
2026-04-29 03:00:00,13.4,11.5,91
2026-04-29 04:00:00,13.4,11.4,89
2026-04-29 05:00:00,13.4,11.7,87
2026-04-29 06:00:00,13.4,11.7,86
2026-04-29 07:00:00,13.5,12.0,85
2026-04-29 08:00:00,13.8,12.5,89
2026-04-29 09:00:00,14.2,12.1,84
2026-04-29 10:00:00,15.0,13.6,80
2026-04-29 11:00:00,15.6,13.6,74
2026-04-29 12:00:00,15.9,14.2,71
2026-04-29 13:00:00,16.4,14.6,67
2026-04-29 14:00:00,16.6,14.6,63
2026-04-29 15:00:00,17.5,15.3,58
2026-04-29 16:00:00,18.0,15.9,56
2026-04-29 17:00:00,17.6,15.8,57
2026-04-29 18:00:00,16.9,16.0,64
2026-04-29 19:00:00,15.1,14.6,74
2026-04-29 20:00:00,15.2,15.0,78
2026-04-29 21:00:00,14.9,14.8,78
2026-04-29 22:00:00,14.6,14.6,79
2026-04-29 23:00:00,13.9,13.8,83
2026-04-30 00:00:00,13.4,13.2,87
2026-04-30 01:00:00,13.1,12.8,89
2026-04-30 02:00:00,13.7,13.3,87
2026-04-30 03:00:00,13.1,12.6,89
2026-04-30 04:00:00,12.8,12.1,89
2026-04-30 05:00:00,12.5,12.0,90
2026-04-30 06:00:00,11.9,11.6,91
2026-04-30 07:00:00,13.1,12.9,88
2026-04-30 08:00:00,13.9,13.6,82
2026-04-30 09:00:00,15.6,15.3,75
2026-04-30 10:00:00,17.2,17.4,69
2026-04-30 11:00:00,18.5,19.8,64
2026-04-30 12:00:00,19.4,21.0,60
2026-04-30 13:00:00,20.2,21.9,56
2026-04-30 14:00:00,20.5,21.6,54
2026-04-30 15:00:00,20.9,20.9,51
2026-04-30 16:00:00,20.9,20.2,51
2026-04-30 17:00:00,20.6,19.9,54
2026-04-30 18:00:00,19.9,20.0,63
2026-04-30 19:00:00,17.9,18.3,74
2026-04-30 20:00:00,17.4,17.8,77
2026-04-30 21:00:00,17.0,16.8,75
2026-04-30 22:00:00,16.2,15.4,67
2026-04-30 23:00:00,15.8,14.5,65
2026-05-01 00:00:00,15.4,14.3,70
2026-05-01 01:00:00,15.1,14.0,74
2026-05-01 02:00:00,15.2,14.2,75
2026-05-01 03:00:00,14.9,13.9,75
2026-05-01 04:00:00,14.6,13.6,77
2026-05-01 05:00:00,14.2,13.2,79
2026-05-01 06:00:00,13.9,12.9,80
2026-05-01 07:00:00,14.6,13.6,80
2026-05-01 08:00:00,15.8,15.4,79
2026-05-01 09:00:00,17.9,17.8,74
2026-05-01 10:00:00,20.0,20.4,66
2026-05-01 11:00:00,21.6,22.4,56
2026-05-01 12:00:00,22.8,23.6,48
2026-05-01 13:00:00,23.5,24.2,43
2026-05-01 14:00:00,24.0,24.3,42
2026-05-01 15:00:00,24.1,23.9,46
2026-05-01 16:00:00,24.0,23.2,50
2026-05-01 17:00:00,23.4,23.2,55
2026-05-01 18:00:00,22.0,22.3,62
2026-05-01 19:00:00,20.8,20.9,67
2026-05-01 20:00:00,20.3,19.9,68
2026-05-01 21:00:00,19.9,19.4,69
2026-05-01 22:00:00,19.5,19.2,70
2026-05-01 23:00:00,19.1,18.7,73
2026-05-02 00:00:00,18.7,18.6,75
2026-05-02 01:00:00,18.2,18.3,77
2026-05-02 02:00:00,18.7,19.2,77
2026-05-02 03:00:00,18.5,19.0,79
2026-05-02 04:00:00,18.4,19.0,80
2026-05-02 05:00:00,18.0,18.6,83
2026-05-02 06:00:00,17.9,18.7,84
2026-05-02 07:00:00,17.9,18.6,85
2026-05-02 08:00:00,18.9,20.1,79
2026-05-02 09:00:00,19.2,20.7,80
2026-05-02 10:00:00,19.5,21.1,81
2026-05-02 11:00:00,19.3,21.2,85
2026-05-02 12:00:00,19.0,20.8,89
2026-05-02 13:00:00,19.0,20.7,92
2026-05-02 14:00:00,17.6,18.5,89
2026-05-02 15:00:00,17.9,18.3,87
2026-05-02 16:00:00,17.8,18.0,86
2026-05-02 17:00:00,17.4,17.8,89
2026-05-02 18:00:00,17.0,17.5,90
2026-05-02 19:00:00,16.9,17.6,90
2026-05-02 20:00:00,17.0,17.7,90
2026-05-02 21:00:00,16.7,17.7,91
2026-05-02 22:00:00,16.9,17.9,91
2026-05-02 23:00:00,16.4,17.6,92
2026-05-03 00:00:00,16.5,17.7,91
2026-05-03 01:00:00,16.5,17.2,91
2026-05-03 02:00:00,16.9,17.4,91
2026-05-03 03:00:00,16.6,17.0,91
2026-05-03 04:00:00,16.6,17.0,92
2026-05-03 05:00:00,16.5,16.7,93
2026-05-03 06:00:00,16.4,16.5,94
2026-05-03 07:00:00,17.0,17.1,89
2026-05-03 08:00:00,18.0,18.8,88
2026-05-03 09:00:00,19.5,18.8,69
2026-05-03 10:00:00,20.6,18.9,53
2026-05-03 11:00:00,21.8,20.6,47
2026-05-03 12:00:00,22.6,21.7,39
2026-05-03 13:00:00,23.4,23.2,39
2026-05-03 14:00:00,24.0,23.5,36
2026-05-03 15:00:00,24.4,23.5,36
2026-05-03 16:00:00,24.2,22.1,37
2026-05-03 17:00:00,23.2,22.1,47
2026-05-03 18:00:00,21.8,22.5,61
2026-05-03 19:00:00,20.8,21.8,63
2026-05-03 20:00:00,20.0,20.5,66
2026-05-03 21:00:00,19.8,20.7,66
2026-05-03 22:00:00,19.1,19.6,71
2026-05-03 23:00:00,18.4,18.6,73
2026-05-04 00:00:00,18.0,17.6,70
2026-05-04 01:00:00,17.6,17.2,72
2026-05-04 02:00:00,17.5,17.0,75
2026-05-04 03:00:00,17.0,17.0,78
2026-05-04 04:00:00,16.6,16.8,80
2026-05-04 05:00:00,16.4,16.5,80
2026-05-04 06:00:00,16.6,16.7,79
2026-05-04 07:00:00,17.5,17.8,77
2026-05-04 08:00:00,19.1,20.0,75
2026-05-04 09:00:00,20.8,22.1,72
2026-05-04 10:00:00,22.5,24.0,65
2026-05-04 11:00:00,24.1,25.9,55
2026-05-04 12:00:00,25.1,27.2,48
2026-05-04 13:00:00,25.7,27.7,45
2026-05-04 14:00:00,26.0,27.4,44
2026-05-04 15:00:00,26.0,26.8,43
2026-05-04 16:00:00,25.9,25.8,43
2026-05-04 17:00:00,25.4,25.4,47
2026-05-04 18:00:00,24.0,25.0,58
2026-05-04 19:00:00,21.5,22.5,67
2026-05-04 20:00:00,21.0,21.9,69
2026-05-04 21:00:00,20.6,21.5,70
2026-05-04 22:00:00,20.3,20.8,68
2026-05-04 23:00:00,19.9,19.7,67
2026-05-05 00:00:00,19.0,18.7,70
2026-05-05 01:00:00,18.5,18.4,73
2026-05-05 02:00:00,18.5,18.6,75
2026-05-05 03:00:00,18.2,18.5,77
2026-05-05 04:00:00,18.0,18.3,78
2026-05-05 05:00:00,17.6,17.9,79
2026-05-05 06:00:00,17.5,17.7,79
2026-05-05 07:00:00,18.3,18.6,78
2026-05-05 08:00:00,20.1,20.9,76
2026-05-05 09:00:00,22.4,23.5,70
2026-05-05 10:00:00,24.5,26.1,64
2026-05-05 11:00:00,26.1,27.3,52
2026-05-05 12:00:00,27.0,28.0,45
2026-05-05 13:00:00,27.5,29.1,46
2026-05-05 14:00:00,27.9,29.0,44
2026-05-05 15:00:00,27.9,28.3,44
2026-05-05 16:00:00,27.8,27.6,44
2026-05-05 17:00:00,27.1,27.8,49
2026-05-05 18:00:00,25.8,27.1,56
2026-05-05 19:00:00,23.9,25.1,62
2026-05-05 20:00:00,23.9,24.4,58
2026-05-05 21:00:00,22.8,23.3,64
2026-05-05 22:00:00,21.7,22.1,69
2026-05-05 23:00:00,21.4,21.8,72
2026-05-06 00:00:00,20.7,21.3,76
2026-05-06 01:00:00,20.4,20.7,76
2026-05-06 02:00:00,20.6,20.9,73
2026-05-06 03:00:00,20.5,20.8,73
2026-05-06 04:00:00,20.5,20.8,75
2026-05-06 05:00:00,20.2,20.6,77
2026-05-06 06:00:00,20.1,20.5,77
2026-05-06 07:00:00,20.9,21.4,75
2026-05-06 08:00:00,22.5,23.6,73
2026-05-06 09:00:00,24.5,25.8,68
2026-05-06 10:00:00,26.2,28.1,62
2026-05-06 11:00:00,27.9,30.2,54
2026-05-06 12:00:00,28.9,30.7,48
2026-05-06 13:00:00,29.4,31.1,47
2026-05-06 14:00:00,29.9,31.3,46
2026-05-06 15:00:00,30.0,31.8,46
2026-05-06 16:00:00,29.9,30.9,47
2026-05-06 17:00:00,28.9,30.7,53
2026-05-06 18:00:00,27.8,30.0,58
2026-05-06 19:00:00,25.8,28.4,67
2026-05-06 20:00:00,25.4,26.8,64
2026-05-06 21:00:00,24.5,25.6,70
2026-05-06 22:00:00,23.8,25.4,74
2026-05-06 23:00:00,23.0,25.1,77
2026-05-07 00:00:00,22.6,24.5,79
2026-05-07 01:00:00,22.1,25.3,83
2026-05-07 02:00:00,22.2,24.7,85
2026-05-07 03:00:00,21.6,24.6,92
2026-05-07 04:00:00,21.4,23.7,91
2026-05-07 05:00:00,21.0,24.2,95
2026-05-07 06:00:00,20.7,23.5,96
2026-05-07 07:00:00,20.6,22.7,95
2026-05-07 08:00:00,20.4,22.1,94
2026-05-07 09:00:00,21.0,22.4,91
2026-05-07 10:00:00,20.5,21.7,92
2026-05-07 11:00:00,21.2,22.5,89
2026-05-07 12:00:00,21.5,22.3,84
2026-05-07 13:00:00,22.7,23.5,78
2026-05-07 14:00:00,23.0,22.8,71
2026-05-07 15:00:00,22.5,22.1,71
2026-05-07 16:00:00,22.2,22.0,74
2026-05-07 17:00:00,21.8,21.7,75
2026-05-07 18:00:00,21.5,21.0,70
2026-05-07 19:00:00,21.0,20.0,66
2026-05-07 20:00:00,20.7,20.7,72
2026-05-07 21:00:00,20.3,20.4,73
2026-05-07 22:00:00,20.0,19.9,74
2026-05-07 23:00:00,19.9,19.5,72
2026-05-08 00:00:00,19.6,19.0,70
2026-05-08 01:00:00,19.4,18.6,69
2026-05-08 02:00:00,19.5,19.1,69
2026-05-08 03:00:00,19.0,18.5,70
2026-05-08 04:00:00,18.5,17.9,70
2026-05-08 05:00:00,18.0,17.1,71
2026-05-08 06:00:00,17.5,16.3,68
2026-05-08 07:00:00,17.3,16.0,65
2026-05-08 08:00:00,17.8,16.0,57
2026-05-08 09:00:00,18.7,17.4,57
2026-05-08 10:00:00,20.0,19.1,57
2026-05-08 11:00:00,21.0,20.7,58
2026-05-08 12:00:00,20.7,20.8,61
2026-05-08 13:00:00,21.2,21.8,60
2026-05-08 14:00:00,21.4,22.2,60
2026-05-08 15:00:00,21.8,22.6,59
2026-05-08 16:00:00,21.9,22.4,58
2026-05-08 17:00:00,21.5,21.9,60
2026-05-08 18:00:00,20.5,21.3,69
2026-05-08 19:00:00,19.6,20.5,74
2026-05-08 20:00:00,18.8,20.0,80
2026-05-08 21:00:00,18.6,19.6,78
2026-05-08 22:00:00,18.1,18.8,79
2026-05-08 23:00:00,17.5,18.2,82
2026-05-09 00:00:00,17.0,17.9,84
2026-05-09 01:00:00,16.8,17.7,84
2026-05-09 02:00:00,17.4,18.5,86
2026-05-09 03:00:00,17.0,18.2,87
2026-05-09 04:00:00,16.6,18.0,87
2026-05-09 05:00:00,16.2,17.4,89
2026-05-09 06:00:00,16.2,17.3,91
2026-05-09 07:00:00,17.9,19.3,90
2026-05-09 08:00:00,19.2,20.7,80
2026-05-09 09:00:00,20.6,21.8,72
2026-05-09 10:00:00,21.8,23.1,66
2026-05-09 11:00:00,22.8,24.5,60
2026-05-09 12:00:00,23.4,25.6,58
2026-05-09 13:00:00,23.9,26.3,55
2026-05-09 14:00:00,24.2,26.1,53
2026-05-09 15:00:00,24.4,25.4,51
2026-05-09 16:00:00,24.2,24.1,50
2026-05-09 17:00:00,24.0,24.1,53
2026-05-09 18:00:00,23.1,23.9,61
2026-05-09 19:00:00,21.5,22.6,70
2026-05-09 20:00:00,20.4,21.3,71
2026-05-09 21:00:00,20.0,20.9,71
2026-05-09 22:00:00,19.9,20.4,71
2026-05-09 23:00:00,19.1,19.8,74
2026-05-10 00:00:00,18.5,19.2,77
2026-05-10 01:00:00,18.1,18.8,78
2026-05-10 02:00:00,18.0,18.8,79
2026-05-10 03:00:00,17.9,18.6,81
2026-05-10 04:00:00,17.9,18.6,82
2026-05-10 05:00:00,17.6,18.5,84
2026-05-10 06:00:00,17.5,18.4,86
2026-05-10 07:00:00,18.3,19.5,88
2026-05-10 08:00:00,19.2,21.0,88
2026-05-10 09:00:00,21.0,22.6,79
2026-05-10 10:00:00,22.6,24.1,70
2026-05-10 11:00:00,23.9,25.9,64
2026-05-10 12:00:00,24.9,27.2,58
2026-05-10 13:00:00,25.6,28.0,55
2026-05-10 14:00:00,26.0,28.1,53
2026-05-10 15:00:00,26.3,27.7,53
2026-05-10 16:00:00,26.0,26.8,55
2026-05-10 17:00:00,25.6,26.9,58
2026-05-10 18:00:00,24.8,26.5,63
2026-05-10 19:00:00,23.2,25.1,71
2026-05-10 20:00:00,22.5,24.8,77
2026-05-10 21:00:00,22.6,24.8,76
2026-05-10 22:00:00,21.9,24.0,79
2026-05-10 23:00:00,21.0,23.2,83
2026-05-11 00:00:00,20.4,22.4,83
2026-05-11 01:00:00,20.1,21.9,83
2026-05-11 02:00:00,20.1,21.7,82
2026-05-11 03:00:00,20.0,21.3,83
2026-05-11 04:00:00,19.5,20.8,84
2026-05-11 05:00:00,19.3,20.5,85
2026-05-11 06:00:00,19.1,20.5,87
2026-05-11 07:00:00,20.0,21.5,85
2026-05-11 08:00:00,21.5,23.5,82
2026-05-11 09:00:00,23.4,25.0,71
2026-05-11 10:00:00,25.0,27.0,65
2026-05-11 11:00:00,26.5,29.5,62
2026-05-11 12:00:00,27.6,31.2,59
2026-05-11 13:00:00,28.4,32.0,56
2026-05-11 14:00:00,28.8,32.1,55
2026-05-11 15:00:00,29.1,31.9,55
2026-05-11 16:00:00,29.1,30.6,52
2026-05-11 17:00:00,28.2,30.0,57
2026-05-11 18:00:00,27.0,29.4,63
2026-05-11 19:00:00,25.5,28.4,72
2026-05-11 20:00:00,24.8,27.5,73
2026-05-11 21:00:00,24.4,27.2,75
2026-05-11 22:00:00,23.8,26.6,78
2026-05-11 23:00:00,22.9,25.9,81
2026-05-12 00:00:00,22.0,25.0,85
2026-05-12 01:00:00,21.4,24.3,88
2026-05-12 02:00:00,21.5,24.5,89
2026-05-12 03:00:00,21.8,24.6,88
2026-05-12 04:00:00,21.1,23.8,90
2026-05-12 05:00:00,20.8,23.1,91
2026-05-12 06:00:00,20.5,22.6,91
2026-05-12 07:00:00,21.4,23.7,88
2026-05-12 08:00:00,22.8,25.6,83
2026-05-12 09:00:00,24.5,27.9,78
2026-05-12 10:00:00,26.2,29.6,71
2026-05-12 11:00:00,27.2,30.1,65
2026-05-12 12:00:00,28.5,31.0,56
2026-05-12 13:00:00,29.4,32.0,51
2026-05-12 14:00:00,28.8,31.1,55
2026-05-12 15:00:00,28.3,30.3,55
2026-05-12 16:00:00,28.0,30.3,56
2026-05-12 17:00:00,27.5,30.1,61
2026-05-12 18:00:00,26.5,29.7,68
2026-05-12 19:00:00,25.5,29.8,77
2026-05-12 20:00:00,25.5,29.2,76
2026-05-12 21:00:00,24.5,28.3,79
2026-05-12 22:00:00,24.0,27.7,83
2026-05-12 23:00:00,23.5,26.8,86
2026-05-13 00:00:00,23.0,26.8,89
2026-05-13 01:00:00,22.5,26.0,91
2026-05-13 02:00:00,23.1,26.4,87
2026-05-13 03:00:00,22.5,25.3,84
2026-05-13 04:00:00,22.4,24.9,83
2026-05-13 05:00:00,21.8,23.4,87
2026-05-13 06:00:00,21.0,22.1,84
2026-05-13 07:00:00,21.3,22.7,79
2026-05-13 08:00:00,23.0,26.7,92
2026-05-13 09:00:00,24.3,26.4,78
2026-05-13 10:00:00,24.5,24.7,64
2026-05-13 11:00:00,25.4,27.3,62
2026-05-13 12:00:00,26.2,28.9,60
2026-05-13 13:00:00,25.9,27.0,62
2026-05-13 14:00:00,23.8,25.7,75
2026-05-13 15:00:00,24.8,26.9,71
2026-05-13 16:00:00,24.5,26.2,72
2026-05-13 17:00:00,24.1,26.2,76
2026-05-13 18:00:00,23.7,25.9,78
2026-05-13 19:00:00,23.0,25.7,83
2026-05-13 20:00:00,22.9,25.9,88
2026-05-13 21:00:00,22.6,25.8,89
2026-05-13 22:00:00,22.3,25.7,90
2026-05-13 23:00:00,22.3,26.1,91
2026-05-14 00:00:00,22.1,25.5,92
2026-05-14 01:00:00,21.7,25.3,94
2026-05-14 02:00:00,21.8,25.6,93
2026-05-14 03:00:00,21.5,25.1,93
2026-05-14 04:00:00,21.4,25.1,94
2026-05-14 05:00:00,21.1,24.7,95
2026-05-14 06:00:00,21.1,25.0,97
2026-05-14 07:00:00,22.0,25.9,94
2026-05-14 08:00:00,23.2,27.0,87
2026-05-14 09:00:00,24.4,27.9,79
2026-05-14 10:00:00,24.9,28.1,76
2026-05-14 11:00:00,25.9,29.4,72
2026-05-14 12:00:00,26.5,31.2,72
2026-05-14 13:00:00,27.3,33.4,70
2026-05-14 14:00:00,27.1,31.0,66
2026-05-14 15:00:00,27.3,31.1,68
2026-05-14 16:00:00,27.2,30.3,67
2026-05-14 17:00:00,26.8,29.8,69
2026-05-14 18:00:00,25.7,28.7,75
2026-05-14 19:00:00,25.0,29.1,81
2026-05-14 20:00:00,24.8,29.6,87
2026-05-14 21:00:00,24.2,28.7,88
2026-05-14 22:00:00,22.0,25.9,94
2026-05-14 23:00:00,22.2,26.3,94
2026-05-15 00:00:00,22.0,26.1,94
2026-05-15 01:00:00,22.0,26.0,95
2026-05-15 02:00:00,22.6,26.8,96
2026-05-15 03:00:00,21.3,24.7,97
2026-05-15 04:00:00,21.3,25.3,98
2026-05-15 05:00:00,21.5,24.9,98
2026-05-15 06:00:00,21.6,24.8,96
2026-05-15 07:00:00,21.9,25.4,96
2026-05-15 08:00:00,23.5,26.2,85
2026-05-15 09:00:00,24.5,27.5,81
2026-05-15 10:00:00,25.5,28.7,79
2026-05-15 11:00:00,26.4,30.5,75
2026-05-15 12:00:00,27.0,30.9,72
2026-05-15 13:00:00,27.5,31.0,68
2026-05-15 14:00:00,27.3,30.8,70
2026-05-15 15:00:00,27.0,30.7,71
2026-05-15 16:00:00,27.8,30.7,66
2026-05-15 17:00:00,27.4,30.0,67
2026-05-15 18:00:00,26.4,29.1,72
2026-05-15 19:00:00,24.8,27.6,81
2026-05-15 20:00:00,24.8,27.8,83
2026-05-15 21:00:00,24.4,27.4,83
2026-05-15 22:00:00,24.0,27.2,84
2026-05-15 23:00:00,24.0,27.2,84
2026-05-16 00:00:00,23.9,26.5,82
2026-05-16 01:00:00,23.6,25.7,81
2026-05-16 02:00:00,24.0,26.2,81
2026-05-16 03:00:00,23.5,25.6,82
2026-05-16 04:00:00,23.4,25.4,82
2026-05-16 05:00:00,23.2,25.0,82
2026-05-16 06:00:00,23.1,24.8,81
2026-05-16 07:00:00,23.8,25.2,78
2026-05-16 08:00:00,24.5,26.3,76
2026-05-16 09:00:00,25.5,27.2,72
2026-05-16 10:00:00,26.9,29.3,68
2026-05-16 11:00:00,28.1,31.5,66
2026-05-16 12:00:00,28.8,32.3,63
2026-05-16 13:00:00,29.2,31.6,60
2026-05-16 14:00:00,29.5,32.1,58
2026-05-16 15:00:00,29.9,32.0,55
2026-05-16 16:00:00,29.6,31.1,55
2026-05-16 17:00:00,29.3,31.6,59
2026-05-16 18:00:00,28.3,31.1,64
2026-05-16 19:00:00,27.1,29.5,68
2026-05-16 20:00:00,26.6,28.3,68
2026-05-16 21:00:00,26.0,27.8,70
2026-05-16 22:00:00,25.8,27.4,70
2026-05-16 23:00:00,25.5,27.2,71
2026-05-17 00:00:00,25.2,27.1,72
2026-05-17 01:00:00,25.0,27.1,74
2026-05-17 02:00:00,25.3,27.9,74
2026-05-17 03:00:00,24.9,27.4,76
2026-05-17 04:00:00,24.3,27.0,80
2026-05-17 05:00:00,23.4,26.3,87
2026-05-17 06:00:00,23.0,25.9,89
2026-05-17 07:00:00,23.7,26.7,86
2026-05-17 08:00:00,24.0,27.3,88
2026-05-17 09:00:00,25.0,27.9,81
2026-05-17 10:00:00,26.6,29.7,74
2026-05-17 11:00:00,27.4,30.5,70
2026-05-17 12:00:00,27.5,30.5,71
2026-05-17 13:00:00,28.9,32.5,65
2026-05-17 14:00:00,28.8,32.0,64
2026-05-17 15:00:00,28.0,31.2,69
2026-05-17 16:00:00,27.6,31.2,74
2026-05-17 17:00:00,27.2,31.0,77
2026-05-17 18:00:00,26.5,30.2,80
2026-05-17 19:00:00,26.1,29.6,81
2026-05-17 20:00:00,26.0,29.7,81
2026-05-17 21:00:00,26.0,28.4,75
2026-05-17 22:00:00,25.1,27.4,78
2026-05-17 23:00:00,25.0,27.4,80
2026-05-18 00:00:00,24.9,27.6,80
2026-05-18 01:00:00,24.5,27.5,81
2026-05-18 02:00:00,24.5,27.4,82
2026-05-18 03:00:00,24.5,27.2,81
2026-05-18 04:00:00,24.3,26.9,82
2026-05-18 05:00:00,23.7,26.7,86
2026-05-18 06:00:00,23.0,26.4,93
2026-05-18 07:00:00,23.3,26.4,93
2026-05-18 08:00:00,22.9,25.7,94
2026-05-18 09:00:00,23.4,26.4,94
2026-05-18 10:00:00,23.6,27.1,93
2026-05-18 11:00:00,24.5,28.9,91
2026-05-18 12:00:00,25.4,29.6,87
2026-05-18 13:00:00,26.0,31.1,86
2026-05-18 14:00:00,25.0,28.5,87
2026-05-18 15:00:00,25.5,29.0,84
2026-05-18 16:00:00,25.4,29.9,85
2026-05-18 17:00:00,25.2,29.7,85
2026-05-18 18:00:00,25.1,29.7,86
2026-05-18 19:00:00,24.2,29.1,93
2026-05-18 20:00:00,24.0,28.8,96
2026-05-18 21:00:00,23.5,27.7,91
2026-05-18 22:00:00,23.4,28.0,96
2026-05-18 23:00:00,22.5,25.8,97
2026-05-20 00:00:00,21.2,24.6,96
2026-05-20 01:00:00,21.2,24.5,97
2026-05-20 02:00:00,21.5,24.8,97
2026-05-20 03:00:00,21.1,24.3,97
2026-05-20 04:00:00,20.8,23.9,98
2026-05-20 05:00:00,20.4,23.1,98
2026-05-20 06:00:00,20.1,22.6,98
2026-05-20 07:00:00,20.5,23.1,95
2026-05-20 08:00:00,21.4,23.8,89
2026-05-20 09:00:00,22.6,24.5,79
2026-05-20 10:00:00,23.8,25.6,73
2026-05-20 11:00:00,24.2,25.8,71
2026-05-20 12:00:00,24.6,26.0,69
2026-05-20 13:00:00,24.9,26.4,67
2026-05-20 14:00:00,24.6,26.3,69
2026-05-20 15:00:00,24.8,26.5,68
2026-05-20 16:00:00,25.1,27.1,67
2026-05-20 17:00:00,25.2,27.6,67
2026-05-20 18:00:00,24.8,27.6,71
2026-05-20 19:00:00,23.8,26.9,78
2026-05-20 20:00:00,23.1,27.0,83
2026-05-20 21:00:00,22.5,25.8,85
2026-05-20 22:00:00,22.1,25.3,87
2026-05-20 23:00:00,21.9,24.4,88
2026-05-21 00:00:00,21.0,23.1,89
2026-05-21 01:00:00,20.5,22.9,91
2026-05-21 02:00:00,20.8,23.7,91
2026-05-21 03:00:00,19.9,22.8,94
2026-05-21 04:00:00,19.8,22.6,94
2026-05-21 05:00:00,19.8,22.3,95
2026-05-21 06:00:00,20.0,22.2,94
2026-05-21 07:00:00,20.8,23.3,92
2026-05-21 08:00:00,22.0,25.0,87
2026-05-21 09:00:00,23.5,26.2,79
2026-05-21 10:00:00,24.9,27.9,70
2026-05-21 11:00:00,26.0,29.4,63
2026-05-21 12:00:00,26.8,30.5,60
2026-05-21 13:00:00,27.2,30.2,58
2026-05-21 14:00:00,27.8,31.2,56
2026-05-21 15:00:00,28.4,32.0,56
2026-05-21 16:00:00,28.5,31.1,56
2026-05-21 17:00:00,28.4,31.1,56
2026-05-21 18:00:00,28.1,31.2,58
2026-05-21 19:00:00,26.8,30.4,69
2026-05-21 20:00:00,25.7,29.8,77
2026-05-21 21:00:00,25.1,28.5,77
2026-05-21 22:00:00,25.0,28.6,79
2026-05-21 23:00:00,24.4,28.4,83
2026-05-22 00:00:00,23.9,27.9,88
2026-05-22 01:00:00,23.1,27.4,93
2026-05-22 02:00:00,23.6,27.7,94
2026-05-22 03:00:00,23.3,27.2,95
2026-05-22 04:00:00,23.0,27.2,96
2026-05-22 05:00:00,22.9,27.0,96
2026-05-22 06:00:00,23.0,27.3,96
2026-05-22 07:00:00,23.8,28.0,94
2026-05-22 08:00:00,24.3,28.8,92
2026-05-22 09:00:00,25.2,29.9,88
2026-05-22 10:00:00,27.2,31.4,75
2026-05-22 11:00:00,28.0,32.1,73
2026-05-22 12:00:00,29.0,33.5,69
2026-05-22 13:00:00,29.5,34.2,67
2026-05-22 14:00:00,29.1,34.2,68
2026-05-22 15:00:00,28.2,32.5,73
2026-05-22 16:00:00,27.1,31.5,79
2026-05-22 17:00:00,27.2,31.4,76
2026-05-22 18:00:00,25.7,30.4,88
2026-05-22 19:00:00,25.5,31.0,90
2026-05-22 20:00:00,25.1,31.2,96
2026-05-22 21:00:00,25.1,31.3,95
2026-05-22 22:00:00,24.9,30.9,95
2026-05-22 23:00:00,24.9,30.8,96
2026-05-23 00:00:00,24.6,30.0,97
2026-05-23 01:00:00,24.4,29.7,97
2026-05-23 02:00:00,24.8,30.3,94
2026-05-23 03:00:00,24.4,29.8,96
2026-05-23 04:00:00,24.2,29.9,96
2026-05-23 05:00:00,23.8,29.2,99
2026-05-23 06:00:00,23.9,28.9,98
2026-05-23 07:00:00,24.5,29.7,96
2026-05-23 08:00:00,26.0,31.3,88
2026-05-23 09:00:00,26.5,32.0,86
2026-05-23 10:00:00,27.4,33.2,83
2026-05-23 11:00:00,29.2,35.3,73
2026-05-23 12:00:00,28.7,34.0,75
2026-05-23 13:00:00,29.9,35.8,70
2026-05-23 14:00:00,29.4,35.2,70
2026-05-23 15:00:00,29.5,35.0,70
2026-05-23 16:00:00,29.5,34.9,71
2026-05-23 17:00:00,29.4,35.0,73
2026-05-23 18:00:00,29.1,34.5,73
2026-05-23 19:00:00,28.1,34.1,81
2026-05-23 20:00:00,27.8,34.4,86
2026-05-23 21:00:00,27.0,32.7,88
2026-05-23 22:00:00,26.0,31.0,90
2026-05-23 23:00:00,25.2,30.4,93
2026-05-24 00:00:00,25.0,29.7,93
2026-05-24 01:00:00,24.6,28.8,94
2026-05-24 02:00:00,24.8,28.6,95
2026-05-24 03:00:00,24.1,27.9,96
2026-05-24 04:00:00,23.7,27.8,98
2026-05-24 05:00:00,23.9,28.3,96
2026-05-24 06:00:00,23.8,28.0,96
2026-05-24 07:00:00,24.2,28.7,96
2026-05-24 08:00:00,25.0,30.1,97
2026-05-24 09:00:00,25.2,31.0,96
2026-05-24 10:00:00,26.2,31.8,90
2026-05-24 11:00:00,26.6,32.4,92
2026-05-24 12:00:00,27.8,33.7,88
2026-05-24 13:00:00,29.8,36.4,77
2026-05-24 14:00:00,28.9,35.0,80
2026-05-24 15:00:00,27.0,31.9,87
2026-05-24 16:00:00,26.7,33.2,91
2026-05-24 17:00:00,27.1,33.5,89
2026-05-24 18:00:00,26.4,32.7,92
2026-05-24 19:00:00,25.8,31.4,96
2026-05-24 20:00:00,26.9,33.0,93
2026-05-24 21:00:00,25.9,31.6,97
2026-05-24 22:00:00,26.1,31.4,96
2026-05-24 23:00:00,25.5,30.2,97
2026-05-25 00:00:00,25.7,31.1,97
2026-05-25 01:00:00,25.6,31.2,97
2026-05-25 02:00:00,26.8,32.5,97
2026-05-25 03:00:00,25.7,31.2,98
2026-05-25 04:00:00,25.2,29.8,98
2026-05-25 05:00:00,25.2,30.0,98
2026-05-25 06:00:00,25.5,31.4,97
2026-05-25 07:00:00,25.4,30.6,97
2026-05-25 08:00:00,27.5,33.1,92
2026-05-25 09:00:00,29.2,35.0,84
2026-05-25 10:00:00,29.8,34.7,76
2026-05-25 11:00:00,28.5,34.1,86
2026-05-25 12:00:00,29.4,34.4,81
2026-05-25 13:00:00,30.5,36.7,77
2026-05-25 14:00:00,31.5,38.3,75
2026-05-25 15:00:00,31.6,37.7,73
2026-05-25 16:00:00,26.5,32.4,95
2026-05-25 17:00:00,26.8,32.3,93
2026-05-25 18:00:00,26.8,33.1,93
2026-05-25 19:00:00,26.5,32.9,94
2026-05-25 20:00:00,27.1,33.8,96
2026-05-25 21:00:00,26.5,32.6,97
2026-05-25 22:00:00,26.1,33.0,97
2026-05-25 23:00:00,25.9,32.2,97
2026-05-26 00:00:00,25.7,31.9,97
2026-05-26 01:00:00,25.5,30.4,96
2026-05-26 02:00:00,24.8,29.1,95
2026-05-26 03:00:00,24.2,28.3,95
2026-05-26 04:00:00,24.0,27.9,95
2026-05-26 05:00:00,23.5,27.0,95
2026-05-26 06:00:00,23.2,26.3,94
2026-05-26 07:00:00,23.2,26.0,90
2026-05-26 08:00:00,23.9,26.6,88
2026-05-26 09:00:00,24.7,27.0,82
2026-05-26 10:00:00,25.0,27.5,80
2026-05-26 11:00:00,26.2,29.1,75
2026-05-26 12:00:00,26.9,30.0,73
2026-05-26 13:00:00,27.0,30.0,72
2026-05-26 14:00:00,26.7,29.5,72
2026-05-26 15:00:00,26.5,29.2,71
2026-05-26 16:00:00,26.3,28.8,71
2026-05-26 17:00:00,26.4,28.8,70
2026-05-26 18:00:00,25.7,28.2,73
2026-05-26 19:00:00,24.7,27.1,76
2026-05-26 20:00:00,24.0,26.3,78
2026-05-26 21:00:00,23.4,25.5,80
2026-05-26 22:00:00,22.9,24.9,81
2026-05-26 23:00:00,22.5,24.6,82
2026-05-27 00:00:00,22.1,24.3,84
2026-05-27 01:00:00,21.9,23.9,84
2026-05-27 02:00:00,22.0,23.5,83
2026-05-27 03:00:00,21.6,23.2,83
2026-05-27 04:00:00,21.4,22.9,83
2026-05-27 05:00:00,20.6,22.2,88
2026-05-27 06:00:00,20.6,22.5,89
2026-05-27 07:00:00,21.0,23.0,86
2026-05-27 08:00:00,22.2,23.8,79
2026-05-27 09:00:00,22.9,25.3,77
2026-05-27 10:00:00,22.2,24.3,84
2026-05-27 11:00:00,23.3,25.2,78
2026-05-27 12:00:00,24.6,26.6,70
2026-05-27 13:00:00,26.7,29.8,62
2026-05-27 14:00:00,24.9,27.1,71
2026-05-27 15:00:00,25.6,27.9,68
2026-05-27 16:00:00,26.5,29.0,64
2026-05-27 17:00:00,26.6,29.4,63
2026-05-27 18:00:00,26.5,29.6,65
2026-05-27 19:00:00,25.5,29.3,75
2026-05-27 20:00:00,24.4,27.9,81
2026-05-27 21:00:00,23.6,27.6,85
2026-05-27 22:00:00,23.5,27.3,87
2026-05-27 23:00:00,23.3,27.0,88
2026-05-28 00:00:00,23.3,27.2,88
2026-05-28 01:00:00,23.4,27.3,88
2026-05-28 02:00:00,23.6,27.8,90
2026-05-28 03:00:00,23.3,27.5,91
2026-05-28 04:00:00,23.0,27.1,92
2026-05-28 05:00:00,22.4,26.6,94
2026-05-28 06:00:00,22.6,27.1,94
2026-05-28 07:00:00,23.8,28.3,90
2026-05-28 08:00:00,25.0,29.5,84
2026-05-28 09:00:00,26.0,30.4,77
2026-05-28 10:00:00,27.4,32.0,71
2026-05-28 11:00:00,28.4,34.0,67
2026-05-28 12:00:00,29.6,35.3,62
2026-05-28 13:00:00,30.5,36.0,58
2026-05-28 14:00:00,28.4,33.3,65
2026-05-28 15:00:00,27.2,32.0,80
2026-05-28 16:00:00,27.0,31.5,81
2026-05-28 17:00:00,27.5,31.9,77
2026-05-28 18:00:00,27.0,31.2,78
2026-05-28 19:00:00,26.4,30.1,78
2026-05-28 20:00:00,25.8,29.8,84
2026-05-28 21:00:00,25.5,29.7,84
2026-05-28 22:00:00,25.5,28.7,79
2026-05-28 23:00:00,25.2,26.7,67
2026-05-29 00:00:00,24.7,25.8,65
2026-05-29 01:00:00,22.5,23.6,79
2026-05-29 02:00:00,23.5,24.8,73
2026-05-29 03:00:00,23.7,25.4,70
2026-05-29 04:00:00,23.4,24.4,67
2026-05-29 05:00:00,23.0,23.6,65
2026-05-29 06:00:00,22.8,23.7,67
2026-05-29 07:00:00,23.0,24.4,69
2026-05-29 08:00:00,23.4,24.5,68
2026-05-29 09:00:00,23.5,24.8,68
2026-05-29 10:00:00,24.0,25.9,70
2026-05-29 11:00:00,24.9,26.5,66
2026-05-29 12:00:00,25.8,27.3,62
2026-05-29 13:00:00,26.5,28.0,58
2026-05-29 14:00:00,25.9,27.0,58
2026-05-29 15:00:00,26.2,27.1,56
2026-05-29 16:00:00,26.0,27.5,59
2026-05-29 17:00:00,25.7,27.0,62
2026-05-29 18:00:00,25.3,26.8,66
2026-05-29 19:00:00,24.2,26.1,71
2026-05-29 20:00:00,23.7,26.0,75
2026-05-29 21:00:00,23.1,25.5,78
2026-05-29 22:00:00,22.9,25.0,79
2026-05-29 23:00:00,22.5,24.7,81
2026-05-30 00:00:00,22.1,24.4,83
2026-05-30 01:00:00,22.0,24.0,83
2026-05-30 02:00:00,21.7,23.3,86
2026-05-30 03:00:00,21.3,22.8,85
2026-05-30 04:00:00,21.2,22.5,83
2026-05-30 05:00:00,21.2,22.4,80
2026-05-30 06:00:00,21.2,22.4,79
2026-05-30 07:00:00,21.8,23.6,79
2026-05-30 08:00:00,23.0,25.5,76
2026-05-30 09:00:00,23.7,26.1,74
2026-05-30 10:00:00,24.8,27.2,70
2026-05-30 11:00:00,26.1,28.7,64
2026-05-30 12:00:00,27.4,31.9,62
2026-05-30 13:00:00,28.3,33.5,57
2026-05-30 14:00:00,28.7,33.0,51
2026-05-30 15:00:00,29.0,32.5,51
2026-05-30 16:00:00,28.9,31.2,51
2026-05-30 17:00:00,28.6,30.9,51
2026-05-30 18:00:00,28.2,30.5,52
2026-05-30 19:00:00,27.2,30.5,61
2026-05-30 20:00:00,25.5,29.2,74
2026-05-30 21:00:00,25.0,28.4,74
2026-05-30 22:00:00,24.4,27.5,76
2026-05-30 23:00:00,23.9,26.7,76
2026-05-31 00:00:00,23.3,26.0,77
2026-05-31 01:00:00,22.7,25.4,80
2026-05-31 02:00:00,22.5,25.1,81
2026-05-31 03:00:00,21.8,24.3,83
2026-05-31 04:00:00,21.3,23.7,85
2026-05-31 05:00:00,20.8,23.2,86
2026-05-31 06:00:00,20.7,23.3,87
2026-05-31 07:00:00,21.6,24.3,82
2026-05-31 08:00:00,23.7,27.1,78
2026-05-31 09:00:00,25.4,29.0,70
2026-05-31 10:00:00,26.7,30.8,63
2026-05-31 11:00:00,27.6,32.2,60
2026-05-31 12:00:00,28.5,33.3,57
2026-05-31 13:00:00,29.0,33.3,56
2026-05-31 14:00:00,29.0,31.5,56
2026-05-31 15:00:00,29.0,31.8,56
2026-05-31 16:00:00,28.9,31.3,57
2026-05-31 17:00:00,28.6,31.3,57
2026-05-31 18:00:00,28.4,31.6,58
2026-05-31 19:00:00,27.5,31.8,69
2026-05-31 20:00:00,26.8,31.4,76
2026-05-31 21:00:00,26.4,30.9,74
2026-05-31 22:00:00,25.7,30.1,77
2026-05-31 23:00:00,25.1,29.4,81
2026-06-01 00:00:00,24.8,29.0,83
2026-06-01 01:00:00,24.1,28.3,86
2026-06-01 02:00:00,24.0,27.5,85
2026-06-01 03:00:00,23.1,26.6,86
2026-06-01 04:00:00,22.6,26.1,86
2026-06-01 05:00:00,22.4,25.8,87
2026-06-01 06:00:00,22.6,26.0,86
2026-06-01 07:00:00,23.6,27.2,81
2026-06-01 08:00:00,25.6,29.3,72
2026-06-01 09:00:00,27.1,30.8,65
2026-06-01 10:00:00,28.2,32.5,62
2026-06-01 11:00:00,29.0,34.0,60
2026-06-01 12:00:00,29.6,34.7,57
2026-06-01 13:00:00,30.4,35.5,52
2026-06-01 14:00:00,30.8,35.3,49
2026-06-01 15:00:00,31.0,34.4,46
2026-06-01 16:00:00,30.8,33.0,46
2026-06-01 17:00:00,30.4,32.1,48
2026-06-01 18:00:00,29.8,32.4,52
2026-06-01 19:00:00,28.4,32.6,67
2026-06-01 20:00:00,28.0,32.8,72
2026-06-01 21:00:00,27.4,31.9,72
2026-06-01 22:00:00,26.8,31.1,75
2026-06-01 23:00:00,26.2,30.5,77
2026-06-02 00:00:00,25.6,29.5,80
2026-06-02 01:00:00,25.1,29.1,82
2026-06-02 02:00:00,25.0,29.1,83
2026-06-02 03:00:00,24.4,28.5,85
2026-06-02 04:00:00,24.0,28.2,86
2026-06-02 05:00:00,23.8,28.1,87
2026-06-02 06:00:00,24.2,28.7,86
2026-06-02 07:00:00,24.9,29.2,83
2026-06-02 08:00:00,26.8,31.6,78
2026-06-02 09:00:00,27.1,31.4,75
2026-06-02 10:00:00,29.2,33.5,65
2026-06-02 11:00:00,30.5,35.7,60
2026-06-02 12:00:00,30.8,34.8,57
2026-06-02 13:00:00,30.9,34.6,57
2026-06-02 14:00:00,31.2,36.1,56
2026-06-02 15:00:00,31.6,35.9,53
2026-06-02 16:00:00,31.8,35.2,52
2026-06-02 17:00:00,31.4,34.3,52
2026-06-02 18:00:00,30.6,33.6,54
2026-06-02 19:00:00,29.4,33.1,63
2026-06-02 20:00:00,28.2,32.7,72
2026-06-02 21:00:00,27.5,32.5,77
2026-06-02 22:00:00,27.1,32.4,79
2026-06-02 23:00:00,26.8,31.9,81
2026-06-03 00:00:00,26.5,31.9,83
2026-06-03 01:00:00,26.3,31.5,84
2026-06-03 02:00:00,27.0,32.2,82
2026-06-03 03:00:00,26.0,31.5,86
2026-06-03 04:00:00,25.7,30.6,86
2026-06-03 05:00:00,24.9,29.4,92
2026-06-03 06:00:00,24.6,29.4,95
2026-06-03 07:00:00,24.8,29.7,96
2026-06-03 08:00:00,25.0,30.2,97
2026-06-03 09:00:00,25.5,31.0,95
2026-06-03 10:00:00,26.6,31.5,87
2026-06-03 11:00:00,28.3,34.2,81
2026-06-03 12:00:00,29.5,36.4,76
2026-06-03 13:00:00,30.2,36.6,72
2026-06-03 14:00:00,29.1,34.0,75
2026-06-03 15:00:00,28.2,33.5,81
2026-06-03 16:00:00,27.8,33.1,84
2026-06-03 17:00:00,28.0,33.5,82
2026-06-03 18:00:00,27.9,33.6,82
2026-06-03 19:00:00,27.5,33.3,86
2026-06-03 20:00:00,27.0,32.9,89
2026-06-03 21:00:00,26.5,32.3,91
2026-06-03 22:00:00,26.1,32.2,93
2026-06-03 23:00:00,25.8,31.8,94
2026-06-04 00:00:00,25.6,31.4,94
2026-06-04 01:00:00,25.2,30.8,95
2026-06-04 02:00:00,25.3,30.8,95
2026-06-04 03:00:00,25.1,30.6,94
2026-06-04 04:00:00,25.0,30.2,94
2026-06-04 05:00:00,24.5,29.7,95
2026-06-04 06:00:00,24.6,29.9,96
2026-06-04 07:00:00,25.2,30.6,92
2026-06-04 08:00:00,26.6,31.9,85
2026-06-04 09:00:00,27.9,32.9,77
2026-06-04 10:00:00,29.5,34.6,69
2026-06-04 11:00:00,30.1,35.8,66
2026-06-04 12:00:00,30.9,36.8,64
2026-06-04 13:00:00,29.9,36.1,70
2026-06-04 14:00:00,30.7,36.8,69
2026-06-04 15:00:00,30.9,36.7,68
2026-06-04 16:00:00,30.9,36.5,68
2026-06-04 17:00:00,30.8,36.3,68
2026-06-04 18:00:00,29.9,35.9,74
2026-06-04 19:00:00,29.0,35.6,81
2026-06-04 20:00:00,29.3,34.9,76
2026-06-04 21:00:00,28.3,33.4,78
2026-06-04 22:00:00,27.5,32.4,81
2026-06-04 23:00:00,26.9,31.6,82
2026-06-05 00:00:00,26.7,31.2,80
2026-06-05 01:00:00,26.4,30.8,81
2026-06-05 02:00:00,26.7,31.3,82
2026-06-05 03:00:00,25.9,30.5,85
2026-06-05 04:00:00,25.6,30.9,89
2026-06-05 05:00:00,25.4,30.6,91
2026-06-05 06:00:00,25.6,30.7,90
2026-06-05 07:00:00,26.3,31.9,88
2026-06-05 08:00:00,27.9,33.7,84
2026-06-05 09:00:00,29.4,35.3,77
2026-06-05 10:00:00,30.4,35.7,67
2026-06-05 11:00:00,31.1,36.5,63
2026-06-05 12:00:00,31.5,36.8,61
2026-06-05 13:00:00,31.9,37.6,60
2026-06-05 14:00:00,32.0,37.9,60
2026-06-05 15:00:00,32.2,37.4,57
2026-06-05 16:00:00,31.9,36.0,58
2026-06-05 17:00:00,31.5,35.1,58
2026-06-05 18:00:00,30.7,35.2,65
2026-06-05 19:00:00,29.6,34.5,71
2026-06-05 20:00:00,29.2,33.9,71
2026-06-05 21:00:00,28.8,33.1,73
2026-06-05 22:00:00,28.2,31.7,72
2026-06-05 23:00:00,27.8,31.1,72
2026-06-06 00:00:00,27.1,30.7,75
2026-06-06 01:00:00,26.7,30.5,78
2026-06-06 02:00:00,27.0,30.9,77
2026-06-06 03:00:00,26.6,30.7,78
2026-06-06 04:00:00,26.3,30.5,80
2026-06-06 05:00:00,26.0,30.1,82
2026-06-06 06:00:00,25.9,29.8,82
2026-06-06 07:00:00,26.6,30.8,79
2026-06-06 08:00:00,27.7,31.5,75
2026-06-06 09:00:00,28.6,32.0,70
2026-06-06 10:00:00,29.5,34.0,67
2026-06-06 11:00:00,30.4,35.9,65
2026-06-06 12:00:00,31.2,37.6,62
2026-06-06 13:00:00,31.7,38.6,59
2026-06-06 14:00:00,32.2,38.6,54
2026-06-06 15:00:00,32.6,38.2,53
2026-06-06 16:00:00,32.5,37.4,54
2026-06-06 17:00:00,32.3,36.6,54
2026-06-06 18:00:00,31.7,36.0,58
2026-06-06 19:00:00,30.6,35.8,67
2026-06-06 20:00:00,29.5,36.2,79
2026-06-06 21:00:00,29.3,34.9,76
2026-06-06 22:00:00,28.4,34.4,80
2026-06-06 23:00:00,26.8,32.2,88
2026-06-07 00:00:00,25.3,29.5,91
2026-06-07 01:00:00,24.8,29.2,91
2026-06-07 02:00:00,24.6,28.8,94
2026-06-07 03:00:00,23.8,27.2,92
2026-06-07 04:00:00,23.4,26.8,95
2026-06-07 05:00:00,23.5,26.6,93
2026-06-07 06:00:00,23.1,24.9,86
2026-06-07 07:00:00,23.0,24.4,81
2026-06-07 08:00:00,23.9,24.8,74
2026-06-07 09:00:00,24.2,25.0,73
2026-06-07 10:00:00,24.9,25.6,70
2026-06-07 11:00:00,26.1,27.1,67
2026-06-07 12:00:00,26.4,27.9,65
2026-06-07 13:00:00,27.2,29.2,61
2026-06-07 14:00:00,25.8,27.2,65
2026-06-07 15:00:00,25.0,25.5,67
2026-06-07 16:00:00,24.2,23.8,67
2026-06-07 17:00:00,23.5,23.0,69
2026-06-07 18:00:00,22.3,21.9,73
2026-06-07 19:00:00,21.2,21.1,77
2026-06-07 20:00:00,20.1,20.0,83
2026-06-07 21:00:00,19.8,20.2,86
2026-06-07 22:00:00,19.8,20.5,88
2026-06-07 23:00:00,19.9,21.1,90
2026-06-08 00:00:00,19.6,20.3,93
2026-06-08 01:00:00,19.4,19.8,92
2026-06-08 02:00:00,19.2,19.2,92
2026-06-08 03:00:00,19.1,18.9,90
2026-06-08 04:00:00,19.0,19.0,90
2026-06-08 05:00:00,18.5,18.3,91
2026-06-08 06:00:00,18.0,17.6,91
2026-06-08 07:00:00,18.0,17.9,91
2026-06-08 08:00:00,19.2,19.9,91
2026-06-08 09:00:00,20.1,21.0,86
2026-06-08 10:00:00,20.8,21.5,81
2026-06-08 11:00:00,20.9,21.1,76
2026-06-08 12:00:00,21.2,21.3,68
2026-06-08 13:00:00,21.6,21.8,65
2026-06-08 14:00:00,21.3,22.2,74
2026-06-08 15:00:00,21.2,22.5,78
2026-06-08 16:00:00,21.7,22.4,70
2026-06-08 17:00:00,22.1,22.6,66
2026-06-08 18:00:00,22.0,23.1,68
2026-06-08 19:00:00,21.5,23.5,76
2026-06-08 20:00:00,21.6,23.8,76
2026-06-08 21:00:00,21.1,23.5,78
2026-06-08 22:00:00,21.1,23.3,78
2026-06-08 23:00:00,20.6,22.7,81
2026-06-09 00:00:00,20.2,22.4,82
2026-06-09 01:00:00,20.0,22.1,83
2026-06-09 02:00:00,20.2,22.5,83
2026-06-09 03:00:00,19.6,21.5,85
2026-06-09 04:00:00,19.0,20.7,85
2026-06-09 05:00:00,18.6,20.3,87
2026-06-09 06:00:00,18.8,20.5,86
2026-06-09 07:00:00,20.0,21.9,82
2026-06-09 08:00:00,21.6,23.3,72
2026-06-09 09:00:00,23.0,24.6,63
2026-06-09 10:00:00,24.4,27.2,58
2026-06-09 11:00:00,25.6,29.1,50
2026-06-09 12:00:00,26.4,30.0,45
2026-06-09 13:00:00,27.0,30.4,43
2026-06-09 14:00:00,27.5,30.4,42
2026-06-09 15:00:00,27.8,30.2,42
2026-06-09 16:00:00,27.9,29.4,42
2026-06-09 17:00:00,27.5,28.3,43
2026-06-09 18:00:00,27.1,28.3,45
2026-06-09 19:00:00,25.8,28.1,58
2026-06-09 20:00:00,24.8,27.0,64
2026-06-09 21:00:00,23.9,25.7,65
2026-06-09 22:00:00,23.4,25.2,68
2026-06-09 23:00:00,23.0,24.7,69
2026-06-10 00:00:00,22.5,24.2,71
2026-06-10 01:00:00,21.9,23.6,74
2026-06-10 02:00:00,21.5,23.7,78
2026-06-10 03:00:00,20.6,22.6,81
2026-06-10 04:00:00,19.9,22.0,84
2026-06-10 05:00:00,19.5,21.6,87
2026-06-10 06:00:00,19.6,22.4,89
2026-06-10 07:00:00,21.3,23.6,78
2026-06-10 08:00:00,23.5,25.8,69
2026-06-10 09:00:00,25.1,27.3,61
2026-06-10 10:00:00,26.6,29.6,54
2026-06-10 11:00:00,28.0,31.7,48
2026-06-10 12:00:00,29.0,33.1,45
2026-06-10 13:00:00,29.8,33.9,43
2026-06-10 14:00:00,30.2,32.8,41
2026-06-10 15:00:00,30.4,31.7,40
2026-06-10 16:00:00,30.4,31.4,40
2026-06-10 17:00:00,30.2,31.3,40
2026-06-10 18:00:00,29.6,30.9,41
2026-06-10 19:00:00,29.0,30.3,44
2026-06-10 20:00:00,28.5,30.0,46
2026-06-10 21:00:00,27.1,29.1,53
2026-06-10 22:00:00,26.5,28.8,57
2026-06-10 23:00:00,26.0,28.5,61
2026-06-11 00:00:00,25.1,27.8,67
2026-06-11 01:00:00,24.4,27.3,72
2026-06-11 02:00:00,23.9,26.9,76
2026-06-11 03:00:00,23.1,26.3,80
2026-06-11 04:00:00,22.7,26.0,82
2026-06-11 05:00:00,22.5,26.1,84
2026-06-11 06:00:00,22.7,26.3,84
2026-06-11 07:00:00,23.8,26.9,76
2026-06-11 08:00:00,26.0,28.9,64
2026-06-11 09:00:00,27.8,30.5,55
2026-06-11 10:00:00,29.4,32.1,48
2026-06-11 11:00:00,30.5,33.3,44
2026-06-11 12:00:00,31.1,33.7,42
2026-06-11 13:00:00,31.1,32.8,42
2026-06-11 14:00:00,31.1,32.6,40
2026-06-11 15:00:00,30.5,31.9,42
2026-06-11 16:00:00,30.4,31.9,44
2026-06-11 17:00:00,30.2,32.0,44
2026-06-11 18:00:00,30.0,31.9,45
2026-06-11 19:00:00,29.2,31.0,47
2026-06-11 20:00:00,29.5,31.2,45
2026-06-11 21:00:00,28.1,30.3,52
2026-06-11 22:00:00,27.4,29.8,57
2026-06-11 23:00:00,26.8,29.5,63
2026-06-12 00:00:00,26.3,29.2,68
2026-06-12 01:00:00,25.8,29.2,71
2026-06-12 02:00:00,25.7,29.4,73
2026-06-12 03:00:00,25.3,29.1,75
2026-06-12 04:00:00,25.0,28.8,77
2026-06-12 05:00:00,24.9,28.7,77
2026-06-12 06:00:00,25.1,28.8,76
2026-06-12 07:00:00,25.8,29.2,74
2026-06-12 08:00:00,25.9,29.1,73
2026-06-12 09:00:00,26.4,29.6,71
2026-06-12 10:00:00,27.7,30.6,65
2026-06-12 11:00:00,27.5,28.4,60
2026-06-12 12:00:00,28.3,29.3,49
2026-06-12 13:00:00,29.4,29.8,44
2026-06-12 14:00:00,27.7,27.3,48
2026-06-12 15:00:00,26.9,26.7,50
2026-06-12 16:00:00,25.9,26.2,54
2026-06-12 17:00:00,25.3,26.0,56
2026-06-12 18:00:00,25.0,26.2,58
2026-06-12 19:00:00,24.7,26.1,61
2026-06-12 20:00:00,25.0,26.7,61
2026-06-12 21:00:00,24.6,26.6,66
2026-06-12 22:00:00,24.4,26.4,68
2026-06-12 23:00:00,24.3,26.3,68
2026-06-13 00:00:00,23.6,25.4,70
2026-06-13 01:00:00,22.7,24.4,72
2026-06-13 02:00:00,22.3,25.2,88
2026-06-13 03:00:00,22.0,25.5,92
2026-06-13 04:00:00,21.6,24.2,90
2026-06-13 05:00:00,20.9,23.2,92
2026-06-13 06:00:00,20.8,23.2,93
2026-06-13 07:00:00,20.9,23.2,93
2026-06-13 08:00:00,21.3,23.8,90
2026-06-13 09:00:00,22.0,24.5,87
2026-06-13 10:00:00,23.0,25.1,80
2026-06-13 11:00:00,23.6,26.1,76
2026-06-13 12:00:00,24.5,27.0,71
2026-06-13 13:00:00,25.2,27.9,69
2026-06-13 14:00:00,24.3,27.8,76
2026-06-13 15:00:00,24.2,27.4,78
2026-06-13 16:00:00,23.8,26.7,82
2026-06-13 17:00:00,23.8,26.6,82
2026-06-13 18:00:00,23.3,26.3,85
2026-06-13 19:00:00,23.0,26.2,87
2026-06-13 20:00:00,23.5,26.8,82
2026-06-13 21:00:00,22.8,26.4,88
2026-06-13 22:00:00,22.4,26.1,90
2026-06-13 23:00:00,22.1,25.7,90
2026-06-14 00:00:00,21.9,25.4,90
2026-06-14 01:00:00,21.7,25.5,91
2026-06-14 02:00:00,21.9,26.1,95
2026-06-14 03:00:00,21.2,25.3,97
2026-06-14 04:00:00,20.8,24.6,99
2026-06-14 05:00:00,20.5,24.0,100
2026-06-14 06:00:00,20.6,24.3,99
2026-06-14 07:00:00,21.2,25.1,98
2026-06-14 08:00:00,23.0,26.7,86
2026-06-14 09:00:00,24.4,27.7,77
2026-06-14 10:00:00,25.7,29.0,69
2026-06-14 11:00:00,26.6,29.7,65
2026-06-14 12:00:00,27.5,30.8,61
2026-06-14 13:00:00,28.4,31.7,56
2026-06-14 14:00:00,28.9,32.8,55
2026-06-14 15:00:00,29.5,32.6,52
2026-06-14 16:00:00,29.8,32.1,50
2026-06-14 17:00:00,29.6,32.1,51
2026-06-14 18:00:00,29.3,32.1,52
2026-06-14 19:00:00,28.4,32.2,61
2026-06-14 20:00:00,27.0,31.7,74
2026-06-14 21:00:00,26.5,31.1,75
2026-06-14 22:00:00,26.1,30.9,78
2026-06-14 23:00:00,25.4,29.7,80
2026-06-15 00:00:00,24.7,29.0,83
2026-06-15 01:00:00,24.3,28.9,87
2026-06-15 02:00:00,24.6,29.7,89
2026-06-15 03:00:00,23.9,28.9,92
2026-06-15 04:00:00,23.6,28.3,94
2026-06-15 05:00:00,23.2,28.0,95
2026-06-15 06:00:00,23.6,28.4,94
2026-06-15 07:00:00,24.4,29.1,89
2026-06-15 08:00:00,26.0,30.3,78
2026-06-15 09:00:00,27.4,31.3,69
2026-06-15 10:00:00,28.6,33.3,63
2026-06-15 11:00:00,29.8,35.4,56
2026-06-15 12:00:00,30.7,36.4,52
2026-06-15 13:00:00,31.6,36.7,48
2026-06-15 14:00:00,31.7,35.3,45
2026-06-15 15:00:00,31.8,34.5,44
2026-06-15 16:00:00,32.1,34.0,41
2026-06-15 17:00:00,32.0,33.1,41
2026-06-15 18:00:00,31.3,33.0,45
2026-06-15 19:00:00,30.5,32.6,48
2026-06-15 20:00:00,30.0,33.0,52
2026-06-15 21:00:00,28.9,32.5,59
2026-06-15 22:00:00,27.9,31.1,64
2026-06-15 23:00:00,27.0,30.1,69
2026-06-16 00:00:00,26.6,29.7,73
2026-06-16 01:00:00,26.1,28.8,72
2026-06-16 02:00:00,25.7,28.7,76
2026-06-16 03:00:00,24.9,27.9,79
2026-06-16 04:00:00,24.4,27.7,81
2026-06-16 05:00:00,24.0,27.6,84
2026-06-16 06:00:00,24.0,27.5,84
2026-06-16 07:00:00,24.8,28.1,78
2026-06-16 08:00:00,25.8,28.7,73
2026-06-16 09:00:00,27.1,30.0,67
2026-06-16 10:00:00,29.0,32.4,59
2026-06-16 11:00:00,28.8,31.7,60
2026-06-16 12:00:00,29.4,32.3,57
2026-06-16 13:00:00,31.1,34.5,50
2026-06-16 14:00:00,32.0,36.4,45
2026-06-16 15:00:00,32.3,36.0,45
2026-06-16 16:00:00,32.1,34.5,45
2026-06-16 17:00:00,31.9,34.0,45
2026-06-16 18:00:00,31.1,33.1,49
2026-06-16 19:00:00,29.6,32.1,57
2026-06-16 20:00:00,29.8,32.7,57
2026-06-16 21:00:00,29.0,32.2,60
2026-06-16 22:00:00,28.4,31.7,64
2026-06-16 23:00:00,27.6,31.2,69
2026-06-17 00:00:00,26.8,30.9,75
2026-06-17 01:00:00,26.4,30.4,78
2026-06-17 02:00:00,26.5,30.6,79
2026-06-17 03:00:00,25.8,29.8,81
2026-06-17 04:00:00,25.4,29.3,81
2026-06-17 05:00:00,25.0,28.7,83
2026-06-17 06:00:00,24.9,28.5,84
2026-06-17 07:00:00,25.8,29.5,79
2026-06-17 08:00:00,27.6,31.2,70
2026-06-17 09:00:00,29.1,32.4,62
2026-06-17 10:00:00,30.7,34.5,54
2026-06-17 11:00:00,32.0,36.3,48
2026-06-17 12:00:00,33.4,37.9,42
2026-06-17 13:00:00,33.7,36.9,40
2026-06-17 14:00:00,34.3,36.5,35
2026-06-17 15:00:00,35.1,38.0,32
2026-06-17 16:00:00,35.5,37.3,29
2026-06-17 17:00:00,34.2,35.4,32
2026-06-17 18:00:00,33.0,34.7,40
2026-06-17 19:00:00,31.7,33.9,46
2026-06-17 20:00:00,32.0,34.4,47
2026-06-17 21:00:00,31.5,33.8,48
2026-06-17 22:00:00,30.9,33.9,52
2026-06-17 23:00:00,29.9,33.7,58
2026-06-18 00:00:00,29.3,33.4,64
2026-06-18 01:00:00,28.7,33.0,67
2026-06-18 02:00:00,28.9,33.5,71
2026-06-18 03:00:00,28.4,32.7,74
2026-06-18 04:00:00,28.0,32.4,76
2026-06-18 05:00:00,27.0,31.2,80
2026-06-18 06:00:00,26.9,31.0,78
2026-06-18 07:00:00,27.2,31.3,75
2026-06-18 08:00:00,27.9,32.8,79
2026-06-18 09:00:00,29.0,33.3,72
2026-06-18 10:00:00,29.4,33.0,67
2026-06-18 11:00:00,30.8,34.3,60
2026-06-18 12:00:00,30.5,33.8,62
2026-06-18 13:00:00,30.3,34.1,64
2026-06-18 14:00:00,30.0,33.6,64
2026-06-18 15:00:00,30.9,34.0,59
2026-06-18 16:00:00,30.8,34.2,60
2026-06-18 17:00:00,29.6,33.1,66
2026-06-18 18:00:00,29.1,33.3,70
2026-06-18 19:00:00,28.4,33.4,77
2026-06-18 20:00:00,27.6,32.9,85
2026-06-18 21:00:00,26.6,32.6,94
2026-06-18 22:00:00,26.1,31.8,97
2026-06-18 23:00:00,25.5,30.1,96
2026-06-19 00:00:00,25.2,29.9,96
2026-06-19 01:00:00,25.2,29.8,97
2026-06-19 02:00:00,25.6,30.8,97
2026-06-19 03:00:00,25.3,29.8,98
2026-06-19 04:00:00,25.3,29.4,97
2026-06-19 05:00:00,25.5,29.1,94
2026-06-19 06:00:00,25.4,28.7,94
2026-06-19 07:00:00,25.4,28.5,93
2026-06-19 08:00:00,25.2,29.7,96
2026-06-19 09:00:00,25.6,30.3,94
2026-06-19 10:00:00,25.9,30.6,88
2026-06-19 11:00:00,28.2,33.0,75
2026-06-19 12:00:00,28.8,33.7,70
2026-06-19 13:00:00,28.7,32.7,70
2026-06-19 14:00:00,28.5,32.2,70
2026-06-19 15:00:00,28.4,32.0,71
2026-06-19 16:00:00,28.6,32.0,69
2026-06-19 17:00:00,28.5,32.0,69
2026-06-19 18:00:00,28.0,31.8,72
2026-06-19 19:00:00,27.2,31.4,76
2026-06-19 20:00:00,27.1,31.8,78
2026-06-19 21:00:00,26.2,31.4,84
2026-06-19 22:00:00,25.8,31.1,86
2026-06-19 23:00:00,25.4,30.4,88
2026-06-20 00:00:00,24.8,29.6,90
2026-06-20 01:00:00,24.3,28.9,91
2026-06-20 02:00:00,24.3,29.0,91
2026-06-20 03:00:00,23.8,28.4,92
2026-06-20 04:00:00,23.6,28.1,92
2026-06-20 05:00:00,23.3,27.5,92
2026-06-20 06:00:00,23.2,27.1,92
2026-06-20 07:00:00,23.8,27.7,88
2026-06-20 08:00:00,25.2,29.2,82
2026-06-20 09:00:00,26.3,30.7,77
2026-06-20 10:00:00,27.5,32.8,73
2026-06-20 11:00:00,28.6,35.2,69
2026-06-20 12:00:00,29.8,36.8,64
2026-06-20 13:00:00,30.7,36.9,58
2026-06-20 14:00:00,30.4,35.6,60
2026-06-20 15:00:00,30.4,34.5,59
2026-06-20 16:00:00,30.5,34.2,58
2026-06-20 17:00:00,30.3,34.0,59
2026-06-20 18:00:00,29.8,33.7,62
2026-06-20 19:00:00,28.4,32.6,72
2026-06-20 20:00:00,28.3,33.8,78
2026-06-20 21:00:00,27.8,33.2,79
2026-06-20 22:00:00,27.3,32.9,82
2026-06-20 23:00:00,27.0,32.9,84
2026-06-21 00:00:00,26.9,32.4,84
2026-06-21 01:00:00,26.7,32.3,85
2026-06-21 02:00:00,26.9,32.6,87
2026-06-21 03:00:00,26.4,32.3,89
2026-06-21 04:00:00,26.1,31.6,90
2026-06-21 05:00:00,25.6,30.7,91
2026-06-21 06:00:00,25.3,30.2,91
2026-06-21 07:00:00,25.5,30.6,90
2026-06-21 08:00:00,26.7,31.4,85
2026-06-21 09:00:00,26.7,31.2,82
2026-06-21 10:00:00,28.0,32.0,73
2026-06-21 11:00:00,28.8,32.6,67
2026-06-21 12:00:00,28.9,32.4,66
2026-06-21 13:00:00,27.2,31.6,80
2026-06-21 14:00:00,26.0,31.4,90
2026-06-21 15:00:00,26.1,30.9,88
2026-06-21 16:00:00,25.8,30.0,86
2026-06-21 17:00:00,25.7,29.6,85
2026-06-21 18:00:00,25.8,29.8,83
2026-06-21 19:00:00,25.2,29.4,87
2026-06-21 20:00:00,24.9,29.2,95
2026-06-21 21:00:00,24.7,28.9,95
2026-06-21 22:00:00,24.5,29.0,96
2026-06-21 23:00:00,24.6,29.0,98
2026-06-22 00:00:00,25.0,29.3,96
2026-06-22 01:00:00,25.0,29.4,96
2026-06-22 02:00:00,24.9,29.5,97
2026-06-22 03:00:00,24.6,29.4,97
2026-06-22 04:00:00,24.4,29.1,96
2026-06-22 05:00:00,24.2,29.4,96
2026-06-22 06:00:00,24.0,29.4,96
2026-06-22 07:00:00,23.8,27.9,95
2026-06-22 08:00:00,23.8,27.2,91
2026-06-22 09:00:00,23.1,25.7,89
2026-06-22 10:00:00,23.8,26.5,84
2026-06-22 11:00:00,24.6,27.4,81
2026-06-22 12:00:00,25.4,28.6,79
2026-06-22 13:00:00,25.9,28.8,77
2026-06-22 14:00:00,24.2,26.1,81
2026-06-22 15:00:00,23.0,25.0,85
2026-06-22 16:00:00,22.3,24.6,88
2026-06-22 17:00:00,22.3,24.2,87
2026-06-22 18:00:00,22.2,24.2,88
2026-06-22 19:00:00,22.0,24.4,89
2026-06-22 20:00:00,22.4,24.4,86
2026-06-22 21:00:00,22.0,24.2,89
2026-06-22 22:00:00,22.0,24.7,90
2026-06-22 23:00:00,22.0,24.9,91
2026-06-23 00:00:00,21.9,25.0,92
2026-06-23 01:00:00,21.8,25.0,94
2026-06-23 02:00:00,21.9,25.1,95
2026-06-23 03:00:00,21.7,24.8,96
2026-06-23 04:00:00,21.7,24.9,96
2026-06-23 05:00:00,21.7,24.8,96
2026-06-23 06:00:00,21.8,25.1,96
2026-06-23 07:00:00,21.9,25.1,96
2026-06-23 08:00:00,23.0,26.0,90
2026-06-23 09:00:00,24.1,27.2,83
2026-06-23 10:00:00,24.1,27.4,83
2026-06-23 11:00:00,24.6,28.2,81
2026-06-23 12:00:00,24.7,28.5,82
2026-06-23 13:00:00,25.0,29.0,82
2026-06-23 14:00:00,23.7,26.8,87
2026-06-23 15:00:00,23.9,27.2,86
2026-06-23 16:00:00,24.5,28.0,83
2026-06-23 17:00:00,24.7,27.8,81
2026-06-23 18:00:00,24.4,27.7,84
2026-06-23 19:00:00,24.0,27.8,88
2026-06-23 20:00:00,23.3,26.7,90
2026-06-23 21:00:00,23.0,26.6,91
2026-06-23 22:00:00,22.9,26.4,91
2026-06-23 23:00:00,22.7,26.2,92
2026-06-24 00:00:00,22.5,26.2,93
2026-06-24 01:00:00,22.3,25.9,94
2026-06-24 02:00:00,22.7,26.6,94
2026-06-24 03:00:00,22.6,26.6,94
2026-06-24 04:00:00,22.5,26.5,94
2026-06-24 05:00:00,22.5,26.5,94
2026-06-24 06:00:00,22.6,26.6,94
2026-06-24 07:00:00,22.8,26.6,93
2026-06-24 08:00:00,23.3,27.3,90
2026-06-24 09:00:00,24.0,28.1,87
2026-06-24 10:00:00,24.8,29.1,83
2026-06-24 11:00:00,25.5,29.7,79
2026-06-24 12:00:00,25.7,29.8,78
2026-06-24 13:00:00,26.9,30.9,72
2026-06-24 14:00:00,27.3,31.0,71
2026-06-24 15:00:00,26.8,30.6,73
2026-06-24 16:00:00,26.9,30.5,73
2026-06-24 17:00:00,26.1,30.4,80
2026-06-24 18:00:00,26.2,30.9,80
2026-06-24 19:00:00,26.0,31.1,83
2026-06-24 20:00:00,25.5,29.1,81
2026-06-24 21:00:00,24.7,28.2,82
2026-06-24 22:00:00,24.2,27.7,84
2026-06-24 23:00:00,23.8,27.4,86
2026-06-25 00:00:00,23.6,27.3,87
2026-06-25 01:00:00,23.2,26.7,89
2026-06-25 02:00:00,23.6,27.4,89
2026-06-25 03:00:00,23.3,27.2,91
2026-06-25 04:00:00,23.1,27.1,92
2026-06-25 05:00:00,22.9,27.0,94
2026-06-25 06:00:00,22.7,26.7,95
2026-06-25 07:00:00,23.0,27.3,96
2026-06-25 08:00:00,23.9,28.1,89
2026-06-25 09:00:00,25.3,29.5,81
2026-06-25 10:00:00,26.7,30.9,75
2026-06-25 11:00:00,27.4,31.4,72
2026-06-25 12:00:00,28.3,33.2,68
2026-06-25 13:00:00,27.9,31.8,71
2026-06-25 14:00:00,28.8,32.4,66
2026-06-25 15:00:00,29.4,32.6,61
2026-06-25 16:00:00,29.3,32.5,62
2026-06-25 17:00:00,29.1,32.5,63
2026-06-25 18:00:00,28.7,32.5,67
2026-06-25 19:00:00,27.6,31.9,74
2026-06-25 20:00:00,27.2,31.9,77
2026-06-25 21:00:00,26.1,29.6,78
2026-06-25 22:00:00,25.3,28.5,80
2026-06-25 23:00:00,24.7,28.0,82
2026-06-26 00:00:00,24.2,27.4,84
2026-06-26 01:00:00,23.6,27.1,86
2026-06-26 02:00:00,23.9,27.9,89
2026-06-26 03:00:00,23.3,27.4,93
2026-06-26 04:00:00,22.9,26.9,95
2026-06-26 05:00:00,22.7,26.9,96
2026-06-26 06:00:00,22.8,27.0,96
2026-06-26 07:00:00,23.7,28.3,93
2026-06-26 08:00:00,25.2,29.8,86
2026-06-26 09:00:00,25.3,29.9,85
2026-06-26 10:00:00,26.2,31.2,82
2026-06-26 11:00:00,27.4,32.6,76
2026-06-26 12:00:00,28.1,32.5,70
2026-06-26 13:00:00,28.7,33.0,64
2026-06-26 14:00:00,29.6,34.5,57
2026-06-26 15:00:00,30.0,34.6,55
2026-06-26 16:00:00,30.1,33.6,55
2026-06-26 17:00:00,30.2,33.3,55
2026-06-26 18:00:00,29.9,33.4,57
2026-06-26 19:00:00,28.9,33.7,67
2026-06-26 20:00:00,27.7,31.4,70
2026-06-26 21:00:00,26.8,30.5,73
2026-06-26 22:00:00,26.6,30.7,76
2026-06-26 23:00:00,26.1,30.8,80
2026-06-27 00:00:00,25.2,29.9,84
2026-06-27 01:00:00,24.9,29.7,85
2026-06-27 02:00:00,25.0,29.8,86
2026-06-27 03:00:00,24.4,28.2,82
2026-06-27 04:00:00,24.1,27.5,79
2026-06-27 05:00:00,23.6,26.8,80
2026-06-27 06:00:00,23.6,26.7,80
2026-06-27 07:00:00,24.5,27.7,78
2026-06-27 08:00:00,25.8,30.0,76
2026-06-27 09:00:00,27.3,32.0,73
2026-06-27 10:00:00,28.7,34.3,69
2026-06-27 11:00:00,29.9,36.1,61
2026-06-27 12:00:00,30.8,37.0,55
2026-06-27 13:00:00,31.4,37.4,52
2026-06-27 14:00:00,31.7,37.3,49
2026-06-27 15:00:00,31.8,36.7,49
2026-06-27 16:00:00,31.8,35.8,48
2026-06-27 17:00:00,31.6,35.0,49
2026-06-27 18:00:00,31.2,34.6,50
2026-06-27 19:00:00,30.1,34.4,60
2026-06-27 20:00:00,29.1,34.7,74
2026-06-27 21:00:00,28.8,34.5,74
2026-06-27 22:00:00,28.3,34.2,76
2026-06-27 23:00:00,27.8,33.4,77
2026-06-28 00:00:00,27.2,32.5,79
2026-06-28 01:00:00,26.8,32.4,84
2026-06-28 02:00:00,26.7,32.7,87
2026-06-28 03:00:00,25.9,31.9,90
2026-06-28 04:00:00,25.7,31.8,91
2026-06-28 05:00:00,25.6,31.6,91
2026-06-28 06:00:00,26.0,31.9,91
2026-06-28 07:00:00,27.2,33.3,85
2026-06-28 08:00:00,28.6,34.3,75
2026-06-28 09:00:00,29.7,34.6,67
2026-06-28 10:00:00,30.6,35.9,61
2026-06-28 11:00:00,31.5,37.4,58
2026-06-28 12:00:00,32.1,38.2,56
2026-06-28 13:00:00,32.5,38.6,53
2026-06-28 14:00:00,32.7,38.2,52
2026-06-28 15:00:00,32.8,38.3,52
2026-06-28 16:00:00,32.5,36.8,53
2026-06-28 17:00:00,32.2,36.0,54
2026-06-28 18:00:00,31.5,35.8,58
2026-06-28 19:00:00,30.2,35.6,68
2026-06-28 20:00:00,29.5,34.9,72
2026-06-28 21:00:00,28.8,34.0,76
2026-06-28 22:00:00,28.3,33.4,78
2026-06-28 23:00:00,27.8,33.0,78
2026-06-29 00:00:00,27.5,32.6,79
2026-06-29 01:00:00,27.1,32.2,81
2026-06-29 02:00:00,27.7,33.5,82
2026-06-29 03:00:00,27.6,33.1,80
2026-06-29 04:00:00,27.4,32.6,81
2026-06-29 05:00:00,27.1,32.3,82
2026-06-29 06:00:00,27.0,32.1,83
2026-06-29 07:00:00,27.3,32.5,83
2026-06-29 08:00:00,27.6,32.9,81
2026-06-29 09:00:00,27.8,33.2,82
2026-06-29 10:00:00,27.8,33.3,83
2026-06-29 11:00:00,28.2,34.0,81
2026-06-29 12:00:00,28.9,34.6,76
2026-06-29 13:00:00,29.2,34.5,75
2026-06-29 14:00:00,29.5,34.4,73
2026-06-29 15:00:00,29.1,34.5,75
2026-06-29 16:00:00,29.3,34.8,75
2026-06-29 17:00:00,29.9,35.4,74
2026-06-29 18:00:00,29.2,34.6,77
2026-06-29 19:00:00,28.3,34.2,82
2026-06-29 20:00:00,29.0,34.9,80
2026-06-29 21:00:00,28.4,34.0,82
2026-06-29 22:00:00,28.0,33.4,83
2026-06-29 23:00:00,27.2,32.4,86
2026-06-30 00:00:00,26.5,31.6,89
2026-06-30 01:00:00,26.1,31.2,92
2026-06-30 02:00:00,25.4,30.4,92
2026-06-30 03:00:00,25.1,30.0,94
2026-06-30 04:00:00,23.9,28.0,94
2026-06-30 05:00:00,24.5,29.7,94
2026-06-30 06:00:00,25.1,30.6,92
2026-06-30 07:00:00,25.3,31.0,94
2026-06-30 08:00:00,26.2,32.2,94
2026-06-30 09:00:00,26.3,32.1,92
2026-06-30 10:00:00,27.0,32.4,86
2026-06-30 11:00:00,28.0,33.5,80
2026-06-30 12:00:00,28.3,33.6,76
2026-06-30 13:00:00,28.6,33.5,73
2026-06-30 14:00:00,27.7,32.1,74
2026-06-30 15:00:00,26.5,31.0,82
2026-06-30 16:00:00,26.2,30.6,82
2026-06-30 17:00:00,25.6,29.9,86
2026-06-30 18:00:00,25.1,29.9,91
2026-06-30 19:00:00,24.7,29.4,93
2026-06-30 20:00:00,24.7,29.8,93
2026-06-30 21:00:00,24.5,29.6,94
2026-06-30 22:00:00,24.2,29.0,96
2026-06-30 23:00:00,23.9,28.7,96
