time,temperature_2m,apparent_temperature,relative_humidity_2m
2025-06-11 00:00:00,24.1,28.6,89
2025-06-11 01:00:00,24.0,28.4,87
2025-06-11 02:00:00,23.7,27.9,89
2025-06-11 03:00:00,23.5,27.7,91
2025-06-11 04:00:00,23.0,27.5,93
2025-06-11 05:00:00,22.8,27.2,95
2025-06-11 06:00:00,23.1,27.6,95
2025-06-11 07:00:00,23.8,28.3,91
2025-06-11 08:00:00,24.2,28.9,88
2025-06-11 09:00:00,25.5,29.0,75
2025-06-11 10:00:00,26.2,29.6,71
2025-06-11 11:00:00,26.8,29.9,68
2025-06-11 12:00:00,26.8,29.8,68
2025-06-11 13:00:00,27.2,30.6,68
2025-06-11 14:00:00,27.0,30.6,69
2025-06-11 15:00:00,27.0,30.5,70
2025-06-11 16:00:00,27.0,30.4,70
2025-06-11 17:00:00,26.5,29.7,74
2025-06-11 18:00:00,25.5,28.7,77
2025-06-11 19:00:00,24.9,28.1,79
2025-06-11 20:00:00,24.2,27.4,81
2025-06-11 21:00:00,24.2,28.0,83
2025-06-11 22:00:00,23.9,27.4,84
2025-06-11 23:00:00,23.7,27.2,85
2025-06-12 00:00:00,23.4,26.9,87
2025-06-12 01:00:00,23.1,26.9,89
2025-06-12 02:00:00,22.8,26.6,91
2025-06-12 03:00:00,22.6,26.3,91
2025-06-12 04:00:00,22.5,26.1,91
2025-06-12 05:00:00,22.1,25.8,91
2025-06-12 06:00:00,22.3,25.8,91
2025-06-12 07:00:00,23.0,26.6,89
2025-06-12 08:00:00,24.0,27.6,84
2025-06-12 09:00:00,25.1,29.1,80
2025-06-12 10:00:00,26.5,30.0,74
2025-06-12 11:00:00,27.4,31.1,70
2025-06-12 12:00:00,28.1,32.2,67
2025-06-12 13:00:00,28.2,31.6,66
2025-06-12 14:00:00,28.9,32.6,63
2025-06-12 15:00:00,28.4,32.0,67
2025-06-12 16:00:00,28.1,31.6,70
2025-06-12 17:00:00,27.5,31.1,72
2025-06-12 18:00:00,27.0,30.9,76
2025-06-12 19:00:00,25.9,30.0,82
2025-06-12 20:00:00,25.1,29.4,85
2025-06-12 21:00:00,25.2,29.8,87
2025-06-12 22:00:00,24.9,29.3,88
2025-06-12 23:00:00,24.5,28.7,89
2025-06-13 00:00:00,24.2,28.5,91
2025-06-13 01:00:00,24.0,28.4,92
2025-06-13 02:00:00,23.5,28.1,93
2025-06-13 03:00:00,23.1,27.8,94
2025-06-13 04:00:00,23.0,27.7,95
2025-06-13 05:00:00,23.1,27.7,95
2025-06-13 06:00:00,23.4,27.7,95
2025-06-13 07:00:00,24.1,28.6,93
2025-06-13 08:00:00,25.3,30.2,89
2025-06-13 09:00:00,26.8,32.0,83
2025-06-13 10:00:00,28.1,33.9,76
2025-06-13 11:00:00,29.5,36.0,69
2025-06-13 12:00:00,29.9,35.2,67
2025-06-13 13:00:00,30.4,35.5,65
2025-06-13 14:00:00,30.6,35.4,64
2025-06-13 15:00:00,31.0,35.9,63
2025-06-13 16:00:00,31.0,35.8,62
2025-06-13 17:00:00,30.8,35.6,63
2025-06-13 18:00:00,30.3,35.7,68
2025-06-13 19:00:00,29.0,34.9,76
2025-06-13 20:00:00,27.9,33.3,80
2025-06-13 21:00:00,27.9,33.5,79
2025-06-13 22:00:00,27.5,32.9,81
2025-06-13 23:00:00,27.3,32.5,81
2025-06-14 00:00:00,26.8,31.7,81
2025-06-14 01:00:00,26.1,31.1,84
2025-06-14 02:00:00,25.9,31.0,85
2025-06-14 03:00:00,25.9,30.9,87
2025-06-14 04:00:00,25.9,30.8,87
2025-06-14 05:00:00,25.8,30.7,87
2025-06-14 06:00:00,26.0,30.8,87
2025-06-14 07:00:00,26.8,31.9,86
2025-06-14 08:00:00,28.0,33.7,84
2025-06-14 09:00:00,30.5,36.3,75
2025-06-14 10:00:00,31.5,37.1,70
2025-06-14 11:00:00,32.5,38.6,65
2025-06-14 12:00:00,32.7,39.1,64
2025-06-14 13:00:00,33.0,39.3,63
2025-06-14 14:00:00,33.3,39.3,61
2025-06-14 15:00:00,31.9,37.2,67
2025-06-14 16:00:00,32.8,37.9,63
2025-06-14 17:00:00,31.2,37.2,71
2025-06-14 18:00:00,26.6,31.5,89
2025-06-14 19:00:00,25.9,30.6,91
2025-06-14 20:00:00,25.6,30.3,93
2025-06-14 21:00:00,25.5,31.1,94
2025-06-14 22:00:00,25.6,31.8,96
2025-06-14 23:00:00,25.5,31.3,93
2025-06-15 00:00:00,25.0,30.0,96
2025-06-15 01:00:00,24.8,29.9,96
2025-06-15 02:00:00,24.8,29.9,97
2025-06-15 03:00:00,24.6,29.5,98
2025-06-15 04:00:00,24.5,29.0,97
2025-06-15 05:00:00,24.5,29.2,94
2025-06-15 06:00:00,24.5,28.5,91
2025-06-15 07:00:00,24.5,28.7,89
2025-06-15 08:00:00,24.6,28.7,88
2025-06-15 09:00:00,26.4,30.4,81
2025-06-15 10:00:00,26.2,30.2,81
2025-06-15 11:00:00,28.0,30.8,66
2025-06-15 12:00:00,29.4,30.8,48
2025-06-15 13:00:00,30.0,31.9,44
2025-06-15 14:00:00,29.9,31.1,42
2025-06-15 15:00:00,29.8,31.3,46
2025-06-15 16:00:00,29.9,31.4,47
2025-06-15 17:00:00,29.7,31.6,49
2025-06-15 18:00:00,28.8,31.7,58
2025-06-15 19:00:00,26.9,30.3,68
2025-06-15 20:00:00,25.7,28.8,70
2025-06-15 21:00:00,25.9,28.4,69
2025-06-15 22:00:00,25.3,27.4,67
2025-06-15 23:00:00,24.8,26.8,68
2025-06-16 00:00:00,24.5,26.5,71
2025-06-16 01:00:00,24.2,26.3,74
2025-06-16 02:00:00,24.1,26.4,77
2025-06-16 03:00:00,24.0,26.5,83
2025-06-16 04:00:00,24.1,27.0,86
2025-06-16 05:00:00,24.2,27.0,85
2025-06-16 06:00:00,24.4,27.1,84
2025-06-16 07:00:00,25.2,27.9,81
2025-06-16 08:00:00,26.3,29.7,79
2025-06-16 09:00:00,27.5,31.2,78
2025-06-16 10:00:00,28.8,33.3,74
2025-06-16 11:00:00,30.0,35.6,72
2025-06-16 12:00:00,31.2,37.5,68
2025-06-16 13:00:00,32.1,38.5,65
2025-06-16 14:00:00,32.6,39.1,64
2025-06-16 15:00:00,32.7,38.4,63
2025-06-16 16:00:00,32.6,37.3,62
2025-06-16 17:00:00,32.0,36.5,64
2025-06-16 18:00:00,31.0,36.4,70
2025-06-16 19:00:00,29.9,35.3,74
2025-06-16 20:00:00,28.6,33.9,78
2025-06-16 21:00:00,28.1,34.5,85
2025-06-16 22:00:00,27.8,34.2,85
2025-06-16 23:00:00,27.4,33.4,86
2025-06-17 00:00:00,27.2,32.9,85
2025-06-17 01:00:00,26.8,32.3,88
2025-06-17 02:00:00,26.3,32.0,89
2025-06-17 03:00:00,25.9,31.5,90
2025-06-17 04:00:00,26.0,31.5,90
2025-06-17 05:00:00,25.8,31.1,90
2025-06-17 06:00:00,25.9,30.6,87
2025-06-17 07:00:00,26.9,31.4,82
2025-06-17 08:00:00,28.0,33.0,79
2025-06-17 09:00:00,29.8,34.8,73
2025-06-17 10:00:00,31.0,36.3,68
2025-06-17 11:00:00,32.1,37.1,61
2025-06-17 12:00:00,32.8,38.3,59
2025-06-17 13:00:00,33.5,39.1,55
2025-06-17 14:00:00,33.7,38.7,54
2025-06-17 15:00:00,34.2,38.9,51
2025-06-17 16:00:00,34.2,38.3,51
2025-06-17 17:00:00,34.0,38.4,54
2025-06-17 18:00:00,32.5,37.1,62
2025-06-17 19:00:00,30.9,35.5,69
2025-06-17 20:00:00,29.6,34.6,75
2025-06-17 21:00:00,29.3,33.9,74
2025-06-17 22:00:00,28.9,33.6,76
2025-06-17 23:00:00,28.6,33.5,79
2025-06-18 00:00:00,28.2,33.0,79
2025-06-18 01:00:00,27.9,32.3,78
2025-06-18 02:00:00,27.5,32.0,79
2025-06-18 03:00:00,27.0,31.7,82
2025-06-18 04:00:00,26.6,31.4,85
2025-06-18 05:00:00,26.3,30.9,87
2025-06-18 06:00:00,26.3,30.6,86
2025-06-18 07:00:00,26.7,31.1,84
2025-06-18 08:00:00,27.4,32.3,83
2025-06-18 09:00:00,28.8,33.8,79
2025-06-18 10:00:00,30.0,34.9,74
2025-06-18 11:00:00,31.2,35.6,65
2025-06-18 12:00:00,31.7,36.1,63
2025-06-18 13:00:00,31.8,36.5,65
2025-06-18 14:00:00,30.9,35.0,64
2025-06-18 15:00:00,28.5,33.5,76
2025-06-18 16:00:00,29.1,34.7,76
2025-06-18 17:00:00,28.5,33.1,78
2025-06-18 18:00:00,27.4,32.2,81
2025-06-18 19:00:00,26.6,31.3,86
2025-06-18 20:00:00,26.0,30.7,88
2025-06-18 21:00:00,27.5,31.8,81
2025-06-18 22:00:00,27.0,31.6,84
2025-06-18 23:00:00,26.0,30.8,91
2025-06-19 00:00:00,25.5,30.0,94
2025-06-19 01:00:00,25.1,29.1,95
2025-06-19 02:00:00,24.6,28.0,94
2025-06-19 03:00:00,24.6,28.1,95
2025-06-19 04:00:00,24.6,28.0,95
2025-06-19 05:00:00,24.8,28.2,93
2025-06-19 06:00:00,24.8,28.5,94
2025-06-19 07:00:00,24.9,28.7,94
2025-06-19 08:00:00,25.0,28.7,94
2025-06-19 09:00:00,25.5,29.4,93
2025-06-19 10:00:00,25.3,29.0,94
2025-06-19 11:00:00,26.0,29.9,91
2025-06-19 12:00:00,26.2,30.3,90
2025-06-19 13:00:00,26.0,30.5,93
2025-06-19 14:00:00,26.9,31.6,89
2025-06-19 15:00:00,27.0,30.9,86
2025-06-19 16:00:00,26.7,30.4,86
2025-06-19 17:00:00,26.8,30.7,85
2025-06-19 18:00:00,26.8,31.1,86
2025-06-19 19:00:00,26.6,31.1,87
2025-06-19 20:00:00,26.5,30.7,88
2025-06-19 21:00:00,26.5,30.9,87
2025-06-19 22:00:00,26.5,30.8,86
2025-06-19 23:00:00,26.6,30.6,84
2025-06-20 00:00:00,26.6,30.4,82
2025-06-20 01:00:00,26.9,30.5,79
2025-06-20 02:00:00,26.6,30.6,81
2025-06-20 03:00:00,26.2,30.6,83
2025-06-20 04:00:00,25.9,30.6,86
2025-06-20 05:00:00,25.9,30.4,87
2025-06-20 06:00:00,26.2,30.5,84
2025-06-20 07:00:00,27.0,30.4,77
2025-06-20 08:00:00,27.5,30.6,75
2025-06-20 09:00:00,26.2,30.0,88
2025-06-20 10:00:00,26.1,30.0,89
2025-06-20 11:00:00,25.9,30.4,93
2025-06-20 12:00:00,25.8,29.8,92
2025-06-20 13:00:00,26.3,30.1,89
2025-06-20 14:00:00,26.5,29.9,89
2025-06-20 15:00:00,26.1,29.4,90
2025-06-20 16:00:00,26.3,30.1,89
2025-06-20 17:00:00,26.1,30.5,90
2025-06-20 18:00:00,26.2,30.6,91
2025-06-20 19:00:00,25.6,30.0,94
2025-06-20 20:00:00,25.5,29.9,94
2025-06-20 21:00:00,25.0,29.7,98
2025-06-20 22:00:00,24.6,29.3,97
2025-06-20 23:00:00,24.5,29.2,96
2025-06-21 00:00:00,24.4,29.1,96
2025-06-21 01:00:00,24.4,29.1,96
2025-06-21 02:00:00,24.2,29.5,97
2025-06-21 03:00:00,24.1,29.6,98
2025-06-21 04:00:00,24.0,28.8,98
2025-06-21 05:00:00,24.0,29.5,98
2025-06-21 06:00:00,24.0,28.9,98
2025-06-21 07:00:00,24.1,28.9,98
2025-06-21 08:00:00,24.2,28.5,97
2025-06-21 09:00:00,23.5,26.2,94
2025-06-21 10:00:00,23.4,25.7,89
2025-06-21 11:00:00,23.6,26.2,87
2025-06-21 12:00:00,23.6,26.2,86
2025-06-21 13:00:00,22.9,25.2,92
2025-06-21 14:00:00,23.0,25.6,92
2025-06-21 15:00:00,23.0,25.7,93
2025-06-21 16:00:00,22.9,25.5,94
2025-06-21 17:00:00,22.9,25.3,92
2025-06-21 18:00:00,23.0,25.3,90
2025-06-21 19:00:00,22.8,25.5,92
2025-06-21 20:00:00,22.5,25.6,93
2025-06-21 21:00:00,22.6,25.5,94
2025-06-21 22:00:00,22.6,25.3,92
2025-06-21 23:00:00,22.4,25.1,92
2025-06-22 00:00:00,22.2,25.1,93
2025-06-22 01:00:00,22.0,24.9,93
2025-06-22 02:00:00,21.9,24.7,93
2025-06-22 03:00:00,21.7,24.5,92
2025-06-22 04:00:00,21.6,24.5,93
2025-06-22 05:00:00,21.5,24.8,94
2025-06-22 06:00:00,21.6,24.8,94
2025-06-22 07:00:00,21.8,25.0,93
2025-06-22 08:00:00,22.0,25.4,92
2025-06-22 09:00:00,22.2,25.9,93
2025-06-22 10:00:00,22.6,26.4,90
2025-06-22 11:00:00,23.1,27.1,89
2025-06-22 12:00:00,24.8,28.4,79
2025-06-22 13:00:00,25.6,29.2,73
2025-06-22 14:00:00,25.5,28.7,71
2025-06-22 15:00:00,25.9,29.2,70
2025-06-22 16:00:00,26.9,30.3,66
2025-06-22 17:00:00,26.7,30.2,67
2025-06-22 18:00:00,26.4,29.9,71
2025-06-22 19:00:00,25.6,29.6,77
2025-06-22 20:00:00,24.6,28.2,82
2025-06-22 21:00:00,24.2,28.2,86
2025-06-22 22:00:00,23.6,27.5,89
2025-06-22 23:00:00,23.1,27.1,92
2025-06-23 00:00:00,23.1,27.2,92
2025-06-23 01:00:00,22.8,27.2,95
2025-06-23 02:00:00,22.9,27.5,95
2025-06-23 03:00:00,23.0,27.7,94
2025-06-23 04:00:00,23.0,27.6,95
2025-06-23 05:00:00,22.8,27.2,95
2025-06-23 06:00:00,22.8,27.2,95
2025-06-23 07:00:00,22.9,27.3,95
2025-06-23 08:00:00,23.2,27.3,90
2025-06-23 09:00:00,24.1,28.1,83
2025-06-23 10:00:00,23.9,28.3,86
2025-06-23 11:00:00,24.0,28.3,86
2025-06-23 12:00:00,24.1,28.5,87
2025-06-23 13:00:00,24.9,29.2,85
2025-06-23 14:00:00,25.0,29.4,84
2025-06-23 15:00:00,25.9,30.5,81
2025-06-23 16:00:00,26.4,31.0,78
2025-06-23 17:00:00,26.5,31.0,75
2025-06-23 18:00:00,26.1,30.5,77
2025-06-23 19:00:00,25.0,29.4,86
2025-06-23 20:00:00,24.4,29.3,91
2025-06-23 21:00:00,23.6,28.6,92
2025-06-23 22:00:00,23.4,28.2,93
2025-06-23 23:00:00,23.0,27.6,94
2025-06-24 00:00:00,22.9,27.3,94
2025-06-24 01:00:00,22.9,27.2,94
2025-06-24 02:00:00,23.0,27.3,94
2025-06-24 03:00:00,22.6,27.0,95
2025-06-24 04:00:00,22.2,26.4,95
2025-06-24 05:00:00,22.1,26.6,95
2025-06-24 06:00:00,22.5,27.1,94
2025-06-24 07:00:00,23.3,27.6,91
2025-06-24 08:00:00,23.8,28.2,89
2025-06-24 09:00:00,25.0,29.1,80
2025-06-24 10:00:00,25.9,29.8,75
2025-06-24 11:00:00,26.7,30.6,71
2025-06-24 12:00:00,27.4,31.5,68
2025-06-24 13:00:00,27.5,31.6,68
2025-06-24 14:00:00,28.6,33.4,64
2025-06-24 15:00:00,28.5,32.6,64
2025-06-24 16:00:00,29.0,33.3,63
2025-06-24 17:00:00,28.9,33.0,64
2025-06-24 18:00:00,28.4,32.5,66
2025-06-24 19:00:00,27.2,31.6,75
2025-06-24 20:00:00,26.4,30.5,79
2025-06-24 21:00:00,25.7,30.3,85
2025-06-24 22:00:00,25.5,29.9,84
2025-06-24 23:00:00,25.2,29.7,85
2025-06-25 00:00:00,25.1,29.6,87
2025-06-25 01:00:00,25.0,29.2,86
2025-06-25 02:00:00,24.8,28.6,86
2025-06-25 03:00:00,24.5,28.3,87
2025-06-25 04:00:00,24.1,27.9,87
2025-06-25 05:00:00,24.0,27.7,85
2025-06-25 06:00:00,24.1,27.4,83
2025-06-25 07:00:00,24.0,27.2,83
2025-06-25 08:00:00,23.7,26.6,83
2025-06-25 09:00:00,25.0,27.9,78
2025-06-25 10:00:00,24.7,28.0,81
2025-06-25 11:00:00,26.2,29.9,78
2025-06-25 12:00:00,27.1,31.4,77
2025-06-25 13:00:00,26.8,30.9,79
2025-06-25 14:00:00,27.2,31.3,76
2025-06-25 15:00:00,27.6,31.6,75
2025-06-25 16:00:00,28.0,32.3,76
2025-06-25 17:00:00,28.0,32.4,77
2025-06-25 18:00:00,28.4,33.6,77
2025-06-25 19:00:00,27.6,32.5,82
2025-06-25 20:00:00,26.4,31.0,86
2025-06-25 21:00:00,25.9,30.7,87
2025-06-25 22:00:00,25.4,30.3,91
2025-06-25 23:00:00,25.3,30.4,92
2025-06-26 00:00:00,25.0,29.9,93
2025-06-26 01:00:00,25.0,29.8,93
2025-06-26 02:00:00,24.9,29.8,93
2025-06-26 03:00:00,24.4,29.9,96
2025-06-26 04:00:00,24.2,29.3,96
2025-06-26 05:00:00,24.2,30.1,97
2025-06-26 06:00:00,24.2,30.0,98
2025-06-26 07:00:00,24.9,30.6,95
2025-06-26 08:00:00,25.6,31.0,90
2025-06-26 09:00:00,24.4,29.5,94
2025-06-26 10:00:00,25.0,29.6,92
2025-06-26 11:00:00,26.5,30.6,83
2025-06-26 12:00:00,27.5,32.6,77
2025-06-26 13:00:00,28.0,32.8,73
2025-06-26 14:00:00,28.5,32.8,71
2025-06-26 15:00:00,28.5,32.3,70
2025-06-26 16:00:00,28.7,32.8,68
2025-06-26 17:00:00,28.6,32.8,69
2025-06-26 18:00:00,28.2,32.4,70
2025-06-26 19:00:00,27.4,32.7,79
2025-06-26 20:00:00,26.4,31.8,83
2025-06-26 21:00:00,25.8,31.2,85
2025-06-26 22:00:00,25.5,30.8,87
2025-06-26 23:00:00,25.2,30.3,88
2025-06-27 00:00:00,24.7,29.7,90
2025-06-27 01:00:00,24.5,29.5,91
2025-06-27 02:00:00,24.5,29.7,91
2025-06-27 03:00:00,24.2,29.4,93
2025-06-27 04:00:00,24.2,29.6,94
2025-06-27 05:00:00,24.2,29.6,95
2025-06-27 06:00:00,24.2,29.9,95
2025-06-27 07:00:00,24.6,30.3,94
2025-06-27 08:00:00,24.6,29.3,95
2025-06-27 09:00:00,24.8,30.0,94
2025-06-27 10:00:00,25.5,29.8,89
2025-06-27 11:00:00,25.8,30.3,88
2025-06-27 12:00:00,25.8,31.1,91
2025-06-27 13:00:00,25.9,31.4,92
2025-06-27 14:00:00,27.1,32.3,87
2025-06-27 15:00:00,28.4,33.7,80
2025-06-27 16:00:00,29.2,34.3,76
2025-06-27 17:00:00,29.2,34.3,77
2025-06-27 18:00:00,29.0,34.6,80
2025-06-27 19:00:00,28.0,34.0,85
2025-06-27 20:00:00,27.4,33.4,89
2025-06-27 21:00:00,26.3,32.2,91
2025-06-27 22:00:00,26.3,31.7,91
2025-06-27 23:00:00,26.3,31.4,92
2025-06-28 00:00:00,26.2,32.0,93
2025-06-28 01:00:00,26.0,31.1,94
2025-06-28 02:00:00,25.3,29.8,90
2025-06-28 03:00:00,24.5,29.4,92
2025-06-28 04:00:00,24.6,29.3,92
2025-06-28 05:00:00,24.0,28.2,97
2025-06-28 06:00:00,24.0,29.1,98
2025-06-28 07:00:00,24.3,28.8,97
2025-06-28 08:00:00,25.1,30.4,94
2025-06-28 09:00:00,24.8,29.8,96
2025-06-28 10:00:00,25.0,30.3,95
2025-06-28 11:00:00,27.3,33.1,89
2025-06-28 12:00:00,30.1,36.6,77
2025-06-28 13:00:00,30.6,37.0,77
2025-06-28 14:00:00,27.0,32.4,85
2025-06-28 15:00:00,29.2,35.4,78
2025-06-28 16:00:00,30.3,36.4,76
2025-06-28 17:00:00,28.6,34.2,82
2025-06-28 18:00:00,28.5,34.3,84
2025-06-28 19:00:00,28.0,33.3,86
2025-06-28 20:00:00,27.5,32.4,87
2025-06-28 21:00:00,25.7,30.3,93
2025-06-28 22:00:00,25.9,30.2,91
2025-06-28 23:00:00,25.8,29.8,90
2025-06-29 00:00:00,25.9,30.3,91
2025-06-29 01:00:00,26.0,31.0,90
2025-06-29 02:00:00,26.1,30.8,89
2025-06-29 03:00:00,25.9,30.3,89
2025-06-29 04:00:00,25.5,29.8,90
2025-06-29 05:00:00,25.2,29.8,91
2025-06-29 06:00:00,24.7,28.4,93
2025-06-29 07:00:00,24.3,28.9,95
2025-06-29 08:00:00,24.2,28.8,95
2025-06-29 09:00:00,24.6,29.6,96
2025-06-29 10:00:00,25.5,30.5,94
2025-06-29 11:00:00,25.9,30.2,87
2025-06-29 12:00:00,26.1,30.4,89
2025-06-29 13:00:00,26.5,29.9,83
2025-06-29 14:00:00,26.5,30.5,82
2025-06-29 15:00:00,28.0,32.2,78
2025-06-29 16:00:00,28.6,33.6,79
2025-06-29 17:00:00,28.8,33.8,79
2025-06-29 18:00:00,28.5,33.8,83
2025-06-29 19:00:00,28.2,34.3,85
2025-06-29 20:00:00,27.0,33.0,88
2025-06-29 21:00:00,26.6,32.7,90
2025-06-29 22:00:00,26.5,32.1,91
2025-06-29 23:00:00,26.4,32.0,93
2025-06-30 00:00:00,26.2,31.8,93
2025-06-30 01:00:00,26.1,31.4,92
2025-06-30 02:00:00,26.0,30.9,92
2025-06-30 03:00:00,25.6,30.5,92
2025-06-30 04:00:00,25.5,30.3,92
2025-06-30 05:00:00,25.4,30.0,91
2025-06-30 06:00:00,25.5,30.2,91
2025-06-30 07:00:00,26.4,31.5,89
2025-06-30 08:00:00,27.8,33.3,85
2025-06-30 09:00:00,29.5,35.3,79
2025-06-30 10:00:00,31.0,37.2,72
2025-06-30 11:00:00,31.9,38.4,67
2025-06-30 12:00:00,32.4,38.9,64
2025-06-30 13:00:00,32.5,39.3,64
2025-06-30 14:00:00,32.2,38.8,67
2025-06-30 15:00:00,32.3,37.8,67
2025-06-30 16:00:00,31.8,37.7,68
2025-06-30 17:00:00,31.2,36.9,71
2025-06-30 18:00:00,30.3,36.5,78
2025-06-30 19:00:00,29.6,36.2,83
2025-06-30 20:00:00,29.1,35.4,85
2025-06-30 21:00:00,29.6,35.3,79
2025-06-30 22:00:00,29.3,34.9,79
2025-06-30 23:00:00,28.9,34.3,81
2025-07-01 00:00:00,28.8,33.7,79
2025-07-01 01:00:00,28.4,33.4,80
2025-07-01 02:00:00,28.0,32.8,81
2025-07-01 03:00:00,27.9,32.6,81
2025-07-01 04:00:00,27.7,32.5,81
2025-07-01 05:00:00,27.5,32.4,82
2025-07-01 06:00:00,27.6,32.4,82
2025-07-01 07:00:00,28.2,33.1,80
2025-07-01 08:00:00,29.4,34.9,78
2025-07-01 09:00:00,31.2,36.8,72
2025-07-01 10:00:00,32.3,37.6,66
2025-07-01 11:00:00,33.2,38.3,59
2025-07-01 12:00:00,33.6,39.0,57
2025-07-01 13:00:00,33.8,39.8,59
2025-07-01 14:00:00,33.7,39.3,59
2025-07-01 15:00:00,33.9,39.3,58
2025-07-01 16:00:00,33.5,38.3,59
2025-07-01 17:00:00,33.3,38.7,62
2025-07-01 18:00:00,32.4,38.8,69
2025-07-01 19:00:00,31.1,38.1,77
2025-07-01 20:00:00,30.2,37.1,81
2025-07-01 21:00:00,30.2,36.4,78
2025-07-01 22:00:00,30.0,36.1,79
2025-07-01 23:00:00,29.5,36.0,82
2025-07-02 00:00:00,29.1,35.7,85
2025-07-02 01:00:00,28.9,35.5,86
2025-07-02 02:00:00,28.8,35.2,85
2025-07-02 03:00:00,28.5,34.6,84
2025-07-02 04:00:00,28.4,34.1,82
2025-07-02 05:00:00,28.1,33.8,83
2025-07-02 06:00:00,28.1,33.9,83
2025-07-02 07:00:00,29.0,34.8,80
2025-07-02 08:00:00,30.1,36.5,77
2025-07-02 09:00:00,32.0,38.3,71
2025-07-02 10:00:00,33.1,39.4,64
2025-07-02 11:00:00,34.0,40.2,59
2025-07-02 12:00:00,34.5,41.3,57
2025-07-02 13:00:00,34.9,41.6,55
2025-07-02 14:00:00,34.8,41.1,56
2025-07-02 15:00:00,34.8,40.7,57
2025-07-02 16:00:00,34.8,40.2,57
2025-07-02 17:00:00,34.7,40.0,57
2025-07-02 18:00:00,34.0,40.4,63
2025-07-02 19:00:00,32.5,40.0,73
2025-07-02 20:00:00,31.5,38.8,76
2025-07-02 21:00:00,31.1,39.1,81
2025-07-02 22:00:00,30.9,38.4,81
2025-07-02 23:00:00,30.4,37.8,83
2025-07-03 00:00:00,30.2,37.3,82
2025-07-03 01:00:00,30.0,36.6,80
2025-07-03 02:00:00,29.6,35.8,78
2025-07-03 03:00:00,29.0,35.4,82
2025-07-03 04:00:00,28.8,35.5,85
2025-07-03 05:00:00,28.6,35.7,88
2025-07-03 06:00:00,28.9,35.9,88
2025-07-03 07:00:00,29.5,36.6,86
2025-07-03 08:00:00,30.8,37.8,80
2025-07-03 09:00:00,32.7,38.8,70
2025-07-03 10:00:00,33.8,39.2,61
2025-07-03 11:00:00,34.3,39.9,57
2025-07-03 12:00:00,34.8,40.9,56
2025-07-03 13:00:00,35.2,41.4,55
2025-07-03 14:00:00,35.3,41.3,54
2025-07-03 15:00:00,35.2,41.3,56
2025-07-03 16:00:00,35.0,40.8,57
2025-07-03 17:00:00,34.7,40.0,58
2025-07-03 18:00:00,34.0,39.9,61
2025-07-03 19:00:00,32.7,39.8,71
2025-07-03 20:00:00,31.5,39.1,77
2025-07-03 21:00:00,31.3,39.1,79
2025-07-03 22:00:00,30.8,38.6,82
2025-07-03 23:00:00,30.9,38.3,80
2025-07-04 00:00:00,30.5,37.4,80
2025-07-04 01:00:00,30.0,36.6,81
2025-07-04 02:00:00,29.7,36.3,82
2025-07-04 03:00:00,29.4,36.0,82
2025-07-04 04:00:00,29.2,35.9,83
2025-07-04 05:00:00,29.1,35.7,83
2025-07-04 06:00:00,29.2,35.7,83
2025-07-04 07:00:00,30.0,36.7,81
2025-07-04 08:00:00,31.4,38.5,77
2025-07-04 09:00:00,33.3,39.8,66
2025-07-04 10:00:00,34.5,40.6,59
2025-07-04 11:00:00,35.4,41.8,53
2025-07-04 12:00:00,36.0,42.7,51
2025-07-04 13:00:00,36.5,43.5,50
2025-07-04 14:00:00,36.8,43.6,49
2025-07-04 15:00:00,36.8,43.1,49
2025-07-04 16:00:00,36.8,42.4,50
2025-07-04 17:00:00,36.3,41.7,51
2025-07-04 18:00:00,35.8,41.3,53
2025-07-04 19:00:00,34.8,42.0,62
2025-07-04 20:00:00,33.7,42.3,72
2025-07-04 21:00:00,33.0,41.1,73
2025-07-04 22:00:00,32.3,40.5,77
2025-07-04 23:00:00,32.0,40.0,77
2025-07-05 00:00:00,31.9,39.9,76
2025-07-05 01:00:00,31.6,39.5,76
2025-07-05 02:00:00,31.1,39.0,78
2025-07-05 03:00:00,30.6,38.6,84
2025-07-05 04:00:00,30.4,38.6,87
2025-07-05 05:00:00,30.1,38.1,87
2025-07-05 06:00:00,30.0,37.4,86
2025-07-05 07:00:00,30.7,38.2,83
2025-07-05 08:00:00,32.2,40.4,79
2025-07-05 09:00:00,34.8,41.7,64
2025-07-05 10:00:00,36.2,41.1,50
2025-07-05 11:00:00,37.0,42.4,46
2025-07-05 12:00:00,37.5,43.5,44
2025-07-05 13:00:00,38.0,44.1,42
2025-07-05 14:00:00,38.5,44.5,40
2025-07-05 15:00:00,38.8,44.1,39
2025-07-05 16:00:00,38.8,43.2,38
2025-07-05 17:00:00,38.2,42.5,40
2025-07-05 18:00:00,37.5,42.2,42
2025-07-05 19:00:00,36.5,41.6,45
2025-07-05 20:00:00,35.2,41.1,53
2025-07-05 21:00:00,35.1,40.9,52
2025-07-05 22:00:00,34.4,41.0,60
2025-07-05 23:00:00,33.6,41.2,68
2025-07-09 00:00:00,31.9,37.3,69
2025-07-09 01:00:00,31.4,36.8,70
2025-07-09 02:00:00,30.9,35.7,69
2025-07-09 03:00:00,30.2,35.4,71
2025-07-09 04:00:00,29.8,35.3,74
2025-07-09 05:00:00,29.4,35.1,76
2025-07-09 06:00:00,29.4,34.7,75
2025-07-09 07:00:00,29.9,34.8,71
2025-07-09 08:00:00,31.0,35.9,65
2025-07-09 09:00:00,32.8,37.3,58
2025-07-09 10:00:00,34.2,38.7,52
2025-07-09 11:00:00,35.2,39.8,47
2025-07-09 12:00:00,35.8,41.1,46
2025-07-09 13:00:00,36.5,41.8,44
2025-07-09 14:00:00,36.7,41.5,44
2025-07-09 15:00:00,36.3,40.5,46
2025-07-09 16:00:00,36.0,39.8,48
2025-07-09 17:00:00,33.0,38.2,62
2025-07-09 18:00:00,33.2,38.4,61
2025-07-09 19:00:00,32.7,38.1,65
2025-07-09 20:00:00,32.2,38.1,70
2025-07-09 21:00:00,32.0,37.2,67
2025-07-09 22:00:00,31.2,37.1,71
2025-07-09 23:00:00,30.8,36.0,71
2025-07-10 00:00:00,30.2,34.6,70
2025-07-10 01:00:00,29.6,34.1,71
2025-07-10 02:00:00,29.2,33.7,73
2025-07-10 03:00:00,28.9,33.4,75
2025-07-10 04:00:00,28.5,33.1,77
2025-07-10 05:00:00,28.1,32.9,78
2025-07-10 06:00:00,27.9,32.8,79
2025-07-10 07:00:00,28.5,33.6,77
2025-07-10 08:00:00,30.0,34.6,70
2025-07-10 09:00:00,32.7,36.6,57
2025-07-10 10:00:00,34.1,37.6,48
2025-07-10 11:00:00,35.2,38.8,44
2025-07-10 12:00:00,35.8,39.2,41
2025-07-10 13:00:00,36.5,39.5,38
2025-07-10 14:00:00,36.4,39.4,38
2025-07-10 15:00:00,36.2,38.7,38
2025-07-10 16:00:00,36.0,38.0,40
2025-07-10 17:00:00,35.5,37.4,42
2025-07-10 18:00:00,35.1,36.9,43
2025-07-10 19:00:00,33.6,36.6,53
2025-07-10 20:00:00,32.3,35.8,59
2025-07-10 21:00:00,32.1,35.7,60
2025-07-10 22:00:00,31.3,34.7,62
2025-07-10 23:00:00,30.6,34.1,64
2025-07-11 00:00:00,29.9,33.6,67
2025-07-11 01:00:00,29.0,32.9,70
2025-07-11 02:00:00,28.5,32.5,73
2025-07-11 03:00:00,28.0,32.3,75
2025-07-11 04:00:00,27.6,32.0,77
2025-07-11 05:00:00,27.3,31.7,78
2025-07-11 06:00:00,27.1,31.5,79
2025-07-11 07:00:00,28.0,32.3,75
2025-07-11 08:00:00,29.6,33.6,67
2025-07-11 09:00:00,31.9,35.2,56
2025-07-11 10:00:00,33.3,36.5,49
2025-07-11 11:00:00,34.2,37.5,45
2025-07-11 12:00:00,34.7,38.3,44
2025-07-11 13:00:00,35.0,39.2,45
2025-07-11 14:00:00,35.5,39.7,45
2025-07-11 15:00:00,35.5,38.9,45
2025-07-11 16:00:00,34.0,37.4,52
2025-07-11 17:00:00,34.2,37.7,52
2025-07-11 18:00:00,33.5,36.6,53
2025-07-11 19:00:00,32.2,36.3,60
2025-07-11 20:00:00,31.5,36.4,65
2025-07-11 21:00:00,30.4,34.4,68
2025-07-11 22:00:00,29.5,33.3,71
2025-07-11 23:00:00,28.9,32.8,74
2025-07-12 00:00:00,28.4,32.5,75
2025-07-12 01:00:00,28.0,32.3,77
2025-07-12 02:00:00,27.8,32.1,78
2025-07-12 03:00:00,27.4,31.9,80
2025-07-12 04:00:00,27.0,31.7,82
2025-07-12 05:00:00,26.8,31.6,84
2025-07-12 06:00:00,26.7,31.7,84
2025-07-12 07:00:00,27.4,32.2,81
2025-07-12 08:00:00,28.5,33.3,77
2025-07-12 09:00:00,30.0,34.8,70
2025-07-12 10:00:00,31.3,36.6,65
2025-07-12 11:00:00,32.5,38.5,60
2025-07-12 12:00:00,33.5,39.7,56
2025-07-12 13:00:00,34.3,39.5,51
2025-07-12 14:00:00,34.5,38.3,50
2025-07-12 15:00:00,31.2,36.0,66
2025-07-12 16:00:00,31.9,36.8,65
2025-07-12 17:00:00,32.0,37.2,66
2025-07-12 18:00:00,31.0,36.2,69
2025-07-12 19:00:00,30.7,36.3,72
2025-07-12 20:00:00,30.2,36.1,76
2025-07-12 21:00:00,29.4,35.9,81
2025-07-12 22:00:00,28.4,34.9,84
2025-07-12 23:00:00,28.0,34.9,87
2025-07-13 00:00:00,27.8,34.8,88
2025-07-13 01:00:00,27.8,34.7,87
2025-07-13 02:00:00,27.7,34.6,87
2025-07-13 03:00:00,27.2,33.9,89
2025-07-13 04:00:00,26.9,33.8,94
2025-07-13 05:00:00,26.7,33.7,96
2025-07-13 06:00:00,26.6,33.7,97
2025-07-13 07:00:00,27.5,34.6,92
2025-07-13 08:00:00,28.6,35.6,84
2025-07-13 09:00:00,30.2,36.5,74
2025-07-13 10:00:00,31.1,37.5,69
2025-07-13 11:00:00,32.0,38.7,64
2025-07-13 12:00:00,32.4,39.2,62
2025-07-13 13:00:00,33.0,40.4,62
2025-07-13 14:00:00,33.4,41.1,62
2025-07-13 15:00:00,33.6,41.2,61
2025-07-13 16:00:00,34.0,40.7,59
2025-07-13 17:00:00,33.7,39.7,59
2025-07-13 18:00:00,33.0,38.9,61
2025-07-13 19:00:00,32.0,38.4,67
2025-07-13 20:00:00,31.1,37.5,72
2025-07-13 21:00:00,30.9,37.5,74
2025-07-13 22:00:00,30.5,37.3,76
2025-07-13 23:00:00,30.0,37.1,80
2025-07-14 00:00:00,29.8,36.9,82
2025-07-14 01:00:00,29.3,36.8,85
2025-07-14 02:00:00,29.1,36.8,86
2025-07-14 03:00:00,29.0,36.6,85
2025-07-14 04:00:00,28.9,36.5,86
2025-07-14 05:00:00,28.5,36.1,88
2025-07-14 06:00:00,28.6,36.2,89
2025-07-14 07:00:00,29.4,36.9,85
2025-07-14 08:00:00,30.7,38.0,76
2025-07-14 09:00:00,32.3,39.1,68
2025-07-14 10:00:00,33.6,40.4,62
2025-07-14 11:00:00,34.2,41.4,58
2025-07-14 12:00:00,35.3,42.8,53
2025-07-14 13:00:00,35.9,43.1,51
2025-07-14 14:00:00,36.2,43.1,49
2025-07-14 15:00:00,36.2,42.6,50
2025-07-14 16:00:00,36.3,42.1,49
2025-07-14 17:00:00,36.0,41.5,49
2025-07-14 18:00:00,35.5,41.1,51
2025-07-14 19:00:00,34.6,40.3,54
2025-07-14 20:00:00,33.7,39.4,58
2025-07-14 21:00:00,33.5,39.8,62
2025-07-14 22:00:00,33.3,40.0,63
2025-07-14 23:00:00,33.0,39.1,63
2025-07-15 00:00:00,32.1,39.1,69
2025-07-15 01:00:00,31.6,38.9,73
2025-07-15 02:00:00,31.1,38.3,75
2025-07-15 03:00:00,30.7,37.9,78
2025-07-15 04:00:00,30.2,37.6,81
2025-07-15 05:00:00,29.8,37.0,84
2025-07-15 06:00:00,29.6,36.8,85
2025-07-15 07:00:00,30.7,37.9,80
2025-07-15 08:00:00,32.5,38.5,67
2025-07-15 09:00:00,34.2,38.8,56
2025-07-15 10:00:00,35.1,39.7,53
2025-07-15 11:00:00,36.1,41.2,49
2025-07-15 12:00:00,37.0,42.5,46
2025-07-15 13:00:00,37.8,43.1,43
2025-07-15 14:00:00,37.9,43.0,43
2025-07-15 15:00:00,38.0,42.6,42
2025-07-15 16:00:00,37.8,41.8,43
2025-07-15 17:00:00,37.3,41.3,45
2025-07-15 18:00:00,36.7,40.9,48
2025-07-15 19:00:00,36.0,40.5,50
2025-07-15 20:00:00,35.2,40.4,53
2025-07-15 21:00:00,34.8,40.7,57
2025-07-15 22:00:00,34.4,40.5,60
2025-07-15 23:00:00,34.2,39.9,60
2025-07-16 00:00:00,33.5,38.9,63
2025-07-16 01:00:00,32.7,38.0,65
2025-07-16 02:00:00,32.2,37.5,66
2025-07-16 03:00:00,31.9,36.8,67
2025-07-16 04:00:00,31.5,36.3,68
2025-07-16 05:00:00,31.4,36.0,69
2025-07-16 06:00:00,31.2,35.9,70
2025-07-16 07:00:00,32.0,36.9,67
2025-07-16 08:00:00,33.2,37.4,61
2025-07-16 09:00:00,34.6,38.8,57
2025-07-16 10:00:00,35.8,40.3,53
2025-07-16 11:00:00,37.0,42.3,50
2025-07-16 12:00:00,38.0,43.4,46
2025-07-16 13:00:00,38.7,44.3,44
2025-07-16 14:00:00,39.2,44.3,42
2025-07-16 15:00:00,39.5,44.1,40
2025-07-16 16:00:00,39.3,43.1,39
2025-07-16 17:00:00,38.8,42.3,41
2025-07-16 18:00:00,37.8,41.9,45
2025-07-16 19:00:00,37.1,41.8,47
2025-07-16 20:00:00,36.4,41.6,51
2025-07-16 21:00:00,35.8,41.8,56
2025-07-16 22:00:00,35.6,41.4,56
2025-07-16 23:00:00,35.2,41.0,57
2025-07-17 00:00:00,34.5,40.2,59
2025-07-17 01:00:00,33.8,39.8,62
2025-07-17 02:00:00,33.2,39.9,65
2025-07-17 03:00:00,28.8,35.1,87
2025-07-17 04:00:00,28.8,35.9,91
2025-07-17 05:00:00,28.6,35.8,92
2025-07-17 06:00:00,28.5,35.9,93
2025-07-17 07:00:00,28.9,36.7,92
2025-07-17 08:00:00,30.5,38.6,84
2025-07-17 09:00:00,30.0,38.6,89
2025-07-17 10:00:00,29.6,36.9,86
2025-07-17 11:00:00,29.9,37.3,83
2025-07-17 12:00:00,30.9,38.6,80
2025-07-17 13:00:00,33.3,42.2,71
2025-07-17 14:00:00,34.4,43.5,66
2025-07-17 15:00:00,35.2,43.6,63
2025-07-17 16:00:00,34.9,42.1,64
2025-07-17 17:00:00,34.5,41.6,64
2025-07-17 18:00:00,33.7,41.0,70
2025-07-17 19:00:00,32.7,40.8,77
2025-07-17 20:00:00,31.9,40.2,81
2025-07-17 21:00:00,33.2,41.1,74
2025-07-17 22:00:00,32.8,40.7,75
2025-07-17 23:00:00,32.2,40.3,79
2025-07-18 00:00:00,31.8,39.8,82
2025-07-18 01:00:00,31.5,39.4,82
2025-07-18 02:00:00,31.0,37.9,80
2025-07-18 03:00:00,30.5,37.7,83
2025-07-18 04:00:00,30.3,37.7,83
2025-07-18 05:00:00,30.1,37.5,84
2025-07-18 06:00:00,30.0,37.5,86
2025-07-18 07:00:00,30.5,38.0,83
2025-07-18 08:00:00,31.6,38.7,75
2025-07-18 09:00:00,32.5,39.5,73
2025-07-18 10:00:00,33.6,40.3,65
2025-07-18 11:00:00,34.8,41.9,60
2025-07-18 12:00:00,35.5,42.8,56
2025-07-18 13:00:00,36.2,42.9,51
2025-07-18 14:00:00,36.0,42.2,52
2025-07-18 15:00:00,35.0,41.3,57
2025-07-18 16:00:00,35.2,40.0,50
2025-07-18 17:00:00,35.8,39.4,45
2025-07-18 18:00:00,35.2,38.6,47
2025-07-18 19:00:00,34.2,38.4,51
2025-07-18 20:00:00,33.1,38.4,59
2025-07-18 21:00:00,32.2,34.9,52
2025-07-18 22:00:00,31.2,34.1,56
2025-07-18 23:00:00,30.5,34.0,61
2025-07-19 00:00:00,29.8,33.7,65
2025-07-19 01:00:00,29.1,33.1,69
2025-07-19 02:00:00,28.4,32.4,72
2025-07-19 03:00:00,27.9,32.0,73
2025-07-19 04:00:00,27.4,31.7,76
2025-07-19 05:00:00,26.9,31.2,78
2025-07-19 06:00:00,26.6,30.8,78
2025-07-19 07:00:00,27.5,31.7,74
2025-07-19 08:00:00,29.2,33.2,65
2025-07-19 09:00:00,31.9,35.2,53
2025-07-19 10:00:00,33.5,37.0,46
2025-07-19 11:00:00,34.9,39.2,42
2025-07-19 12:00:00,36.0,40.5,39
2025-07-19 13:00:00,37.0,41.1,36
2025-07-19 14:00:00,37.0,40.6,36
2025-07-19 15:00:00,37.0,40.2,37
2025-07-19 16:00:00,36.6,39.2,38
2025-07-19 17:00:00,36.3,38.6,39
2025-07-19 18:00:00,35.7,38.0,41
2025-07-19 19:00:00,35.2,37.9,42
2025-07-19 20:00:00,34.7,37.7,44
2025-07-19 21:00:00,34.1,38.2,51
2025-07-19 22:00:00,33.0,37.7,57
2025-07-19 23:00:00,32.3,37.5,62
2025-07-20 00:00:00,31.8,37.4,67
2025-07-20 01:00:00,31.0,36.9,72
2025-07-20 02:00:00,30.2,36.2,76
2025-07-20 03:00:00,29.8,35.5,77
2025-07-20 04:00:00,29.4,35.0,78
2025-07-20 05:00:00,29.0,34.6,80
2025-07-20 06:00:00,29.0,34.4,80
2025-07-20 07:00:00,29.8,35.3,75
2025-07-20 08:00:00,31.1,36.4,68
2025-07-20 09:00:00,32.5,38.0,64
2025-07-20 10:00:00,35.0,39.7,52
2025-07-20 11:00:00,36.5,41.3,45
2025-07-20 12:00:00,37.3,42.1,42
2025-07-20 13:00:00,37.3,41.9,42
2025-07-20 14:00:00,37.6,41.8,42
2025-07-20 15:00:00,36.7,40.6,46
2025-07-20 16:00:00,35.3,39.6,51
2025-07-20 17:00:00,35.7,39.9,51
2025-07-20 18:00:00,35.7,39.7,50
2025-07-20 19:00:00,34.8,39.3,54
2025-07-20 20:00:00,33.5,39.3,63
2025-07-20 21:00:00,34.2,38.5,53
2025-07-20 22:00:00,33.7,38.6,56
2025-07-20 23:00:00,33.2,38.4,61
2025-07-21 00:00:00,32.8,38.0,63
2025-07-21 01:00:00,32.3,37.6,64
2025-07-21 02:00:00,31.8,36.8,66
2025-07-21 03:00:00,31.4,36.4,67
2025-07-21 04:00:00,30.9,36.1,69
2025-07-21 05:00:00,30.4,35.6,71
2025-07-21 06:00:00,30.3,35.3,71
2025-07-21 07:00:00,31.0,35.9,67
2025-07-21 08:00:00,32.4,36.5,60
2025-07-21 09:00:00,35.0,38.6,52
2025-07-21 10:00:00,34.6,38.6,53
2025-07-21 11:00:00,35.8,39.4,47
2025-07-21 12:00:00,34.4,38.9,56
2025-07-21 13:00:00,34.9,39.7,54
2025-07-21 14:00:00,35.9,40.8,50
2025-07-21 15:00:00,36.7,40.8,47
2025-07-21 16:00:00,36.7,40.4,47
2025-07-21 17:00:00,35.8,39.3,49
2025-07-21 18:00:00,34.8,38.9,53
2025-07-21 19:00:00,33.8,38.6,59
2025-07-21 20:00:00,31.0,36.9,72
2025-07-21 21:00:00,31.6,37.5,71
2025-07-21 22:00:00,31.5,36.7,70
2025-07-21 23:00:00,30.9,36.0,72
2025-07-22 00:00:00,30.5,35.4,72
2025-07-22 01:00:00,30.2,34.4,69
2025-07-22 02:00:00,29.8,33.9,71
2025-07-22 03:00:00,29.4,33.5,73
2025-07-22 04:00:00,29.0,33.3,75
2025-07-22 05:00:00,28.6,33.1,77
2025-07-22 06:00:00,28.4,32.8,78
2025-07-22 07:00:00,28.8,32.6,75
2025-07-22 08:00:00,29.6,33.0,70
2025-07-22 09:00:00,28.2,33.3,87
2025-07-22 10:00:00,28.6,33.2,79
2025-07-22 11:00:00,31.0,34.1,63
2025-07-22 12:00:00,31.7,34.7,60
2025-07-22 13:00:00,33.1,37.8,57
2025-07-22 14:00:00,33.2,37.1,56
2025-07-22 15:00:00,32.2,36.1,61
2025-07-22 16:00:00,32.8,36.1,58
2025-07-22 17:00:00,32.5,35.8,59
2025-07-22 18:00:00,32.2,35.4,59
2025-07-22 19:00:00,31.4,35.3,64
2025-07-22 20:00:00,31.0,34.9,64
2025-07-22 21:00:00,29.0,34.1,80
2025-07-22 22:00:00,28.6,33.6,80
2025-07-22 23:00:00,28.1,32.9,80
2025-07-23 00:00:00,27.9,32.5,80
2025-07-23 01:00:00,27.8,32.4,80
2025-07-23 02:00:00,27.9,31.6,75
2025-07-23 03:00:00,27.1,30.6,76
2025-07-23 04:00:00,26.6,30.5,81
2025-07-23 05:00:00,26.5,30.6,83
2025-07-23 06:00:00,26.4,31.1,87
2025-07-23 07:00:00,26.8,31.8,87
2025-07-23 08:00:00,27.6,32.8,84
2025-07-23 09:00:00,30.0,35.0,75
2025-07-23 10:00:00,31.5,36.6,68
2025-07-23 11:00:00,32.2,37.4,64
2025-07-23 12:00:00,33.2,38.7,59
2025-07-23 13:00:00,33.5,39.0,57
2025-07-23 14:00:00,34.2,40.2,54
2025-07-23 15:00:00,34.3,39.8,54
2025-07-23 16:00:00,34.1,39.1,55
2025-07-23 17:00:00,34.0,38.7,54
2025-07-23 18:00:00,33.5,38.0,54
2025-07-23 19:00:00,33.1,37.8,55
2025-07-23 20:00:00,32.7,37.8,58
2025-07-23 21:00:00,31.4,37.0,67
2025-07-23 22:00:00,30.6,36.9,74
2025-07-23 23:00:00,30.1,36.6,77
2025-07-24 00:00:00,29.7,36.3,80
2025-07-24 01:00:00,29.4,35.9,81
2025-07-24 02:00:00,29.1,35.5,82
2025-07-24 03:00:00,28.9,35.3,83
2025-07-24 04:00:00,28.6,35.1,84
2025-07-24 05:00:00,28.5,34.8,85
2025-07-24 06:00:00,28.4,34.5,85
2025-07-24 07:00:00,29.2,35.2,79
2025-07-24 08:00:00,30.6,35.8,70
2025-07-24 09:00:00,32.5,37.6,62
2025-07-24 10:00:00,33.8,38.8,55
2025-07-24 11:00:00,35.0,40.7,50
2025-07-24 12:00:00,35.8,41.9,46
2025-07-24 13:00:00,36.6,42.7,43
2025-07-24 14:00:00,37.0,42.7,43
2025-07-24 15:00:00,37.0,42.0,42
2025-07-24 16:00:00,36.8,40.8,43
2025-07-24 17:00:00,36.2,39.9,45
2025-07-24 18:00:00,35.5,39.3,48
2025-07-24 19:00:00,34.6,38.8,51
2025-07-24 20:00:00,34.0,38.7,54
2025-07-24 21:00:00,34.5,38.9,50
2025-07-24 22:00:00,33.8,38.5,53
2025-07-24 23:00:00,32.5,37.5,62
2025-07-25 00:00:00,31.6,37.7,71
2025-07-25 01:00:00,31.2,37.5,72
2025-07-25 02:00:00,30.8,36.9,72
2025-07-25 03:00:00,30.5,36.2,72
2025-07-25 04:00:00,30.1,35.7,72
2025-07-25 05:00:00,29.8,35.1,73
2025-07-25 06:00:00,29.5,34.7,75
2025-07-25 07:00:00,30.1,35.5,71
2025-07-25 08:00:00,31.6,36.7,65
2025-07-25 09:00:00,33.7,38.5,56
2025-07-25 10:00:00,35.2,40.1,50
2025-07-25 11:00:00,36.3,41.5,45
2025-07-25 12:00:00,37.2,42.7,42
2025-07-25 13:00:00,38.0,43.2,39
2025-07-25 14:00:00,38.5,43.2,36
2025-07-25 15:00:00,38.5,42.8,38
2025-07-25 16:00:00,37.7,41.3,41
2025-07-25 17:00:00,36.8,40.6,44
2025-07-25 18:00:00,36.2,40.2,47
2025-07-25 19:00:00,35.6,39.6,48
2025-07-25 20:00:00,35.4,39.8,48
2025-07-25 21:00:00,34.8,39.2,50
2025-07-25 22:00:00,34.1,38.5,53
2025-07-25 23:00:00,33.2,37.3,57
2025-07-26 00:00:00,32.2,36.7,60
2025-07-26 01:00:00,31.5,36.5,64
2025-07-26 02:00:00,30.8,36.1,68
2025-07-26 03:00:00,30.2,35.5,70
2025-07-26 04:00:00,29.6,35.1,73
2025-07-26 05:00:00,29.0,34.4,75
2025-07-26 06:00:00,28.6,33.7,74
2025-07-26 07:00:00,28.9,33.7,72
2025-07-26 08:00:00,29.5,34.3,70
2025-07-26 09:00:00,32.2,36.9,57
2025-07-26 10:00:00,34.0,39.1,51
2025-07-26 11:00:00,35.2,40.1,46
2025-07-26 12:00:00,36.0,40.9,44
2025-07-26 13:00:00,36.7,41.8,42
2025-07-26 14:00:00,37.0,41.7,41
2025-07-26 15:00:00,37.2,41.1,41
2025-07-26 16:00:00,36.0,38.9,44
2025-07-26 17:00:00,35.2,38.3,48
2025-07-26 18:00:00,33.5,37.6,57
2025-07-26 19:00:00,32.2,37.2,64
2025-07-26 20:00:00,31.4,36.8,68
2025-07-26 21:00:00,32.0,37.7,67
2025-07-26 22:00:00,31.6,37.5,69
2025-07-26 23:00:00,31.2,36.9,71
2025-07-27 00:00:00,30.6,36.1,72
2025-07-27 01:00:00,30.0,35.5,73
2025-07-27 02:00:00,29.6,35.1,75
2025-07-27 03:00:00,29.4,34.8,76
2025-07-27 04:00:00,29.0,34.6,78
2025-07-27 05:00:00,28.8,34.5,79
2025-07-27 06:00:00,28.6,34.4,81
2025-07-27 07:00:00,29.3,35.0,77
2025-07-27 08:00:00,30.7,36.1,70
2025-07-27 09:00:00,32.5,38.0,63
2025-07-27 10:00:00,34.0,39.2,57
2025-07-27 11:00:00,34.5,39.9,54
2025-07-27 12:00:00,35.3,41.1,52
2025-07-27 13:00:00,35.6,41.7,52
2025-07-27 14:00:00,36.3,42.6,50
2025-07-27 15:00:00,36.7,41.3,47
2025-07-27 16:00:00,34.3,39.2,56
2025-07-27 17:00:00,32.7,38.3,64
2025-07-27 18:00:00,32.7,39.3,64
2025-07-27 19:00:00,32.5,38.7,65
2025-07-27 20:00:00,32.0,38.4,68
2025-07-27 21:00:00,32.3,38.3,66
2025-07-27 22:00:00,31.8,37.9,70
2025-07-27 23:00:00,31.1,37.1,73
2025-07-28 00:00:00,30.5,36.1,73
2025-07-28 01:00:00,29.9,35.4,74
2025-07-28 02:00:00,29.4,34.9,75
2025-07-28 03:00:00,29.0,34.2,76
2025-07-28 04:00:00,28.6,33.7,76
2025-07-28 05:00:00,28.5,33.5,77
2025-07-28 06:00:00,28.4,33.6,77
2025-07-28 07:00:00,29.1,34.1,74
2025-07-28 08:00:00,30.4,35.1,68
2025-07-28 09:00:00,32.3,37.2,60
2025-07-28 10:00:00,33.6,38.3,55
2025-07-28 11:00:00,34.7,39.9,52
2025-07-28 12:00:00,35.4,40.7,49
2025-07-28 13:00:00,35.4,40.3,48
2025-07-28 14:00:00,34.0,39.7,55
2025-07-28 15:00:00,34.0,39.5,55
2025-07-28 16:00:00,34.8,40.4,54
2025-07-28 17:00:00,34.3,38.6,53
2025-07-28 18:00:00,33.2,38.2,59
2025-07-28 19:00:00,32.8,38.2,60
2025-07-28 20:00:00,32.3,38.3,65
2025-07-28 21:00:00,32.5,38.0,60
2025-07-28 22:00:00,31.2,36.4,65
2025-07-28 23:00:00,29.6,34.7,74
2025-07-29 00:00:00,29.5,35.4,74
2025-07-29 01:00:00,29.4,35.4,76
2025-07-29 02:00:00,29.1,35.1,78
2025-07-29 03:00:00,28.9,35.2,80
2025-07-29 04:00:00,28.7,35.2,82
2025-07-29 05:00:00,28.7,35.3,82
2025-07-29 06:00:00,28.5,35.1,84
2025-07-29 07:00:00,29.1,35.4,80
2025-07-29 08:00:00,30.6,36.4,70
2025-07-29 09:00:00,33.1,38.7,60
2025-07-29 10:00:00,34.5,39.9,53
2025-07-29 11:00:00,35.6,41.2,48
2025-07-29 12:00:00,36.6,42.3,44
2025-07-29 13:00:00,37.2,42.8,42
2025-07-29 14:00:00,37.3,42.6,42
2025-07-29 15:00:00,37.3,42.0,42
2025-07-29 16:00:00,34.9,39.2,50
2025-07-29 17:00:00,35.5,39.4,47
2025-07-29 18:00:00,34.2,38.3,54
2025-07-29 19:00:00,33.2,38.5,59
2025-07-29 20:00:00,32.8,38.4,63
2025-07-29 21:00:00,31.9,37.7,66
2025-07-29 22:00:00,31.6,37.8,68
2025-07-29 23:00:00,31.5,37.8,69
2025-07-30 00:00:00,31.2,37.7,71
2025-07-30 01:00:00,30.8,37.5,73
2025-07-30 02:00:00,30.5,37.2,74
2025-07-30 03:00:00,29.7,36.1,79
2025-07-30 04:00:00,29.2,35.8,83
2025-07-30 05:00:00,29.0,35.6,85
2025-07-30 06:00:00,28.9,35.5,86
2025-07-30 07:00:00,29.5,35.8,81
2025-07-30 08:00:00,31.0,37.0,72
2025-07-30 09:00:00,32.8,37.3,59
2025-07-30 10:00:00,34.2,37.4,51
2025-07-30 11:00:00,35.3,38.6,44
2025-07-30 12:00:00,36.1,40.4,44
2025-07-30 13:00:00,36.6,40.8,42
2025-07-30 14:00:00,37.5,42.2,40
2025-07-30 15:00:00,37.5,41.6,40
2025-07-30 16:00:00,37.7,40.5,39
2025-07-30 17:00:00,35.4,38.4,45
2025-07-30 18:00:00,35.0,38.2,47
2025-07-30 19:00:00,34.6,37.8,48
2025-07-30 20:00:00,33.9,37.4,50
2025-07-30 21:00:00,31.3,35.7,63
2025-07-30 22:00:00,30.1,34.9,70
2025-07-30 23:00:00,29.6,34.6,72
2025-07-31 00:00:00,29.7,34.2,68
2025-07-31 01:00:00,29.2,34.1,69
2025-07-31 02:00:00,28.7,34.0,73
2025-07-31 03:00:00,28.1,33.7,77
2025-07-31 04:00:00,27.6,32.5,78
2025-07-31 05:00:00,27.2,31.9,79
2025-07-31 06:00:00,27.0,31.7,80
2025-07-31 07:00:00,27.8,32.7,77
2025-07-31 08:00:00,29.3,33.9,70
2025-07-31 09:00:00,29.4,34.6,73
2025-07-31 10:00:00,32.5,36.0,53
2025-07-31 11:00:00,34.2,38.0,44
2025-07-31 12:00:00,34.8,38.6,43
2025-07-31 13:00:00,35.6,39.2,40
2025-07-31 14:00:00,36.4,39.1,37
2025-07-31 15:00:00,36.1,38.0,38
2025-07-31 16:00:00,36.5,38.3,36
2025-07-31 17:00:00,36.8,38.0,34
2025-07-31 18:00:00,36.2,37.6,37
2025-07-31 19:00:00,35.2,37.3,40
2025-07-31 20:00:00,34.1,37.2,45
2025-07-31 21:00:00,33.8,35.7,40
2025-07-31 22:00:00,32.8,35.1,43
2025-07-31 23:00:00,32.0,34.8,49
2025-08-01 00:00:00,31.3,35.2,54
2025-08-01 01:00:00,30.9,35.1,56
2025-08-01 02:00:00,30.6,34.3,57
2025-08-01 03:00:00,30.1,33.9,60
2025-08-01 04:00:00,29.9,33.9,61
2025-08-01 05:00:00,29.5,33.3,63
2025-08-01 06:00:00,29.1,33.0,64
2025-08-01 07:00:00,29.6,33.4,62
2025-08-01 08:00:00,30.6,34.2,59
2025-08-01 09:00:00,32.2,36.1,57
2025-08-01 10:00:00,33.6,37.6,51
2025-08-01 11:00:00,35.0,39.0,46
2025-08-01 12:00:00,35.7,39.7,44
2025-08-01 13:00:00,35.5,39.7,46
2025-08-01 14:00:00,35.3,39.3,48
2025-08-01 15:00:00,35.8,40.3,48
2025-08-01 16:00:00,32.4,37.2,64
2025-08-01 17:00:00,32.5,37.7,62
2025-08-01 18:00:00,32.0,36.8,63
2025-08-01 19:00:00,30.0,36.0,73
2025-08-01 20:00:00,29.6,36.3,77
2025-08-01 21:00:00,31.0,37.4,70
2025-08-01 22:00:00,30.9,37.3,72
2025-08-01 23:00:00,30.5,36.9,75
2025-08-02 00:00:00,30.0,36.4,77
2025-08-02 01:00:00,29.6,35.9,79
2025-08-02 02:00:00,29.2,35.4,81
2025-08-02 03:00:00,28.9,35.1,82
2025-08-02 04:00:00,28.5,34.9,85
2025-08-02 05:00:00,28.1,34.7,87
2025-08-02 06:00:00,28.0,34.7,88
2025-08-02 07:00:00,28.6,35.2,84
2025-08-02 08:00:00,29.8,36.0,77
2025-08-02 09:00:00,31.1,37.6,72
2025-08-02 10:00:00,32.5,39.0,66
2025-08-02 11:00:00,33.7,40.5,61
2025-08-02 12:00:00,34.8,41.6,55
2025-08-02 13:00:00,35.8,41.5,49
2025-08-02 14:00:00,35.7,40.7,50
2025-08-02 15:00:00,34.8,40.8,54
2025-08-02 16:00:00,34.8,40.3,55
2025-08-02 17:00:00,34.5,40.1,57
2025-08-02 18:00:00,34.2,40.1,58
2025-08-02 19:00:00,33.7,40.0,60
2025-08-02 20:00:00,32.8,39.5,67
2025-08-02 21:00:00,32.6,38.8,65
2025-08-02 22:00:00,32.1,39.0,69
2025-08-02 23:00:00,31.1,37.4,74
2025-08-03 00:00:00,28.3,32.8,78
2025-08-03 01:00:00,27.1,33.4,90
2025-08-03 02:00:00,28.0,34.3,86
2025-08-03 03:00:00,28.3,34.7,86
2025-08-03 04:00:00,28.2,35.3,88
2025-08-03 05:00:00,28.0,35.6,91
2025-08-03 06:00:00,28.2,35.8,91
2025-08-03 07:00:00,29.0,36.4,88
2025-08-03 08:00:00,30.3,37.3,79
2025-08-03 09:00:00,34.2,40.1,58
2025-08-03 10:00:00,35.7,41.6,49
2025-08-03 11:00:00,37.0,42.9,44
2025-08-03 12:00:00,37.9,43.9,41
2025-08-03 13:00:00,38.5,44.8,39
2025-08-03 14:00:00,38.8,44.8,38
2025-08-03 15:00:00,39.5,44.8,36
2025-08-03 16:00:00,39.5,43.9,35
2025-08-03 17:00:00,38.2,42.3,38
2025-08-03 18:00:00,36.3,40.7,48
2025-08-03 19:00:00,36.0,41.0,49
2025-08-03 20:00:00,35.7,40.6,51
2025-08-03 21:00:00,35.8,40.2,49
2025-08-03 22:00:00,34.6,39.8,57
2025-08-03 23:00:00,33.5,39.3,64
2025-08-04 00:00:00,32.5,38.2,67
2025-08-04 01:00:00,32.1,38.0,69
2025-08-04 02:00:00,31.8,37.8,72
2025-08-04 03:00:00,31.4,37.7,75
2025-08-04 04:00:00,31.0,37.8,77
2025-08-04 05:00:00,30.8,37.7,79
2025-08-04 06:00:00,30.5,37.6,81
2025-08-04 07:00:00,31.1,38.0,79
2025-08-04 08:00:00,32.7,39.1,70
2025-08-04 09:00:00,34.6,40.7,62
2025-08-04 10:00:00,36.2,42.6,55
2025-08-04 11:00:00,37.4,44.4,50
2025-08-04 12:00:00,38.8,46.2,45
2025-08-04 13:00:00,39.5,47.1,42
2025-08-04 14:00:00,39.8,46.8,40
2025-08-04 15:00:00,39.9,45.9,40
2025-08-04 16:00:00,39.5,44.0,40
2025-08-04 17:00:00,37.5,42.2,45
2025-08-04 18:00:00,37.2,42.0,46
2025-08-04 19:00:00,35.8,40.3,52
2025-08-04 20:00:00,34.3,40.0,62
2025-08-04 21:00:00,33.7,40.3,65
2025-08-04 22:00:00,33.2,39.9,66
2025-08-04 23:00:00,32.8,39.3,69
2025-08-05 00:00:00,32.0,38.8,73
2025-08-05 01:00:00,31.6,38.0,75
2025-08-05 02:00:00,31.3,37.5,75
2025-08-05 03:00:00,30.9,37.3,76
2025-08-05 04:00:00,30.5,37.2,79
2025-08-05 05:00:00,30.2,36.9,81
2025-08-05 06:00:00,30.0,36.8,83
2025-08-05 07:00:00,30.5,37.4,80
2025-08-05 08:00:00,32.1,38.8,73
2025-08-05 09:00:00,33.8,40.4,65
2025-08-05 10:00:00,35.5,42.2,58
2025-08-05 11:00:00,37.0,44.4,51
2025-08-05 12:00:00,38.3,46.1,46
2025-08-05 13:00:00,39.2,46.8,42
2025-08-05 14:00:00,40.0,46.8,40
2025-08-05 15:00:00,40.0,46.0,39
2025-08-05 16:00:00,39.8,44.6,39
2025-08-05 17:00:00,39.2,43.3,40
2025-08-05 18:00:00,37.7,41.7,44
2025-08-05 19:00:00,36.3,41.1,51
2025-08-05 20:00:00,35.2,40.3,55
2025-08-05 21:00:00,35.1,41.2,58
2025-08-05 22:00:00,34.2,40.3,63
2025-08-05 23:00:00,33.5,39.8,66
2025-08-06 00:00:00,33.0,39.7,68
2025-08-06 01:00:00,32.5,39.1,70
2025-08-06 02:00:00,32.0,38.7,73
2025-08-06 03:00:00,31.6,38.5,75
2025-08-06 04:00:00,31.5,38.2,76
2025-08-06 05:00:00,31.2,38.0,76
2025-08-06 06:00:00,30.8,37.4,77
2025-08-06 07:00:00,28.5,34.7,89
2025-08-06 08:00:00,29.1,36.7,86
2025-08-06 09:00:00,32.4,39.4,74
2025-08-06 10:00:00,31.9,37.9,72
2025-08-06 11:00:00,31.8,38.8,75
2025-08-06 12:00:00,32.3,39.9,71
2025-08-06 13:00:00,32.7,41.5,73
2025-08-06 14:00:00,33.1,41.5,71
2025-08-06 15:00:00,33.9,41.7,66
2025-08-06 16:00:00,33.8,41.2,66
2025-08-06 17:00:00,33.8,41.1,67
2025-08-06 18:00:00,33.0,39.9,69
2025-08-06 19:00:00,32.2,40.7,79
2025-08-06 20:00:00,32.2,40.4,76
2025-08-06 21:00:00,31.5,40.2,83
2025-08-06 22:00:00,31.2,39.5,83
2025-08-06 23:00:00,30.7,39.2,86
2025-08-07 00:00:00,30.5,38.9,87
2025-08-07 01:00:00,30.0,38.3,91
2025-08-07 02:00:00,29.0,36.0,91
2025-08-07 03:00:00,28.5,35.4,90
2025-08-07 04:00:00,28.5,35.3,88
2025-08-07 05:00:00,28.2,35.4,90
2025-08-07 06:00:00,28.0,34.5,88
2025-08-07 07:00:00,28.4,34.9,86
2025-08-07 08:00:00,28.6,34.8,85
2025-08-07 09:00:00,28.6,34.8,84
2025-08-07 10:00:00,29.1,35.6,83
2025-08-07 11:00:00,30.9,37.4,76
2025-08-07 12:00:00,30.7,37.1,77
2025-08-07 13:00:00,31.6,38.4,72
2025-08-07 14:00:00,32.5,39.4,69
2025-08-07 15:00:00,30.7,36.6,75
2025-08-07 16:00:00,31.0,37.5,76
2025-08-07 17:00:00,31.0,37.0,74
2025-08-07 18:00:00,28.2,34.1,87
2025-08-07 19:00:00,27.8,33.9,91
2025-08-07 20:00:00,26.0,32.2,99
2025-08-07 21:00:00,29.0,36.1,89
2025-08-07 22:00:00,29.0,36.3,90
2025-08-07 23:00:00,28.6,35.4,89
2025-08-08 00:00:00,28.3,35.1,90
2025-08-08 01:00:00,28.2,35.1,90
2025-08-08 02:00:00,28.1,34.6,88
2025-08-08 03:00:00,27.9,34.2,87
2025-08-08 04:00:00,27.6,34.2,88
2025-08-08 05:00:00,27.6,33.9,88
2025-08-08 06:00:00,27.5,33.6,89
2025-08-08 07:00:00,28.0,33.9,87
2025-08-08 08:00:00,28.8,34.2,81
2025-08-08 09:00:00,29.8,35.5,78
2025-08-08 10:00:00,30.5,36.1,74
2025-08-08 11:00:00,31.4,37.5,70
2025-08-08 12:00:00,32.0,38.6,67
2025-08-08 13:00:00,32.8,39.2,63
2025-08-08 14:00:00,33.2,39.3,61
2025-08-08 15:00:00,33.4,38.7,60
2025-08-08 16:00:00,33.2,38.5,63
2025-08-08 17:00:00,33.2,38.7,64
2025-08-08 18:00:00,32.7,39.3,69
2025-08-08 19:00:00,31.5,39.1,77
2025-08-08 20:00:00,30.9,38.5,80
2025-08-08 21:00:00,30.1,36.6,80
2025-08-08 22:00:00,29.8,36.5,82
2025-08-08 23:00:00,29.6,36.0,82
2025-08-09 00:00:00,29.3,35.7,83
2025-08-09 01:00:00,29.1,35.4,84
2025-08-09 02:00:00,29.2,34.5,78
2025-08-09 03:00:00,29.0,34.1,78
2025-08-09 04:00:00,28.7,33.9,79
2025-08-09 05:00:00,28.5,33.6,80
2025-08-09 06:00:00,28.5,33.4,79
2025-08-09 07:00:00,29.1,33.8,76
2025-08-09 08:00:00,30.1,35.2,74
2025-08-09 09:00:00,31.1,35.9,71
2025-08-09 10:00:00,32.0,37.1,68
2025-08-09 11:00:00,33.0,38.6,64
2025-08-09 12:00:00,33.8,39.4,61
2025-08-09 13:00:00,34.2,40.0,60
2025-08-09 14:00:00,34.8,40.4,58
2025-08-09 15:00:00,35.0,40.0,57
2025-08-09 16:00:00,34.8,39.4,56
2025-08-09 17:00:00,34.3,40.0,61
2025-08-09 18:00:00,33.6,39.7,64
2025-08-09 19:00:00,32.4,39.2,71
2025-08-09 20:00:00,31.5,38.3,75
2025-08-09 21:00:00,27.4,34.0,93
2025-08-09 22:00:00,27.6,35.1,93
2025-08-09 23:00:00,28.0,35.6,91
2025-08-10 00:00:00,28.0,35.3,91
2025-08-10 01:00:00,28.0,35.7,91
2025-08-10 02:00:00,26.8,33.1,93
2025-08-10 03:00:00,26.9,33.6,94
2025-08-10 04:00:00,26.9,33.8,94
2025-08-10 05:00:00,26.1,32.4,97
2025-08-10 06:00:00,26.5,33.6,95
2025-08-10 07:00:00,26.8,33.7,93
2025-08-10 08:00:00,27.1,34.0,92
2025-08-10 09:00:00,27.0,32.9,90
2025-08-10 10:00:00,28.1,34.8,87
2025-08-10 11:00:00,29.8,36.9,83
2025-08-10 12:00:00,31.9,39.5,73
2025-08-10 13:00:00,32.8,41.5,73
2025-08-10 14:00:00,33.2,41.3,71
2025-08-10 15:00:00,27.8,32.5,88
2025-08-10 16:00:00,27.0,33.6,95
2025-08-10 17:00:00,27.8,34.1,90
2025-08-10 18:00:00,27.8,34.3,90
2025-08-10 19:00:00,27.6,34.4,91
2025-08-10 20:00:00,27.5,34.5,93
2025-08-10 21:00:00,27.4,34.0,92
2025-08-10 22:00:00,27.1,34.0,94
2025-08-10 23:00:00,26.9,33.9,95
2025-08-11 00:00:00,27.1,34.0,94
2025-08-11 01:00:00,26.5,32.8,97
2025-08-11 02:00:00,26.1,32.6,98
2025-08-11 03:00:00,26.0,31.9,97
2025-08-11 04:00:00,25.9,32.2,97
2025-08-11 05:00:00,25.9,32.2,97
2025-08-11 06:00:00,26.0,32.3,97
2025-08-11 07:00:00,26.0,31.8,98
2025-08-11 08:00:00,26.0,31.8,97
2025-08-11 09:00:00,25.4,30.6,95
2025-08-11 10:00:00,24.8,28.8,94
2025-08-11 11:00:00,24.3,27.9,89
2025-08-11 12:00:00,24.5,28.2,89
2025-08-11 13:00:00,24.9,29.2,89
2025-08-11 14:00:00,25.4,29.4,88
2025-08-11 15:00:00,25.5,29.7,88
2025-08-11 16:00:00,25.6,30.2,88
2025-08-11 17:00:00,25.5,30.3,90
2025-08-11 18:00:00,25.5,30.4,90
2025-08-11 19:00:00,25.2,30.7,92
2025-08-11 20:00:00,25.2,30.8,93
2025-08-11 21:00:00,25.2,31.0,93
2025-08-11 22:00:00,25.1,30.8,94
2025-08-11 23:00:00,25.0,30.7,95
2025-08-12 00:00:00,24.9,30.4,96
2025-08-12 01:00:00,24.8,30.4,96
2025-08-12 02:00:00,24.5,30.1,96
2025-08-12 03:00:00,24.5,29.9,96
2025-08-12 04:00:00,24.4,29.9,96
2025-08-12 05:00:00,24.4,29.8,96
2025-08-12 06:00:00,24.5,30.1,95
2025-08-12 07:00:00,25.0,30.6,93
2025-08-12 08:00:00,25.0,30.4,94
2025-08-12 09:00:00,25.8,31.5,94
2025-08-12 10:00:00,26.0,31.6,91
2025-08-12 11:00:00,26.3,31.9,90
2025-08-12 12:00:00,26.8,32.7,88
2025-08-12 13:00:00,27.3,33.1,83
2025-08-12 14:00:00,26.6,32.7,87
2025-08-12 15:00:00,28.6,35.0,79
2025-08-12 16:00:00,29.3,35.1,75
2025-08-12 17:00:00,29.4,35.0,75
2025-08-12 18:00:00,28.9,34.7,78
2025-08-12 19:00:00,28.1,34.3,84
2025-08-12 20:00:00,27.8,34.4,87
2025-08-12 21:00:00,26.9,32.5,87
2025-08-12 22:00:00,26.8,32.5,87
2025-08-12 23:00:00,26.7,32.8,89
2025-08-13 00:00:00,26.5,32.5,90
2025-08-13 01:00:00,26.3,32.1,91
2025-08-13 02:00:00,26.1,31.6,91
2025-08-13 03:00:00,26.0,31.3,91
2025-08-13 04:00:00,25.8,31.0,92
2025-08-13 05:00:00,25.6,30.9,93
2025-08-13 06:00:00,25.6,30.9,94
2025-08-13 07:00:00,25.9,31.4,93
2025-08-13 08:00:00,26.5,32.5,92
2025-08-13 09:00:00,27.6,33.2,84
2025-08-13 10:00:00,28.5,34.3,82
2025-08-13 11:00:00,30.2,36.5,76
2025-08-13 12:00:00,31.2,38.0,73
2025-08-13 13:00:00,31.6,39.0,73
2025-08-13 14:00:00,30.0,36.0,76
2025-08-13 15:00:00,27.8,33.9,87
2025-08-13 16:00:00,27.7,33.8,85
2025-08-13 17:00:00,27.2,32.9,89
2025-08-13 18:00:00,26.9,32.5,89
2025-08-13 19:00:00,26.2,31.9,91
2025-08-13 20:00:00,26.2,32.2,93
2025-08-13 21:00:00,27.0,33.7,93
2025-08-13 22:00:00,26.9,33.2,94
2025-08-13 23:00:00,26.9,33.2,94
2025-08-14 00:00:00,26.9,33.3,92
2025-08-14 01:00:00,26.7,33.2,92
2025-08-14 02:00:00,26.6,33.0,93
2025-08-14 03:00:00,26.4,32.4,95
2025-08-14 04:00:00,26.1,32.0,96
2025-08-14 05:00:00,25.9,31.8,97
2025-08-14 06:00:00,25.8,31.7,97
2025-08-14 07:00:00,26.3,32.1,94
2025-08-14 08:00:00,27.2,33.6,92
2025-08-14 09:00:00,29.1,35.8,85
2025-08-14 10:00:00,30.6,37.4,78
2025-08-14 11:00:00,31.9,39.1,71
2025-08-14 12:00:00,32.8,39.5,64
2025-08-14 13:00:00,33.3,39.6,60
2025-08-14 14:00:00,33.4,39.3,60
2025-08-14 15:00:00,33.5,38.8,60
2025-08-14 16:00:00,33.5,37.9,59
2025-08-14 17:00:00,33.0,38.0,62
2025-08-14 18:00:00,32.0,37.4,68
2025-08-14 19:00:00,30.8,36.4,73
2025-08-14 20:00:00,30.0,35.9,78
2025-08-14 21:00:00,29.8,34.6,74
2025-08-14 22:00:00,29.5,34.5,76
2025-08-14 23:00:00,29.2,34.3,78
2025-08-15 00:00:00,29.0,34.1,79
2025-08-15 01:00:00,28.7,33.7,80
2025-08-15 02:00:00,28.4,33.5,81
2025-08-15 03:00:00,28.0,33.1,82
2025-08-15 04:00:00,27.9,32.9,82
2025-08-15 05:00:00,27.5,32.7,83
2025-08-15 06:00:00,27.2,32.5,84
2025-08-15 07:00:00,27.8,33.1,82
2025-08-15 08:00:00,28.9,34.5,79
2025-08-15 09:00:00,31.0,37.4,75
2025-08-15 10:00:00,32.3,38.3,65
2025-08-15 11:00:00,33.2,39.2,57
2025-08-15 12:00:00,33.8,40.1,54
2025-08-15 13:00:00,34.0,40.2,53
2025-08-15 14:00:00,33.8,40.0,54
2025-08-15 15:00:00,33.6,39.3,56
2025-08-15 16:00:00,33.7,38.8,57
2025-08-15 17:00:00,33.6,38.9,59
2025-08-15 18:00:00,32.5,38.4,66
2025-08-15 19:00:00,31.1,37.3,73
2025-08-15 20:00:00,30.5,36.3,76
2025-08-15 21:00:00,29.2,36.2,81
2025-08-15 22:00:00,29.0,36.1,86
2025-08-15 23:00:00,29.1,35.9,83
2025-08-16 00:00:00,29.1,35.6,83
2025-08-16 01:00:00,28.9,35.3,85
2025-08-16 02:00:00,28.5,34.8,86
2025-08-16 03:00:00,28.1,34.1,85
2025-08-16 04:00:00,27.9,33.7,85
2025-08-16 05:00:00,27.6,33.3,85
2025-08-16 06:00:00,27.5,33.1,85
2025-08-16 07:00:00,28.2,33.9,83
2025-08-16 08:00:00,29.4,35.6,81
2025-08-16 09:00:00,31.0,37.7,76
2025-08-16 10:00:00,32.4,39.1,68
2025-08-16 11:00:00,33.6,40.1,59
2025-08-16 12:00:00,34.3,40.8,54
2025-08-16 13:00:00,34.8,41.6,52
2025-08-16 14:00:00,35.0,41.6,51
2025-08-16 15:00:00,34.9,40.7,51
2025-08-16 16:00:00,34.8,40.0,52
2025-08-16 17:00:00,34.4,39.7,53
2025-08-16 18:00:00,34.0,39.8,57
2025-08-16 19:00:00,32.5,39.8,69
2025-08-16 20:00:00,31.2,38.2,75
2025-08-16 21:00:00,31.4,38.7,75
2025-08-16 22:00:00,30.5,38.2,83
2025-08-16 23:00:00,30.0,38.0,86
2025-08-17 00:00:00,29.8,37.7,87
2025-08-17 01:00:00,29.6,37.7,88
2025-08-17 02:00:00,29.5,37.5,88
2025-08-17 03:00:00,29.3,36.9,88
2025-08-17 04:00:00,29.5,36.4,84
2025-08-17 05:00:00,29.0,35.6,83
2025-08-17 06:00:00,28.7,35.1,84
2025-08-17 07:00:00,29.2,35.6,82
2025-08-17 08:00:00,30.2,37.0,80
2025-08-17 09:00:00,31.9,38.4,73
2025-08-17 10:00:00,33.3,39.7,63
2025-08-17 11:00:00,34.5,40.9,55
2025-08-17 12:00:00,35.3,41.7,49
2025-08-17 13:00:00,35.8,42.0,45
2025-08-17 14:00:00,36.0,42.1,44
2025-08-17 15:00:00,36.2,41.7,44
2025-08-17 16:00:00,36.0,40.5,45
2025-08-17 17:00:00,35.3,39.3,47
2025-08-17 18:00:00,34.0,39.3,57
2025-08-17 19:00:00,32.2,38.9,68
2025-08-17 20:00:00,31.8,38.4,70
2025-08-17 21:00:00,32.2,38.2,66
2025-08-17 22:00:00,31.3,37.3,70
2025-08-17 23:00:00,31.0,36.5,69
2025-08-18 00:00:00,30.7,35.9,69
2025-08-18 01:00:00,30.4,35.3,68
2025-08-18 02:00:00,30.0,34.8,70
2025-08-18 03:00:00,29.4,34.5,74
2025-08-18 04:00:00,28.9,34.4,77
2025-08-18 05:00:00,28.5,34.2,80
2025-08-18 06:00:00,28.2,34.1,82
2025-08-18 07:00:00,29.0,34.8,80
2025-08-18 08:00:00,30.5,36.8,76
2025-08-18 09:00:00,32.5,38.8,67
2025-08-18 10:00:00,34.0,39.8,58
2025-08-18 11:00:00,35.2,40.2,48
2025-08-18 12:00:00,35.7,40.7,45
2025-08-18 13:00:00,36.1,41.7,43
2025-08-18 14:00:00,36.3,41.7,42
2025-08-18 15:00:00,36.3,41.1,42
2025-08-18 16:00:00,36.2,40.1,43
2025-08-18 17:00:00,35.7,39.4,44
2025-08-18 18:00:00,34.6,38.6,50
2025-08-18 19:00:00,32.8,37.5,59
2025-08-18 20:00:00,32.0,36.9,63
2025-08-18 21:00:00,32.4,37.3,62
2025-08-18 22:00:00,31.6,36.4,66
2025-08-18 23:00:00,31.1,35.8,66
2025-08-19 00:00:00,30.5,35.3,68
2025-08-19 01:00:00,30.1,34.9,70
2025-08-19 02:00:00,29.8,34.9,73
2025-08-19 03:00:00,29.4,34.7,73
2025-08-19 04:00:00,29.2,34.3,73
2025-08-19 05:00:00,29.0,34.1,74
2025-08-19 06:00:00,28.6,33.8,75
2025-08-19 07:00:00,29.4,34.5,73
2025-08-19 08:00:00,30.8,35.6,66
2025-08-19 09:00:00,32.7,37.5,60
2025-08-19 10:00:00,33.8,38.5,54
2025-08-19 11:00:00,34.7,39.5,51
2025-08-19 12:00:00,34.8,39.9,51
2025-08-19 13:00:00,35.5,40.7,49
2025-08-19 14:00:00,35.8,41.0,48
2025-08-19 15:00:00,35.8,41.0,48
2025-08-19 16:00:00,35.7,40.4,49
2025-08-19 17:00:00,35.2,39.5,50
2025-08-19 18:00:00,34.2,38.7,55
2025-08-19 19:00:00,32.9,38.1,62
2025-08-19 20:00:00,32.0,37.9,68
2025-08-19 21:00:00,31.9,36.7,64
2025-08-19 22:00:00,31.5,36.4,66
2025-08-19 23:00:00,31.4,36.3,68
2025-08-20 00:00:00,31.0,35.7,68
2025-08-20 01:00:00,30.5,35.1,69
2025-08-20 02:00:00,30.1,34.8,70
2025-08-20 03:00:00,29.9,34.1,69
2025-08-20 04:00:00,29.7,33.6,68
2025-08-20 05:00:00,29.4,33.3,69
2025-08-20 06:00:00,29.0,33.1,71
2025-08-20 07:00:00,29.5,33.7,70
2025-08-20 08:00:00,30.5,34.6,66
2025-08-20 09:00:00,32.3,35.9,59
2025-08-20 10:00:00,33.3,36.6,55
2025-08-20 11:00:00,34.2,38.2,51
2025-08-20 12:00:00,35.0,39.5,49
2025-08-20 13:00:00,35.7,40.3,47
2025-08-20 14:00:00,36.0,40.5,45
2025-08-20 15:00:00,36.2,40.3,45
2025-08-20 16:00:00,35.9,39.7,45
2025-08-20 17:00:00,35.8,39.7,45
2025-08-20 18:00:00,35.3,39.2,47
2025-08-20 19:00:00,34.0,38.2,54
2025-08-20 20:00:00,33.0,37.9,61
2025-08-20 21:00:00,32.8,37.1,59
2025-08-20 22:00:00,32.2,36.9,62
2025-08-20 23:00:00,31.5,36.9,68
2025-08-21 00:00:00,30.6,36.5,75
2025-08-21 01:00:00,30.8,35.7,69
2025-08-21 02:00:00,30.4,35.4,68
2025-08-21 03:00:00,29.8,34.6,71
2025-08-21 04:00:00,29.4,34.1,73
2025-08-21 05:00:00,29.0,33.9,74
2025-08-21 06:00:00,28.7,33.5,76
2025-08-21 07:00:00,29.1,34.0,75
2025-08-21 08:00:00,30.3,34.7,69
2025-08-21 09:00:00,32.5,36.0,58
2025-08-21 10:00:00,33.3,36.9,54
2025-08-21 11:00:00,34.3,38.6,51
2025-08-21 12:00:00,35.0,39.2,48
2025-08-21 13:00:00,35.7,40.2,46
2025-08-21 14:00:00,36.1,40.6,44
2025-08-21 15:00:00,36.3,40.4,43
2025-08-21 16:00:00,36.2,39.3,44
2025-08-21 17:00:00,35.7,39.4,46
2025-08-21 18:00:00,34.3,38.6,50
2025-08-21 19:00:00,32.7,36.6,56
2025-08-21 20:00:00,31.5,36.0,62
2025-08-21 21:00:00,29.0,33.7,77
2025-08-21 22:00:00,29.0,34.2,79
2025-08-21 23:00:00,28.7,34.4,81
2025-08-22 00:00:00,28.5,34.0,82
2025-08-22 01:00:00,28.5,34.2,82
2025-08-22 02:00:00,28.5,34.2,81
2025-08-22 03:00:00,28.4,34.3,83
2025-08-22 04:00:00,28.3,34.0,83
2025-08-22 05:00:00,28.1,33.7,82
2025-08-22 06:00:00,28.0,33.4,82
2025-08-22 07:00:00,28.5,34.0,80
2025-08-22 08:00:00,29.7,34.4,72
2025-08-22 09:00:00,31.3,35.4,63
2025-08-22 10:00:00,31.8,35.9,61
2025-08-22 11:00:00,32.7,36.7,57
2025-08-22 12:00:00,33.7,38.6,53
2025-08-22 13:00:00,34.4,39.3,51
2025-08-22 14:00:00,35.2,39.8,48
2025-08-22 15:00:00,34.7,38.2,47
2025-08-22 16:00:00,34.2,37.4,50
2025-08-22 17:00:00,28.7,33.1,75
2025-08-22 18:00:00,28.7,33.8,77
2025-08-22 19:00:00,28.1,33.7,81
2025-08-22 20:00:00,27.9,33.8,85
2025-08-22 21:00:00,26.9,32.2,90
2025-08-22 22:00:00,26.7,32.7,91
2025-08-22 23:00:00,26.8,32.4,92
2025-08-23 00:00:00,27.0,32.1,89
2025-08-23 01:00:00,27.0,32.4,90
2025-08-23 02:00:00,27.0,32.6,90
2025-08-23 03:00:00,26.9,32.6,91
2025-08-23 04:00:00,26.9,32.7,92
2025-08-23 05:00:00,26.8,32.6,92
2025-08-23 06:00:00,26.7,32.5,93
2025-08-23 07:00:00,27.2,33.4,91
2025-08-23 08:00:00,28.5,34.7,86
2025-08-23 09:00:00,30.2,35.9,75
2025-08-23 10:00:00,31.6,36.9,67
2025-08-23 11:00:00,32.5,38.2,62
2025-08-23 12:00:00,33.3,38.8,58
2025-08-23 13:00:00,31.9,37.9,64
2025-08-23 14:00:00,32.5,37.2,63
2025-08-23 15:00:00,32.7,37.7,62
2025-08-23 16:00:00,33.0,37.6,56
2025-08-23 17:00:00,32.8,37.2,58
2025-08-23 18:00:00,31.1,36.3,70
2025-08-23 19:00:00,29.3,34.5,80
2025-08-23 20:00:00,28.8,34.1,81
2025-08-23 21:00:00,30.5,36.0,73
2025-08-23 22:00:00,30.0,35.4,76
2025-08-23 23:00:00,29.7,35.3,78
2025-08-24 00:00:00,29.5,35.4,80
2025-08-24 01:00:00,29.2,34.9,80
2025-08-24 02:00:00,29.0,34.4,78
2025-08-24 03:00:00,28.9,34.0,76
2025-08-24 04:00:00,28.8,33.7,75
2025-08-24 05:00:00,28.5,33.5,75
2025-08-24 06:00:00,28.2,33.4,77
2025-08-24 07:00:00,28.9,33.9,74
2025-08-24 08:00:00,30.2,35.5,68
2025-08-24 09:00:00,33.1,37.4,57
2025-08-24 10:00:00,34.4,38.4,53
2025-08-24 11:00:00,35.7,39.7,47
2025-08-24 12:00:00,36.5,40.8,45
2025-08-24 13:00:00,37.1,41.7,43
2025-08-24 14:00:00,37.5,41.0,39
2025-08-24 15:00:00,36.8,39.3,40
2025-08-24 16:00:00,36.8,39.8,40
2025-08-24 17:00:00,36.0,38.5,42
2025-08-24 18:00:00,35.5,39.1,43
2025-08-24 19:00:00,34.6,38.5,48
2025-08-24 20:00:00,33.8,38.4,53
2025-08-24 21:00:00,31.8,36.5,62
2025-08-24 22:00:00,31.2,36.0,65
2025-08-24 23:00:00,29.6,32.3,67
2025-08-25 00:00:00,29.4,33.4,66
2025-08-25 01:00:00,29.4,34.0,68
2025-08-25 02:00:00,29.1,33.6,68
2025-08-25 03:00:00,28.8,33.0,70
2025-08-25 04:00:00,28.5,33.3,72
2025-08-25 05:00:00,28.2,33.1,75
2025-08-25 06:00:00,27.8,33.3,80
2025-08-25 07:00:00,28.5,34.4,77
2025-08-25 08:00:00,30.1,35.6,68
2025-08-25 09:00:00,33.4,38.7,57
2025-08-25 10:00:00,35.2,39.9,47
2025-08-25 11:00:00,36.8,41.7,41
2025-08-25 12:00:00,38.1,42.7,36
2025-08-25 13:00:00,38.7,42.9,34
2025-08-25 14:00:00,38.0,41.6,35
2025-08-25 15:00:00,38.5,41.1,34
2025-08-25 16:00:00,36.5,38.8,39
2025-08-25 17:00:00,36.6,39.5,38
2025-08-25 18:00:00,36.2,39.4,41
2025-08-25 19:00:00,35.0,38.9,48
2025-08-25 20:00:00,33.8,38.1,55
2025-08-25 21:00:00,32.3,36.7,59
2025-08-25 22:00:00,31.5,36.1,65
2025-08-25 23:00:00,30.8,35.2,68
2025-08-26 00:00:00,30.2,34.8,70
2025-08-26 01:00:00,30.1,34.3,69
2025-08-26 02:00:00,30.0,34.2,68
2025-08-26 03:00:00,29.5,34.0,70
2025-08-26 04:00:00,29.1,33.9,73
2025-08-26 05:00:00,28.7,33.6,75
2025-08-26 06:00:00,28.4,33.4,77
2025-08-26 07:00:00,28.8,34.2,76
2025-08-26 08:00:00,30.1,35.4,70
2025-08-26 09:00:00,31.9,37.5,63
2025-08-26 10:00:00,33.2,38.4,57
2025-08-26 11:00:00,35.3,41.5,47
2025-08-26 12:00:00,36.7,42.7,41
2025-08-26 13:00:00,37.4,42.6,39
2025-08-26 14:00:00,37.9,42.5,38
2025-08-26 15:00:00,37.6,41.2,39
2025-08-26 16:00:00,37.3,40.8,40
2025-08-26 17:00:00,36.5,39.6,42
2025-08-26 18:00:00,35.3,38.2,45
2025-08-26 19:00:00,34.0,37.4,51
2025-08-26 20:00:00,33.0,37.3,59
2025-08-26 21:00:00,32.2,37.2,64
2025-08-26 22:00:00,31.0,36.3,72
2025-08-26 23:00:00,30.5,36.0,74
2025-08-27 00:00:00,30.2,35.9,76
2025-08-27 01:00:00,30.0,35.7,76
2025-08-27 02:00:00,29.5,35.0,78
2025-08-27 03:00:00,29.0,34.4,78
2025-08-27 04:00:00,28.4,33.4,79
2025-08-27 05:00:00,27.9,32.9,81
2025-08-27 06:00:00,27.6,32.6,82
2025-08-27 07:00:00,28.0,33.1,80
2025-08-27 08:00:00,29.4,34.4,74
2025-08-27 09:00:00,31.9,36.9,62
2025-08-27 10:00:00,34.0,38.8,53
2025-08-27 11:00:00,35.6,40.9,45
2025-08-27 12:00:00,36.8,42.2,40
2025-08-27 13:00:00,37.8,43.0,38
2025-08-27 14:00:00,38.2,43.1,37
2025-08-27 15:00:00,38.2,42.3,36
2025-08-27 16:00:00,37.9,40.9,37
2025-08-27 17:00:00,37.0,39.4,38
2025-08-27 18:00:00,35.9,38.8,42
2025-08-27 19:00:00,34.8,38.3,48
2025-08-27 20:00:00,33.8,38.0,54
2025-08-27 21:00:00,34.2,39.0,52
2025-08-27 22:00:00,33.4,38.9,57
2025-08-27 23:00:00,32.8,37.7,59
2025-08-28 00:00:00,32.2,36.5,58
2025-08-28 01:00:00,31.5,35.6,61
2025-08-28 02:00:00,30.8,35.1,64
2025-08-28 03:00:00,30.4,34.7,66
2025-08-28 04:00:00,30.0,34.4,67
2025-08-28 05:00:00,29.6,34.1,69
2025-08-28 06:00:00,29.2,34.1,70
2025-08-28 07:00:00,29.7,34.6,69
2025-08-28 08:00:00,31.1,35.8,62
2025-08-28 09:00:00,33.5,38.0,53
2025-08-28 10:00:00,35.2,39.9,47
2025-08-28 11:00:00,36.8,41.7,40
2025-08-28 12:00:00,37.8,42.6,36
2025-08-28 13:00:00,38.5,43.4,34
2025-08-28 14:00:00,39.0,43.4,33
2025-08-28 15:00:00,39.0,42.5,32
2025-08-28 16:00:00,38.5,40.8,33
2025-08-28 17:00:00,37.2,39.6,37
2025-08-28 18:00:00,36.2,38.7,40
2025-08-28 19:00:00,35.2,38.4,45
2025-08-28 20:00:00,34.5,38.3,49
2025-08-28 21:00:00,34.5,38.9,48
2025-08-28 22:00:00,33.8,38.3,52
2025-08-28 23:00:00,33.2,38.2,56
2025-08-29 00:00:00,32.7,38.1,60
2025-08-29 01:00:00,32.1,38.0,64
2025-08-29 02:00:00,31.7,37.6,66
2025-08-29 03:00:00,31.1,37.6,69
2025-08-29 04:00:00,30.7,37.5,73
2025-08-29 05:00:00,30.4,37.0,74
2025-08-29 06:00:00,30.1,37.4,79
2025-08-29 07:00:00,30.4,36.8,73
2025-08-29 08:00:00,31.1,36.9,69
2025-08-29 09:00:00,33.2,39.0,59
2025-08-29 10:00:00,34.2,39.6,54
2025-08-29 11:00:00,35.1,41.2,50
2025-08-29 12:00:00,35.9,41.6,46
2025-08-29 13:00:00,36.2,41.6,44
2025-08-29 14:00:00,36.3,41.3,43
2025-08-29 15:00:00,36.8,41.1,41
2025-08-29 16:00:00,34.8,39.0,46
2025-08-29 17:00:00,31.5,36.3,66
2025-08-29 18:00:00,31.5,36.7,65
2025-08-29 19:00:00,31.5,36.9,68
2025-08-29 20:00:00,30.3,35.9,74
2025-08-29 21:00:00,29.9,35.0,73
2025-08-29 22:00:00,29.5,35.1,77
2025-08-29 23:00:00,29.3,34.9,77
2025-08-30 00:00:00,28.9,34.2,79
2025-08-30 01:00:00,28.2,33.8,83
2025-08-30 02:00:00,27.9,33.8,85
2025-08-30 03:00:00,27.5,33.4,87
2025-08-30 04:00:00,27.3,33.2,88
2025-08-30 05:00:00,27.1,32.9,88
2025-08-30 06:00:00,26.8,32.1,89
2025-08-30 07:00:00,27.0,32.4,88
2025-08-30 08:00:00,28.0,33.4,82
2025-08-30 09:00:00,30.4,35.8,70
2025-08-30 10:00:00,32.2,37.8,62
2025-08-30 11:00:00,33.7,39.9,57
2025-08-30 12:00:00,34.4,41.2,55
2025-08-30 13:00:00,34.7,41.3,54
2025-08-30 14:00:00,35.0,40.5,53
2025-08-30 15:00:00,32.8,38.6,60
2025-08-30 16:00:00,29.8,35.7,74
2025-08-30 17:00:00,29.1,34.6,74
2025-08-30 18:00:00,28.6,34.0,76
2025-08-30 19:00:00,28.4,34.0,79
2025-08-30 20:00:00,28.3,34.0,81
2025-08-30 21:00:00,27.1,33.1,89
2025-08-30 22:00:00,26.7,33.0,92
2025-08-30 23:00:00,26.6,33.0,93
2025-08-31 00:00:00,26.6,33.2,93
2025-08-31 01:00:00,26.7,33.5,92
2025-08-31 02:00:00,26.6,33.2,93
2025-08-31 03:00:00,26.6,33.5,93
2025-08-31 04:00:00,26.6,33.4,94
2025-08-31 05:00:00,26.4,33.0,97
2025-08-31 06:00:00,26.4,33.0,96
2025-08-31 07:00:00,26.3,32.5,96
2025-08-31 08:00:00,26.5,32.6,95
2025-08-31 09:00:00,26.9,33.1,88
2025-08-31 10:00:00,28.2,34.1,83
2025-08-31 11:00:00,28.7,34.8,80
2025-08-31 12:00:00,29.8,35.6,76
2025-08-31 13:00:00,29.5,34.5,75
2025-08-31 14:00:00,26.1,30.8,87
2025-08-31 15:00:00,26.1,31.2,87
2025-08-31 16:00:00,26.5,32.1,86
2025-08-31 17:00:00,26.9,32.3,84
2025-08-31 18:00:00,26.6,32.1,85
2025-08-31 19:00:00,26.2,32.2,89
2025-08-31 20:00:00,26.2,32.2,89
2025-08-31 21:00:00,27.0,33.9,92
2025-08-31 22:00:00,26.8,33.4,93
2025-08-31 23:00:00,26.5,33.1,95
2025-09-01 00:00:00,26.1,33.1,97
2025-09-01 01:00:00,25.7,31.5,93
2025-09-01 02:00:00,25.0,30.7,96
2025-09-01 03:00:00,25.0,31.0,97
2025-09-01 04:00:00,24.5,29.8,97
2025-09-01 05:00:00,24.5,29.7,97
2025-09-01 06:00:00,24.8,30.2,96
2025-09-01 07:00:00,25.2,30.7,93
2025-09-01 08:00:00,25.8,30.7,89
2025-09-01 09:00:00,26.8,32.5,87
2025-09-01 10:00:00,27.1,33.1,85
2025-09-01 11:00:00,28.2,34.2,79
2025-09-01 12:00:00,28.9,34.9,75
2025-09-01 13:00:00,29.5,35.2,72
2025-09-01 14:00:00,30.0,37.0,72
2025-09-01 15:00:00,30.0,36.4,72
2025-09-01 16:00:00,30.1,35.8,69
2025-09-01 17:00:00,30.1,35.7,68
2025-09-01 18:00:00,29.8,35.5,70
2025-09-01 19:00:00,29.0,34.9,76
2025-09-01 20:00:00,28.4,34.3,81
2025-09-01 21:00:00,28.2,34.3,82
2025-09-01 22:00:00,27.8,34.0,85
2025-09-01 23:00:00,27.4,34.0,90
2025-09-02 00:00:00,27.0,33.9,93
2025-09-02 01:00:00,26.9,33.3,94
2025-09-02 02:00:00,26.4,32.7,95
2025-09-02 03:00:00,26.1,32.1,94
2025-09-02 04:00:00,25.8,31.6,94
2025-09-02 05:00:00,25.5,31.4,94
2025-09-02 06:00:00,25.5,31.4,94
2025-09-02 07:00:00,25.9,31.8,93
2025-09-02 08:00:00,26.9,32.8,88
2025-09-02 09:00:00,28.1,34.2,82
2025-09-02 10:00:00,29.1,35.3,77
2025-09-02 11:00:00,30.1,36.8,71
2025-09-02 12:00:00,30.9,38.1,66
2025-09-02 13:00:00,31.5,38.7,63
2025-09-02 14:00:00,31.9,38.2,60
2025-09-02 15:00:00,32.0,37.9,59
2025-09-02 16:00:00,32.0,37.0,59
2025-09-02 17:00:00,31.5,36.2,60
2025-09-02 18:00:00,30.5,36.1,70
2025-09-02 19:00:00,29.2,35.1,76
2025-09-02 20:00:00,28.8,34.8,79
2025-09-02 21:00:00,28.9,34.7,77
2025-09-02 22:00:00,28.4,34.4,81
2025-09-02 23:00:00,28.1,33.9,81
2025-09-03 00:00:00,27.9,34.0,82
2025-09-03 01:00:00,27.4,33.2,86
2025-09-03 02:00:00,26.9,32.7,88
2025-09-03 03:00:00,26.6,32.2,88
2025-09-03 04:00:00,26.4,32.0,89
2025-09-03 05:00:00,26.4,32.0,90
2025-09-03 06:00:00,26.2,31.9,91
2025-09-03 07:00:00,26.5,32.2,90
2025-09-03 08:00:00,27.5,33.4,87
2025-09-03 09:00:00,29.2,35.6,82
2025-09-03 10:00:00,30.6,37.4,77
2025-09-03 11:00:00,31.6,39.1,72
2025-09-03 12:00:00,32.2,40.3,70
2025-09-03 13:00:00,32.5,40.6,68
2025-09-03 14:00:00,32.8,41.2,68
2025-09-03 15:00:00,33.0,40.4,66
2025-09-03 16:00:00,30.9,36.4,72
2025-09-03 17:00:00,30.9,36.9,74
2025-09-03 18:00:00,27.9,33.0,85
2025-09-03 19:00:00,27.1,33.0,90
2025-09-03 20:00:00,27.3,33.5,91
2025-09-03 21:00:00,28.6,34.6,82
2025-09-03 22:00:00,28.5,34.2,83
2025-09-03 23:00:00,28.5,34.7,84
2025-09-04 00:00:00,28.2,34.1,86
2025-09-04 01:00:00,28.0,33.8,87
2025-09-04 02:00:00,27.8,33.6,88
2025-09-04 03:00:00,27.5,33.4,88
2025-09-04 04:00:00,27.4,33.3,89
2025-09-04 05:00:00,27.2,33.0,90
2025-09-04 06:00:00,27.1,33.1,91
2025-09-04 07:00:00,27.5,33.8,91
2025-09-04 08:00:00,28.0,34.6,89
2025-09-04 09:00:00,29.6,36.5,84
2025-09-04 10:00:00,31.1,38.5,79
2025-09-04 11:00:00,32.5,40.4,72
2025-09-04 12:00:00,32.8,40.6,68
2025-09-04 13:00:00,32.9,40.1,67
2025-09-04 14:00:00,32.9,39.6,65
2025-09-04 15:00:00,32.8,39.0,66
2025-09-04 16:00:00,32.0,38.3,69
2025-09-04 17:00:00,31.4,38.0,74
2025-09-04 18:00:00,31.0,38.0,77
2025-09-04 19:00:00,30.0,36.9,83
2025-09-04 20:00:00,29.4,36.5,87
2025-09-04 21:00:00,29.5,36.8,87
2025-09-04 22:00:00,29.2,36.1,86
2025-09-04 23:00:00,28.9,35.1,85
2025-09-05 00:00:00,28.8,35.3,86
2025-09-05 01:00:00,28.6,35.1,87
2025-09-05 02:00:00,28.5,34.6,86
2025-09-05 03:00:00,28.2,34.4,87
2025-09-05 04:00:00,28.1,34.5,88
2025-09-05 05:00:00,28.1,34.6,88
2025-09-05 06:00:00,28.0,34.0,89
2025-09-05 07:00:00,28.2,35.4,89
2025-09-05 08:00:00,28.9,36.0,87
2025-09-05 09:00:00,30.5,38.1,83
2025-09-05 10:00:00,31.9,39.8,77
2025-09-05 11:00:00,33.2,41.7,70
2025-09-05 12:00:00,33.5,41.7,65
2025-09-05 13:00:00,33.8,41.9,64
2025-09-05 14:00:00,33.9,41.8,64
2025-09-05 15:00:00,34.0,41.2,63
2025-09-05 16:00:00,33.0,39.3,66
2025-09-05 17:00:00,32.5,38.9,70
2025-09-05 18:00:00,31.5,38.6,77
2025-09-05 19:00:00,30.9,38.6,82
2025-09-05 20:00:00,30.6,38.4,84
2025-09-05 21:00:00,31.4,39.3,79
2025-09-05 22:00:00,30.6,38.7,84
2025-09-05 23:00:00,30.4,38.3,85
2025-09-06 00:00:00,26.2,30.7,90
2025-09-06 01:00:00,26.3,31.5,92
2025-09-06 02:00:00,26.4,31.8,91
2025-09-06 03:00:00,26.3,32.1,93
2025-09-06 04:00:00,26.3,32.2,94
2025-09-06 05:00:00,26.1,31.9,96
2025-09-06 06:00:00,26.1,31.8,96
2025-09-06 07:00:00,26.3,31.7,93
2025-09-06 08:00:00,26.5,31.5,90
2025-09-06 09:00:00,25.4,28.8,84
2025-09-06 10:00:00,26.1,29.5,79
2025-09-06 11:00:00,26.9,30.6,77
2025-09-06 12:00:00,28.0,32.6,75
2025-09-06 13:00:00,28.9,33.6,73
2025-09-06 14:00:00,29.5,34.8,71
2025-09-06 15:00:00,30.9,35.6,64
2025-09-06 16:00:00,31.2,35.7,63
2025-09-06 17:00:00,30.5,34.9,65
2025-09-06 18:00:00,29.3,34.4,74
2025-09-06 19:00:00,28.4,33.7,78
2025-09-06 20:00:00,28.0,32.6,78
2025-09-06 21:00:00,26.6,30.8,81
2025-09-06 22:00:00,26.2,30.6,82
2025-09-06 23:00:00,25.9,30.3,82
2025-09-07 00:00:00,25.5,29.7,83
2025-09-07 01:00:00,25.1,28.9,83
2025-09-07 02:00:00,24.7,28.3,84
2025-09-07 03:00:00,24.4,28.2,85
2025-09-07 04:00:00,24.2,28.1,86
2025-09-07 05:00:00,24.0,28.1,87
2025-09-07 06:00:00,23.9,27.9,88
2025-09-07 07:00:00,24.2,28.3,86
2025-09-07 08:00:00,25.1,29.3,84
2025-09-07 09:00:00,26.6,31.5,79
2025-09-07 10:00:00,28.1,33.7,75
2025-09-07 11:00:00,29.5,36.5,72
2025-09-07 12:00:00,30.5,37.9,68
2025-09-07 13:00:00,31.3,38.8,65
2025-09-07 14:00:00,31.7,38.5,62
2025-09-07 15:00:00,32.2,38.5,60
2025-09-07 16:00:00,32.1,37.8,61
2025-09-07 17:00:00,31.7,36.8,62
2025-09-07 18:00:00,29.6,35.5,74
2025-09-07 19:00:00,29.0,35.1,80
2025-09-07 20:00:00,28.6,35.2,84
2025-09-07 21:00:00,28.0,35.4,92
2025-09-07 22:00:00,28.0,35.3,92
2025-09-07 23:00:00,28.0,35.1,91
2025-09-08 00:00:00,27.6,35.0,92
2025-09-08 01:00:00,27.5,34.9,93
2025-09-08 02:00:00,27.4,34.8,95
2025-09-08 03:00:00,27.3,34.8,94
2025-09-08 04:00:00,27.2,34.4,96
2025-09-08 05:00:00,27.1,34.4,97
2025-09-08 06:00:00,27.0,34.1,98
2025-09-08 07:00:00,27.3,34.2,97
2025-09-08 08:00:00,28.2,34.9,90
2025-09-08 09:00:00,29.2,35.6,83
2025-09-08 10:00:00,30.1,36.7,79
2025-09-08 11:00:00,31.0,38.4,75
2025-09-08 12:00:00,30.6,37.6,76
2025-09-08 13:00:00,29.4,34.6,77
2025-09-08 14:00:00,28.4,33.2,82
2025-09-08 15:00:00,29.1,34.4,78
2025-09-08 16:00:00,28.6,34.1,80
2025-09-08 17:00:00,28.7,33.2,78
2025-09-08 18:00:00,27.9,32.6,82
2025-09-08 19:00:00,27.0,31.6,84
2025-09-08 20:00:00,26.2,30.2,84
2025-09-08 21:00:00,24.5,27.7,83
2025-09-08 22:00:00,24.2,27.4,83
2025-09-08 23:00:00,23.9,26.7,84
2025-09-09 00:00:00,23.5,26.1,84
2025-09-09 01:00:00,23.2,26.2,86
2025-09-09 02:00:00,23.1,26.2,87
2025-09-09 03:00:00,23.1,26.2,89
2025-09-09 04:00:00,23.0,26.1,90
2025-09-09 05:00:00,23.0,26.2,91
2025-09-09 06:00:00,23.0,26.3,91
2025-09-09 07:00:00,23.0,26.3,91
2025-09-09 08:00:00,23.2,26.5,91
2025-09-09 09:00:00,24.2,27.4,87
2025-09-09 10:00:00,25.5,29.3,85
2025-09-09 11:00:00,26.3,30.6,83
2025-09-09 12:00:00,27.7,32.8,80
2025-09-09 13:00:00,28.2,33.6,78
2025-09-09 14:00:00,28.7,34.4,77
2025-09-09 15:00:00,29.1,34.6,76
2025-09-09 16:00:00,28.7,34.2,79
2025-09-09 17:00:00,26.1,31.3,90
2025-09-09 18:00:00,26.2,31.9,90
2025-09-09 19:00:00,26.1,31.5,91
2025-09-09 20:00:00,26.1,31.6,92
2025-09-09 21:00:00,25.7,31.1,91
2025-09-09 22:00:00,25.6,31.2,93
2025-09-09 23:00:00,25.5,31.3,94
2025-09-10 00:00:00,25.5,31.0,94
2025-09-10 01:00:00,25.2,30.7,95
2025-09-10 02:00:00,25.0,30.6,97
2025-09-10 03:00:00,25.1,30.0,96
2025-09-10 04:00:00,24.8,29.4,96
2025-09-10 05:00:00,24.5,29.7,97
2025-09-10 06:00:00,24.4,29.2,96
2025-09-10 07:00:00,24.5,29.3,96
2025-09-10 08:00:00,24.6,29.5,95
2025-09-10 09:00:00,25.7,30.2,90
2025-09-10 10:00:00,25.7,30.3,88
2025-09-10 11:00:00,27.8,32.7,81
2025-09-10 12:00:00,28.9,34.4,79
2025-09-10 13:00:00,29.5,35.2,76
2025-09-10 14:00:00,30.1,36.0,74
2025-09-10 15:00:00,30.1,36.4,75
2025-09-10 16:00:00,30.5,36.8,74
2025-09-10 17:00:00,26.5,31.6,87
2025-09-10 18:00:00,26.0,31.6,91
2025-09-10 19:00:00,26.0,31.6,94
2025-09-10 20:00:00,26.0,31.8,95
2025-09-10 21:00:00,25.4,31.4,97
2025-09-10 22:00:00,25.3,30.8,96
2025-09-10 23:00:00,25.3,30.9,96
2025-09-11 00:00:00,25.4,31.0,96
2025-09-11 01:00:00,25.5,31.2,97
2025-09-11 02:00:00,25.6,31.3,97
2025-09-11 03:00:00,25.7,31.2,97
2025-09-11 04:00:00,25.6,31.3,97
2025-09-11 05:00:00,25.7,31.6,97
2025-09-11 06:00:00,25.5,31.5,97
2025-09-11 07:00:00,26.0,32.0,96
2025-09-11 08:00:00,26.6,33.1,95
2025-09-11 09:00:00,28.2,34.5,86
2025-09-11 10:00:00,29.4,35.8,80
2025-09-11 11:00:00,30.4,37.1,76
2025-09-11 12:00:00,31.0,38.2,74
2025-09-11 13:00:00,31.1,38.2,73
2025-09-11 14:00:00,31.5,38.7,72
2025-09-11 15:00:00,29.2,34.4,79
2025-09-11 16:00:00,27.6,32.9,85
2025-09-11 17:00:00,27.2,33.7,88
2025-09-11 18:00:00,27.0,33.0,91
2025-09-11 19:00:00,27.0,33.1,92
2025-09-11 20:00:00,27.1,33.0,91
2025-09-11 21:00:00,27.9,34.6,92
2025-09-11 22:00:00,27.5,34.1,92
2025-09-11 23:00:00,27.3,33.7,91
2025-09-12 00:00:00,27.1,33.4,91
2025-09-12 01:00:00,26.9,33.1,93
2025-09-12 02:00:00,26.7,33.3,94
2025-09-12 03:00:00,26.8,33.3,95
2025-09-12 04:00:00,26.8,33.5,95
2025-09-12 05:00:00,26.6,33.0,96
2025-09-12 06:00:00,26.1,32.3,97
2025-09-12 07:00:00,26.0,32.6,97
2025-09-12 08:00:00,26.1,32.1,95
2025-09-12 09:00:00,26.5,32.9,95
2025-09-12 10:00:00,27.5,34.6,91
2025-09-12 11:00:00,28.8,35.1,82
2025-09-12 12:00:00,30.0,36.7,78
2025-09-12 13:00:00,28.4,33.1,81
2025-09-12 14:00:00,28.6,34.4,80
2025-09-12 15:00:00,28.7,34.3,79
2025-09-12 16:00:00,28.2,33.5,81
2025-09-12 17:00:00,28.0,33.2,81
2025-09-12 18:00:00,27.6,33.0,82
2025-09-12 19:00:00,26.9,32.0,84
2025-09-12 20:00:00,26.0,29.8,82
2025-09-12 21:00:00,23.8,26.7,85
2025-09-12 22:00:00,23.0,25.3,85
2025-09-12 23:00:00,22.7,25.0,84
2025-09-13 00:00:00,22.5,25.2,85
2025-09-13 01:00:00,22.5,25.2,86
2025-09-13 02:00:00,22.4,25.3,86
2025-09-13 03:00:00,22.3,25.5,87
2025-09-13 04:00:00,22.1,25.3,87
2025-09-13 05:00:00,22.1,25.0,88
2025-09-13 06:00:00,22.0,25.0,89
2025-09-13 07:00:00,22.4,25.7,87
2025-09-13 08:00:00,23.2,26.6,83
2025-09-13 09:00:00,24.1,28.0,82
2025-09-13 10:00:00,25.2,29.2,78
2025-09-13 11:00:00,26.1,30.6,77
2025-09-13 12:00:00,28.2,33.8,69
2025-09-13 13:00:00,28.8,33.1,69
2025-09-13 14:00:00,28.6,32.6,69
2025-09-13 15:00:00,28.1,32.1,71
2025-09-13 16:00:00,27.8,31.9,71
2025-09-13 17:00:00,27.5,32.0,72
2025-09-13 18:00:00,27.0,32.0,78
2025-09-13 19:00:00,26.2,31.2,82
2025-09-13 20:00:00,25.8,30.7,84
2025-09-13 21:00:00,24.9,30.0,89
2025-09-13 22:00:00,24.6,30.1,92
2025-09-13 23:00:00,24.6,30.0,92
2025-09-14 00:00:00,24.5,29.9,94
2025-09-14 01:00:00,24.3,29.8,94
2025-09-14 02:00:00,24.2,29.6,94
2025-09-14 03:00:00,24.1,29.4,95
2025-09-14 04:00:00,24.1,29.3,95
2025-09-14 05:00:00,24.1,29.1,93
2025-09-14 06:00:00,24.0,29.3,94
2025-09-14 07:00:00,24.3,29.1,93
2025-09-14 08:00:00,24.5,29.7,92
2025-09-14 09:00:00,24.9,30.4,94
2025-09-14 10:00:00,25.0,30.6,93
2025-09-14 11:00:00,25.2,30.6,94
2025-09-14 12:00:00,25.2,30.6,95
2025-09-14 13:00:00,25.2,31.2,95
2025-09-14 14:00:00,25.2,31.7,96
2025-09-14 15:00:00,25.4,31.6,95
2025-09-14 16:00:00,26.2,32.1,90
2025-09-14 17:00:00,26.1,32.2,92
2025-09-14 18:00:00,25.9,31.9,95
2025-09-14 19:00:00,25.6,31.7,96
2025-09-14 20:00:00,25.6,31.7,97
2025-09-14 21:00:00,25.4,31.0,96
2025-09-14 22:00:00,25.5,30.9,96
2025-09-14 23:00:00,25.6,30.9,96
2025-09-15 00:00:00,25.6,31.0,96
2025-09-15 01:00:00,25.6,31.1,96
2025-09-15 02:00:00,25.5,31.0,96
2025-09-15 03:00:00,25.5,31.2,96
2025-09-15 04:00:00,25.1,31.1,96
2025-09-15 05:00:00,25.1,31.4,96
2025-09-15 06:00:00,25.4,31.1,96
2025-09-15 07:00:00,25.9,31.7,95
2025-09-15 08:00:00,26.6,33.0,94
2025-09-15 09:00:00,26.7,32.9,95
2025-09-15 10:00:00,27.7,34.2,90
2025-09-15 11:00:00,29.5,35.8,81
2025-09-15 12:00:00,30.9,37.9,76
2025-09-15 13:00:00,31.9,39.8,72
2025-09-15 14:00:00,32.3,39.8,69
2025-09-15 15:00:00,32.4,38.2,66
2025-09-15 16:00:00,32.2,38.3,67
2025-09-15 17:00:00,31.6,38.1,71
2025-09-15 18:00:00,30.4,37.8,81
2025-09-15 19:00:00,29.4,36.2,83
2025-09-15 20:00:00,29.0,35.7,84
2025-09-15 21:00:00,29.3,35.3,81
2025-09-15 22:00:00,29.1,35.0,81
2025-09-15 23:00:00,28.7,34.9,83
2025-09-16 00:00:00,28.1,34.6,86
2025-09-16 01:00:00,28.0,34.4,86
2025-09-16 02:00:00,27.8,34.0,87
2025-09-16 03:00:00,27.4,33.8,89
2025-09-16 04:00:00,27.2,33.5,90
2025-09-16 05:00:00,27.2,33.2,89
2025-09-16 06:00:00,27.1,33.0,88
2025-09-16 07:00:00,27.6,33.6,86
2025-09-16 08:00:00,29.0,35.5,82
2025-09-16 09:00:00,30.9,37.3,74
2025-09-16 10:00:00,32.2,37.9,66
2025-09-16 11:00:00,33.2,39.4,61
2025-09-16 12:00:00,33.8,39.7,56
2025-09-16 13:00:00,34.3,39.7,52
2025-09-16 14:00:00,34.5,38.9,51
2025-09-16 15:00:00,34.2,38.3,52
2025-09-16 16:00:00,34.0,38.3,53
2025-09-16 17:00:00,33.0,38.5,61
2025-09-16 18:00:00,31.7,38.8,73
2025-09-16 19:00:00,31.1,37.8,71
2025-09-16 20:00:00,30.2,36.0,74
2025-09-16 21:00:00,30.1,35.9,76
2025-09-16 22:00:00,29.5,35.5,79
2025-09-16 23:00:00,29.2,35.0,80
2025-09-17 00:00:00,27.8,32.2,85
2025-09-17 01:00:00,26.0,30.9,87
2025-09-17 02:00:00,25.5,30.6,91
2025-09-17 03:00:00,25.5,30.4,92
2025-09-17 04:00:00,25.2,30.1,93
2025-09-17 05:00:00,25.1,30.0,93
2025-09-17 06:00:00,25.1,29.8,92
2025-09-17 07:00:00,25.1,29.5,91
2025-09-17 08:00:00,25.9,30.6,90
2025-09-17 09:00:00,27.5,32.3,84
2025-09-17 10:00:00,28.6,33.4,80
2025-09-17 11:00:00,29.1,34.3,77
2025-09-17 12:00:00,29.5,35.0,74
2025-09-17 13:00:00,29.5,34.9,72
2025-09-17 14:00:00,29.8,34.6,70
2025-09-17 15:00:00,28.9,32.4,71
2025-09-17 16:00:00,28.2,31.5,72
2025-09-17 17:00:00,27.4,30.5,74
2025-09-17 18:00:00,26.0,28.3,77
2025-09-17 19:00:00,24.7,26.4,79
2025-09-17 20:00:00,24.0,25.7,81
2025-09-17 21:00:00,22.8,24.1,83
2025-09-17 22:00:00,22.5,23.9,84
2025-09-17 23:00:00,22.6,24.5,83
2025-09-18 00:00:00,22.7,24.3,83
2025-09-18 01:00:00,22.5,24.0,83
2025-09-18 02:00:00,22.4,23.9,83
2025-09-18 03:00:00,22.2,23.8,83
2025-09-18 04:00:00,22.0,23.6,84
2025-09-18 05:00:00,21.6,23.0,86
2025-09-18 06:00:00,21.5,22.9,85
2025-09-18 07:00:00,21.4,22.6,84
2025-09-18 08:00:00,21.4,22.6,83
2025-09-18 09:00:00,21.9,23.3,83
2025-09-18 10:00:00,22.5,24.2,81
2025-09-18 11:00:00,23.4,25.4,79
2025-09-18 12:00:00,24.5,27.0,76
2025-09-18 13:00:00,25.6,28.3,73
2025-09-18 14:00:00,26.5,29.5,71
2025-09-18 15:00:00,27.5,30.6,69
2025-09-18 16:00:00,27.2,30.3,70
2025-09-18 17:00:00,27.1,30.3,71
2025-09-18 18:00:00,26.1,29.4,75
2025-09-18 19:00:00,25.2,27.8,76
2025-09-18 20:00:00,24.4,26.1,77
2025-09-18 21:00:00,22.5,24.9,83
2025-09-18 22:00:00,22.3,24.5,84
2025-09-18 23:00:00,22.1,24.6,85
2025-09-19 00:00:00,22.0,24.6,85
2025-09-19 01:00:00,22.0,24.8,86
2025-09-19 02:00:00,21.8,24.5,87
2025-09-19 03:00:00,21.5,24.0,88
2025-09-19 04:00:00,21.2,23.6,88
2025-09-19 05:00:00,21.1,23.6,88
2025-09-19 06:00:00,21.1,23.6,88
2025-09-19 07:00:00,21.4,23.7,87
2025-09-19 08:00:00,21.8,23.9,84
2025-09-19 09:00:00,22.0,24.3,83
2025-09-19 10:00:00,22.2,24.0,82
2025-09-19 11:00:00,22.6,24.4,79
2025-09-19 12:00:00,22.6,23.9,78
2025-09-19 13:00:00,22.6,24.0,77
2025-09-19 14:00:00,23.0,24.2,75
2025-09-19 15:00:00,22.7,23.8,75
2025-09-19 16:00:00,22.2,23.1,74
2025-09-19 17:00:00,21.5,22.0,74
2025-09-19 18:00:00,20.6,21.2,77
2025-09-19 19:00:00,19.8,19.7,78
2025-09-19 20:00:00,19.2,19.2,79
2025-09-19 21:00:00,18.5,17.9,80
2025-09-19 22:00:00,18.0,17.5,82
2025-09-19 23:00:00,17.7,17.3,81
2025-09-20 00:00:00,17.5,17.0,81
2025-09-20 01:00:00,17.4,17.0,82
2025-09-20 02:00:00,17.1,16.9,83
2025-09-20 03:00:00,17.1,17.0,84
2025-09-20 04:00:00,17.1,17.3,84
2025-09-20 05:00:00,17.1,17.4,85
2025-09-20 06:00:00,17.0,17.2,86
2025-09-20 07:00:00,17.2,17.3,85
2025-09-20 08:00:00,18.1,17.6,80
2025-09-20 09:00:00,19.0,18.5,77
2025-09-20 10:00:00,20.0,19.8,74
2025-09-20 11:00:00,21.0,21.1,72
2025-09-20 12:00:00,22.0,22.6,71
2025-09-20 13:00:00,23.0,23.9,68
2025-09-20 14:00:00,23.3,24.0,66
2025-09-20 15:00:00,23.8,24.5,66
2025-09-20 16:00:00,23.8,24.8,67
2025-09-20 17:00:00,23.6,25.0,69
2025-09-20 18:00:00,22.9,24.2,72
2025-09-20 19:00:00,22.1,23.0,73
2025-09-20 20:00:00,21.6,22.2,72
2025-09-20 21:00:00,20.6,21.1,75
2025-09-20 22:00:00,20.0,20.5,76
2025-09-20 23:00:00,19.8,20.5,78
2025-09-21 00:00:00,19.5,20.3,79
2025-09-21 01:00:00,19.4,20.3,81
2025-09-21 02:00:00,19.4,20.6,82
2025-09-21 03:00:00,19.4,20.7,83
2025-09-21 04:00:00,19.5,20.7,83
2025-09-21 05:00:00,19.4,20.7,83
2025-09-21 06:00:00,19.4,20.6,84
2025-09-21 07:00:00,19.5,20.9,84
2025-09-21 08:00:00,19.9,21.6,84
2025-09-21 09:00:00,21.1,22.8,79
2025-09-21 10:00:00,22.4,24.2,75
2025-09-21 11:00:00,23.4,25.7,72
2025-09-21 12:00:00,24.3,26.7,70
2025-09-21 13:00:00,25.0,27.4,68
2025-09-21 14:00:00,25.6,27.9,67
2025-09-21 15:00:00,25.6,27.8,67
2025-09-21 16:00:00,25.7,27.9,68
2025-09-21 17:00:00,25.5,28.7,72
2025-09-21 18:00:00,25.0,28.6,77
2025-09-21 19:00:00,24.1,27.2,80
2025-09-21 20:00:00,23.5,26.0,81
2025-09-21 21:00:00,22.8,25.8,85
2025-09-21 22:00:00,22.5,25.0,86
2025-09-21 23:00:00,22.0,24.6,89
2025-09-22 00:00:00,21.9,24.6,90
2025-09-22 01:00:00,21.8,24.8,90
2025-09-22 02:00:00,21.8,25.1,91
2025-09-22 03:00:00,21.6,24.9,92
2025-09-22 04:00:00,21.5,24.9,94
2025-09-22 05:00:00,21.5,24.7,94
2025-09-22 06:00:00,21.5,24.6,94
2025-09-22 07:00:00,21.6,24.9,93
2025-09-22 08:00:00,22.1,25.7,92
2025-09-22 09:00:00,22.6,25.9,90
2025-09-22 10:00:00,23.8,26.8,82
2025-09-22 11:00:00,24.4,27.2,79
2025-09-22 12:00:00,24.6,27.6,78
2025-09-22 13:00:00,25.6,28.5,73
2025-09-22 14:00:00,25.7,28.4,74
2025-09-22 15:00:00,25.8,28.4,73
2025-09-22 16:00:00,25.7,28.4,73
2025-09-22 17:00:00,25.1,28.1,78
2025-09-22 18:00:00,24.1,26.7,80
2025-09-22 19:00:00,23.1,25.4,83
2025-09-22 20:00:00,22.5,24.5,84
2025-09-22 21:00:00,21.7,23.8,88
2025-09-22 22:00:00,21.5,23.5,89
2025-09-22 23:00:00,21.2,23.2,89
2025-09-23 00:00:00,21.1,23.0,90
2025-09-23 01:00:00,21.2,23.1,90
2025-09-23 02:00:00,21.1,23.2,91
2025-09-23 03:00:00,21.0,23.2,91
2025-09-23 04:00:00,21.0,23.1,91
2025-09-23 05:00:00,21.0,22.9,91
2025-09-23 06:00:00,21.0,23.0,90
2025-09-23 07:00:00,21.0,23.2,90
2025-09-23 08:00:00,21.8,24.1,87
2025-09-23 09:00:00,22.8,25.1,84
2025-09-23 10:00:00,25.0,27.5,75
2025-09-23 11:00:00,25.7,28.5,74
2025-09-23 12:00:00,26.8,29.9,70
2025-09-23 13:00:00,27.7,30.4,66
2025-09-23 14:00:00,27.5,30.0,66
2025-09-23 15:00:00,26.6,28.8,70
2025-09-23 16:00:00,26.0,27.7,71
2025-09-23 17:00:00,24.4,25.5,75
2025-09-23 18:00:00,22.5,22.8,79
2025-09-23 19:00:00,21.2,21.7,81
2025-09-23 20:00:00,20.5,20.8,82
2025-09-23 21:00:00,19.9,19.9,82
2025-09-23 22:00:00,19.5,19.6,82
2025-09-23 23:00:00,19.1,19.1,84
2025-09-24 00:00:00,18.6,18.5,85
2025-09-24 01:00:00,18.5,18.4,85
2025-09-24 02:00:00,18.2,18.1,86
2025-09-24 03:00:00,18.0,18.2,87
2025-09-24 04:00:00,17.9,17.6,87
2025-09-24 05:00:00,17.8,17.6,89
2025-09-24 06:00:00,17.6,17.9,90
2025-09-24 07:00:00,17.8,17.9,90
2025-09-24 08:00:00,18.2,18.6,89
2025-09-24 09:00:00,18.5,18.8,90
2025-09-24 10:00:00,19.0,18.9,87
2025-09-24 11:00:00,19.6,19.0,85
2025-09-24 12:00:00,20.5,20.6,84
2025-09-24 13:00:00,21.4,22.5,83
2025-09-24 14:00:00,21.6,23.1,82
2025-09-24 15:00:00,22.5,24.1,79
2025-09-24 16:00:00,23.5,24.9,76
2025-09-24 17:00:00,23.6,25.1,75
2025-09-24 18:00:00,23.0,24.3,77
2025-09-24 19:00:00,22.5,23.6,78
2025-09-24 20:00:00,22.2,23.2,78
2025-09-24 21:00:00,21.2,22.9,86
2025-09-24 22:00:00,21.2,23.1,86
2025-09-24 23:00:00,21.1,22.9,87
2025-09-25 00:00:00,20.9,22.8,88
2025-09-25 01:00:00,20.8,22.8,89
2025-09-25 02:00:00,20.7,22.7,90
2025-09-25 03:00:00,20.5,22.4,91
2025-09-25 04:00:00,20.5,22.4,91
2025-09-25 05:00:00,20.4,22.2,91
2025-09-25 06:00:00,20.4,21.9,91
2025-09-25 07:00:00,20.2,21.8,93
2025-09-25 08:00:00,20.1,22.0,95
2025-09-25 09:00:00,21.1,23.6,94
2025-09-25 10:00:00,21.5,23.5,92
2025-09-25 11:00:00,21.8,24.5,92
2025-09-25 12:00:00,22.7,25.7,89
2025-09-25 13:00:00,22.5,25.6,90
2025-09-25 14:00:00,23.0,25.8,88
2025-09-25 15:00:00,23.5,26.0,85
2025-09-25 16:00:00,23.5,26.1,85
2025-09-25 17:00:00,23.3,26.3,88
2025-09-25 18:00:00,22.9,25.9,90
2025-09-25 19:00:00,22.5,25.4,91
2025-09-25 20:00:00,22.2,25.0,92
2025-09-25 21:00:00,21.6,24.3,95
2025-09-25 22:00:00,21.5,24.2,95
2025-09-25 23:00:00,21.5,24.4,96
2025-09-26 00:00:00,21.5,24.5,95
2025-09-26 01:00:00,21.4,24.5,96
2025-09-26 02:00:00,21.3,24.4,96
2025-09-26 03:00:00,21.2,24.4,97
2025-09-26 04:00:00,21.2,24.6,97
2025-09-26 05:00:00,21.1,24.5,97
2025-09-26 06:00:00,21.1,24.4,97
2025-09-26 07:00:00,21.5,24.7,96
2025-09-26 08:00:00,22.4,25.8,93
2025-09-26 09:00:00,23.9,27.9,88
2025-09-26 10:00:00,25.5,30.0,83
2025-09-26 11:00:00,27.0,31.7,77
2025-09-26 12:00:00,28.0,32.5,73
2025-09-26 13:00:00,28.4,33.3,71
2025-09-26 14:00:00,28.7,34.0,71
2025-09-26 15:00:00,28.6,33.7,72
2025-09-26 16:00:00,28.5,33.5,73
2025-09-26 17:00:00,28.2,33.4,75
2025-09-26 18:00:00,27.4,32.9,82
2025-09-26 19:00:00,26.2,31.2,86
2025-09-26 20:00:00,25.6,30.4,88
2025-09-26 21:00:00,24.4,29.0,93
2025-09-26 22:00:00,23.9,28.0,92
2025-09-26 23:00:00,23.5,27.6,92
2025-09-27 00:00:00,23.2,27.3,92
2025-09-27 01:00:00,23.0,27.0,93
2025-09-27 02:00:00,22.6,26.8,94
2025-09-27 03:00:00,22.3,26.4,96
2025-09-27 04:00:00,22.1,26.2,96
2025-09-27 05:00:00,22.0,25.9,97
2025-09-27 06:00:00,21.9,25.7,97
2025-09-27 07:00:00,22.1,25.9,96
2025-09-27 08:00:00,23.1,27.3,92
2025-09-27 09:00:00,24.4,28.9,88
2025-09-27 10:00:00,25.8,30.7,84
2025-09-27 11:00:00,27.0,32.0,78
2025-09-27 12:00:00,27.5,32.2,76
2025-09-27 13:00:00,28.4,33.1,71
2025-09-27 14:00:00,28.4,33.2,72
2025-09-27 15:00:00,28.6,33.4,70
2025-09-27 16:00:00,28.5,33.6,70
2025-09-27 17:00:00,28.2,33.2,72
2025-09-27 18:00:00,27.0,32.5,82
2025-09-27 19:00:00,26.1,31.5,86
2025-09-27 20:00:00,25.8,31.0,88
2025-09-27 21:00:00,24.9,29.8,89
2025-09-27 22:00:00,24.5,29.4,91
2025-09-27 23:00:00,24.0,28.9,93
2025-09-28 00:00:00,23.9,28.7,93
2025-09-28 01:00:00,23.6,28.4,94
2025-09-28 02:00:00,23.2,28.0,95
2025-09-28 03:00:00,23.0,27.7,96
2025-09-28 04:00:00,22.8,27.4,97
2025-09-28 05:00:00,22.5,27.1,98
2025-09-28 06:00:00,22.7,27.0,97
2025-09-28 07:00:00,23.0,27.0,96
2025-09-28 08:00:00,24.1,28.5,92
2025-09-28 09:00:00,25.6,30.5,87
2025-09-28 10:00:00,27.1,32.0,80
2025-09-28 11:00:00,28.5,33.8,72
2025-09-28 12:00:00,29.0,34.3,71
2025-09-28 13:00:00,29.0,34.5,71
2025-09-28 14:00:00,29.5,34.6,69
2025-09-28 15:00:00,29.9,34.8,67
2025-09-28 16:00:00,29.7,34.6,68
2025-09-28 17:00:00,29.3,34.3,71
2025-09-28 18:00:00,28.0,33.5,79
2025-09-28 19:00:00,27.0,32.6,84
2025-09-28 20:00:00,26.5,31.2,84
2025-09-28 21:00:00,25.6,29.1,84
2025-09-28 22:00:00,24.5,27.7,86
2025-09-28 23:00:00,23.9,26.9,87
2025-09-29 00:00:00,23.3,26.3,88
2025-09-29 01:00:00,22.9,25.6,89
2025-09-29 02:00:00,22.5,25.1,89
2025-09-29 03:00:00,22.1,24.9,90
2025-09-29 04:00:00,21.9,24.6,90
2025-09-29 05:00:00,21.8,24.3,90
2025-09-29 06:00:00,21.6,24.2,90
2025-09-29 07:00:00,21.8,24.3,89
2025-09-29 08:00:00,22.6,25.3,86
2025-09-29 09:00:00,23.4,25.9,82
2025-09-29 10:00:00,24.5,27.3,78
2025-09-29 11:00:00,25.0,28.2,78
2025-09-29 12:00:00,24.1,27.3,82
2025-09-29 13:00:00,24.5,28.1,84
2025-09-29 14:00:00,25.9,29.3,76
2025-09-29 15:00:00,25.8,29.2,75
2025-09-29 16:00:00,25.7,29.0,75
2025-09-29 17:00:00,25.6,29.3,75
2025-09-29 18:00:00,24.9,29.5,84
2025-09-29 19:00:00,24.5,28.9,85
2025-09-29 20:00:00,24.1,28.5,87
2025-09-29 21:00:00,22.2,25.6,90
2025-09-29 22:00:00,22.0,25.7,90
2025-09-29 23:00:00,22.1,26.0,91
2025-09-30 00:00:00,22.0,25.9,93
2025-09-30 01:00:00,21.9,25.4,93
2025-09-30 02:00:00,21.8,25.0,93
2025-09-30 03:00:00,21.5,24.8,94
2025-09-30 04:00:00,21.4,24.7,94
2025-09-30 05:00:00,21.2,24.8,95
2025-09-30 06:00:00,21.1,24.5,97
2025-09-30 07:00:00,21.2,24.5,95
2025-09-30 08:00:00,21.9,24.9,91
2025-09-30 09:00:00,21.9,24.7,89
2025-09-30 10:00:00,23.5,26.5,80
2025-09-30 11:00:00,24.2,26.9,77
2025-09-30 12:00:00,24.1,26.9,78
2025-09-30 13:00:00,24.0,27.1,79
2025-09-30 14:00:00,23.9,26.9,80
2025-09-30 15:00:00,24.0,27.2,80
2025-09-30 16:00:00,23.9,26.9,80
2025-09-30 17:00:00,23.6,26.8,81
2025-09-30 18:00:00,23.0,26.9,87
2025-09-30 19:00:00,22.8,26.3,87
2025-09-30 20:00:00,22.4,26.2,90
2025-09-30 21:00:00,22.0,25.9,92
2025-09-30 22:00:00,21.9,25.9,91
2025-09-30 23:00:00,21.8,25.7,91
2025-10-01 00:00:00,21.7,25.7,92
2025-10-01 01:00:00,21.5,25.3,93
2025-10-01 02:00:00,21.2,24.9,95
2025-10-01 03:00:00,21.0,24.6,96
2025-10-01 04:00:00,20.9,24.5,96
2025-10-01 05:00:00,21.2,24.7,95
2025-10-01 06:00:00,21.5,24.9,94
2025-10-01 07:00:00,21.9,25.3,94
2025-10-01 08:00:00,22.3,25.8,96
2025-10-01 09:00:00,22.9,26.7,94
2025-10-01 10:00:00,23.4,27.2,92
2025-10-01 11:00:00,24.1,27.9,89
2025-10-01 12:00:00,24.9,29.2,86
2025-10-01 13:00:00,25.5,29.5,83
2025-10-01 14:00:00,26.3,30.6,82
2025-10-01 15:00:00,26.3,30.9,83
2025-10-01 16:00:00,26.0,30.9,86
2025-10-01 17:00:00,25.9,31.0,88
2025-10-01 18:00:00,25.5,30.5,90
2025-10-01 19:00:00,25.3,29.9,90
2025-10-01 20:00:00,25.9,30.2,88
2025-10-01 21:00:00,26.1,30.3,87
2025-10-01 22:00:00,26.0,30.0,87
2025-10-01 23:00:00,25.9,30.0,87
2025-10-02 00:00:00,25.8,30.0,87
2025-10-02 01:00:00,25.6,29.8,88
2025-10-02 02:00:00,26.1,30.8,89
2025-10-02 03:00:00,25.9,30.4,90
2025-10-02 04:00:00,26.1,30.8,88
2025-10-02 05:00:00,25.9,30.5,88
2025-10-02 06:00:00,25.9,30.3,87
2025-10-02 07:00:00,25.3,30.0,86
2025-10-02 08:00:00,26.9,31.9,84
2025-10-02 09:00:00,28.6,34.4,79
2025-10-02 10:00:00,29.6,35.2,74
2025-10-02 11:00:00,30.3,36.0,71
2025-10-02 12:00:00,31.0,36.3,68
2025-10-02 13:00:00,31.2,35.8,66
2025-10-02 14:00:00,30.5,35.1,67
2025-10-02 15:00:00,29.9,34.8,71
2025-10-02 16:00:00,28.8,33.5,77
2025-10-02 17:00:00,25.7,28.6,82
2025-10-02 18:00:00,22.6,24.5,88
2025-10-02 19:00:00,21.2,23.0,92
2025-10-02 20:00:00,21.1,23.1,93
2025-10-02 21:00:00,20.5,22.6,94
2025-10-02 22:00:00,20.0,21.9,93
2025-10-02 23:00:00,19.8,21.3,91
2025-10-03 00:00:00,19.5,20.8,90
2025-10-03 01:00:00,19.2,20.5,90
2025-10-03 02:00:00,20.0,21.9,92
2025-10-03 03:00:00,19.7,21.5,92
2025-10-03 04:00:00,19.5,21.4,92
2025-10-03 05:00:00,19.6,21.2,90
2025-10-03 06:00:00,19.4,21.0,91
2025-10-03 07:00:00,19.5,21.1,91
2025-10-03 08:00:00,19.9,21.7,88
2025-10-03 09:00:00,21.0,23.0,85
2025-10-03 10:00:00,22.5,24.8,81
2025-10-03 11:00:00,24.1,27.3,77
2025-10-03 12:00:00,25.5,29.6,75
2025-10-03 13:00:00,27.0,31.6,69
2025-10-03 14:00:00,25.8,29.1,73
2025-10-03 15:00:00,25.8,29.1,73
2025-10-03 16:00:00,25.5,28.6,74
2025-10-03 17:00:00,25.0,28.3,77
2025-10-03 18:00:00,24.5,28.4,81
2025-10-03 19:00:00,24.0,27.3,82
2025-10-03 20:00:00,22.8,25.4,85
2025-10-03 21:00:00,22.0,24.2,85
2025-10-03 22:00:00,21.4,23.6,86
2025-10-03 23:00:00,21.0,23.4,88
2025-10-04 00:00:00,20.7,23.2,89
2025-10-04 01:00:00,20.5,22.9,90
2025-10-04 02:00:00,20.8,23.5,90
2025-10-04 03:00:00,20.5,23.1,91
2025-10-04 04:00:00,20.5,23.0,91
2025-10-04 05:00:00,20.6,23.3,91
2025-10-04 06:00:00,20.6,23.4,92
2025-10-04 07:00:00,20.8,23.7,92
2025-10-04 08:00:00,21.2,24.2,88
2025-10-04 09:00:00,22.1,25.5,87
2025-10-04 10:00:00,23.4,27.1,84
2025-10-04 11:00:00,24.5,28.6,81
2025-10-04 12:00:00,25.7,30.0,77
2025-10-04 13:00:00,26.8,31.3,75
2025-10-04 14:00:00,26.8,31.0,74
2025-10-04 15:00:00,27.2,31.8,72
2025-10-04 16:00:00,27.4,32.0,72
2025-10-04 17:00:00,27.1,31.5,73
2025-10-04 18:00:00,25.5,30.0,82
2025-10-04 19:00:00,24.7,29.3,86
2025-10-04 20:00:00,24.6,29.2,88
2025-10-04 21:00:00,24.2,28.4,89
2025-10-04 22:00:00,23.9,28.0,90
2025-10-04 23:00:00,23.5,27.8,91
2025-10-05 00:00:00,23.3,27.5,92
2025-10-05 01:00:00,23.1,27.0,92
2025-10-05 02:00:00,22.9,26.9,92
2025-10-05 03:00:00,22.6,26.8,94
2025-10-05 04:00:00,22.5,26.7,95
2025-10-05 05:00:00,22.5,26.7,96
2025-10-05 06:00:00,22.4,26.5,96
2025-10-05 07:00:00,22.6,26.7,96
2025-10-05 08:00:00,23.8,28.4,93
2025-10-05 09:00:00,25.1,30.3,89
2025-10-05 10:00:00,27.1,32.1,80
2025-10-05 11:00:00,28.3,34.3,78
2025-10-05 12:00:00,29.4,36.2,75
2025-10-05 13:00:00,30.2,37.4,73
2025-10-05 14:00:00,30.8,37.5,70
2025-10-05 15:00:00,31.0,37.1,69
2025-10-05 16:00:00,31.0,37.0,69
2025-10-05 17:00:00,30.6,36.8,71
2025-10-05 18:00:00,29.0,35.3,81
2025-10-05 19:00:00,28.0,33.8,83
2025-10-05 20:00:00,27.8,33.8,85
2025-10-05 21:00:00,27.5,33.6,87
2025-10-05 22:00:00,27.1,33.2,88
2025-10-05 23:00:00,26.8,32.9,90
2025-10-06 00:00:00,26.6,32.4,89
2025-10-06 01:00:00,26.2,32.3,91
2025-10-06 02:00:00,26.0,32.0,93
2025-10-06 03:00:00,26.0,31.7,92
2025-10-06 04:00:00,25.9,31.4,92
2025-10-06 05:00:00,25.6,31.0,93
2025-10-06 06:00:00,25.5,30.8,93
2025-10-06 07:00:00,25.6,31.1,93
2025-10-06 08:00:00,26.4,32.5,93
2025-10-06 09:00:00,28.0,34.8,88
2025-10-06 10:00:00,29.8,36.9,81
2025-10-06 11:00:00,31.2,38.3,72
2025-10-06 12:00:00,32.2,38.7,64
2025-10-06 13:00:00,32.7,39.0,61
2025-10-06 14:00:00,32.8,38.3,58
2025-10-06 15:00:00,32.8,38.1,58
2025-10-06 16:00:00,32.7,38.2,58
2025-10-06 17:00:00,32.5,38.1,59
2025-10-06 18:00:00,30.7,37.4,72
2025-10-06 19:00:00,29.1,35.4,79
2025-10-06 20:00:00,28.3,32.9,81
2025-10-06 21:00:00,26.9,31.1,84
2025-10-06 22:00:00,26.2,30.1,85
2025-10-06 23:00:00,25.8,29.6,86
2025-10-07 00:00:00,25.2,28.9,87
2025-10-07 01:00:00,24.7,28.1,87
2025-10-07 02:00:00,24.4,28.1,91
2025-10-07 03:00:00,23.9,27.4,91
2025-10-07 04:00:00,23.6,27.0,91
2025-10-07 05:00:00,23.3,26.5,91
2025-10-07 06:00:00,23.1,26.1,90
2025-10-07 07:00:00,23.0,26.1,89
2025-10-07 08:00:00,23.6,26.8,86
2025-10-07 09:00:00,25.0,28.5,82
2025-10-07 10:00:00,26.5,30.7,78
2025-10-07 11:00:00,28.1,33.2,76
2025-10-07 12:00:00,29.4,35.6,73
2025-10-07 13:00:00,30.7,37.2,69
2025-10-07 14:00:00,31.0,36.8,65
2025-10-07 15:00:00,31.4,36.8,64
2025-10-07 16:00:00,31.2,36.3,65
2025-10-07 17:00:00,30.3,35.8,71
2025-10-07 18:00:00,28.8,34.2,78
2025-10-07 19:00:00,27.8,32.5,80
2025-10-07 20:00:00,27.1,31.6,81
2025-10-07 21:00:00,26.4,30.5,82
2025-10-07 22:00:00,25.6,29.2,83
2025-10-07 23:00:00,24.8,28.1,85
2025-10-08 00:00:00,24.2,27.5,86
2025-10-08 01:00:00,23.8,27.2,87
2025-10-08 02:00:00,22.8,26.1,90
2025-10-08 03:00:00,22.4,25.7,92
2025-10-08 04:00:00,22.4,25.7,92
2025-10-08 05:00:00,22.6,26.2,92
2025-10-08 06:00:00,22.9,26.8,93
2025-10-08 07:00:00,23.2,27.6,93
2025-10-08 08:00:00,23.9,28.1,90
2025-10-08 09:00:00,25.1,29.7,87
2025-10-08 10:00:00,26.9,32.0,84
2025-10-08 11:00:00,28.5,33.3,79
2025-10-08 12:00:00,30.2,35.1,71
2025-10-08 13:00:00,31.3,37.6,68
2025-10-08 14:00:00,31.9,38.4,67
2025-10-08 15:00:00,32.0,37.8,66
2025-10-08 16:00:00,31.9,37.4,65
2025-10-08 17:00:00,31.2,37.7,71
2025-10-08 18:00:00,29.8,36.5,79
2025-10-08 19:00:00,29.0,35.0,82
2025-10-08 20:00:00,28.9,34.6,81
2025-10-08 21:00:00,28.5,34.2,84
2025-10-08 22:00:00,28.3,34.0,84
2025-10-08 23:00:00,28.0,33.6,84
2025-10-09 00:00:00,27.7,32.9,84
2025-10-09 01:00:00,27.6,32.5,85
2025-10-09 02:00:00,27.4,32.6,87
2025-10-09 03:00:00,27.0,32.4,88
2025-10-09 04:00:00,26.7,32.0,89
2025-10-09 05:00:00,26.4,31.5,89
2025-10-09 06:00:00,26.2,31.1,89
2025-10-09 07:00:00,26.3,31.2,88
2025-10-09 08:00:00,27.1,32.4,85
2025-10-09 09:00:00,28.2,33.8,82
2025-10-09 10:00:00,29.6,35.4,78
2025-10-09 11:00:00,30.9,37.2,74
2025-10-09 12:00:00,32.0,38.9,69
2025-10-09 13:00:00,32.8,39.8,65
2025-10-09 14:00:00,32.8,39.3,65
2025-10-09 15:00:00,32.7,39.4,66
2025-10-09 16:00:00,31.8,38.3,70
2025-10-09 17:00:00,31.4,37.9,73
2025-10-09 18:00:00,29.6,35.8,79
2025-10-09 19:00:00,28.5,35.1,84
2025-10-09 20:00:00,27.3,33.5,87
2025-10-09 21:00:00,27.4,33.5,84
2025-10-09 22:00:00,27.1,33.3,87
2025-10-09 23:00:00,26.5,31.1,87
2025-10-10 00:00:00,26.0,30.6,90
2025-10-10 01:00:00,25.5,30.3,93
2025-10-10 02:00:00,24.5,28.9,94
2025-10-10 03:00:00,23.9,27.9,94
2025-10-10 04:00:00,23.2,26.7,92
2025-10-10 05:00:00,22.6,25.5,91
2025-10-10 06:00:00,22.2,24.6,89
2025-10-10 07:00:00,21.9,24.0,87
2025-10-10 08:00:00,22.4,24.5,83
2025-10-10 09:00:00,23.4,25.9,80
2025-10-10 10:00:00,24.9,27.9,77
2025-10-10 11:00:00,26.6,30.6,75
2025-10-10 12:00:00,28.2,33.4,72
2025-10-10 13:00:00,29.5,35.3,71
2025-10-10 14:00:00,29.7,35.4,72
2025-10-10 15:00:00,30.2,35.7,71
2025-10-10 16:00:00,30.0,35.4,72
2025-10-10 17:00:00,29.3,34.7,76
2025-10-10 18:00:00,27.7,32.1,79
2025-10-10 19:00:00,26.1,29.5,79
2025-10-10 20:00:00,24.0,26.0,80
2025-10-10 21:00:00,22.5,24.4,82
2025-10-10 22:00:00,21.8,23.5,83
2025-10-10 23:00:00,21.0,22.4,84
2025-10-11 00:00:00,20.6,21.9,84
2025-10-11 01:00:00,20.2,21.4,84
2025-10-11 02:00:00,19.7,21.0,87
2025-10-11 03:00:00,18.9,19.9,89
2025-10-11 04:00:00,18.6,19.5,88
2025-10-11 05:00:00,18.5,19.4,88
2025-10-11 06:00:00,18.2,19.1,88
2025-10-11 07:00:00,18.0,18.7,87
2025-10-11 08:00:00,18.6,19.3,84
2025-10-11 09:00:00,20.0,21.0,80
2025-10-11 10:00:00,21.8,23.2,77
2025-10-11 11:00:00,23.5,25.8,73
2025-10-11 12:00:00,25.0,28.3,71
2025-10-11 13:00:00,26.2,30.0,69
2025-10-11 14:00:00,25.3,29.1,74
2025-10-11 15:00:00,26.1,29.6,73
2025-10-11 16:00:00,26.0,29.2,73
2025-10-11 17:00:00,25.0,28.1,76
2025-10-11 18:00:00,23.8,26.2,79
2025-10-11 19:00:00,22.1,22.9,76
2025-10-11 20:00:00,19.5,20.0,83
2025-10-11 21:00:00,18.4,18.9,85
2025-10-11 22:00:00,17.9,18.3,84
2025-10-11 23:00:00,17.5,18.0,84
2025-10-12 00:00:00,17.4,17.8,84
2025-10-12 01:00:00,17.4,17.8,84
2025-10-12 02:00:00,17.9,18.3,83
2025-10-12 03:00:00,17.9,18.5,83
2025-10-12 04:00:00,18.0,18.9,83
2025-10-12 05:00:00,18.3,19.5,83
2025-10-12 06:00:00,18.5,19.7,83
2025-10-12 07:00:00,18.6,19.8,83
2025-10-12 08:00:00,18.8,20.0,82
2025-10-12 09:00:00,20.1,21.8,80
2025-10-12 10:00:00,22.0,24.2,77
2025-10-12 11:00:00,23.5,26.7,75
2025-10-12 12:00:00,24.9,29.1,74
2025-10-12 13:00:00,25.6,29.4,73
2025-10-12 14:00:00,24.5,27.7,75
2025-10-12 15:00:00,25.0,28.0,74
2025-10-12 16:00:00,24.9,27.7,74
2025-10-12 17:00:00,24.4,27.0,77
2025-10-12 18:00:00,23.2,25.5,81
2025-10-12 19:00:00,21.5,22.1,77
2025-10-12 20:00:00,19.8,20.0,82
2025-10-12 21:00:00,18.5,18.5,81
2025-10-12 22:00:00,18.1,17.9,80
2025-10-12 23:00:00,17.8,17.4,80
2025-10-13 00:00:00,17.5,17.1,80
2025-10-13 01:00:00,17.1,16.5,81
2025-10-13 02:00:00,17.1,16.7,82
2025-10-13 03:00:00,16.8,16.3,83
2025-10-13 04:00:00,16.6,16.2,82
2025-10-13 05:00:00,16.5,15.9,81
2025-10-13 06:00:00,16.4,15.7,82
2025-10-13 07:00:00,16.3,15.6,82
2025-10-13 08:00:00,16.0,14.8,83
2025-10-13 09:00:00,16.0,15.4,85
2025-10-13 10:00:00,16.5,15.9,83
2025-10-13 11:00:00,17.7,17.2,78
2025-10-13 12:00:00,17.8,17.6,78
2025-10-13 13:00:00,17.6,17.4,80
2025-10-13 14:00:00,17.4,16.7,79
2025-10-13 15:00:00,17.5,16.7,78
2025-10-13 16:00:00,17.9,17.4,77
2025-10-13 17:00:00,17.9,17.9,78
2025-10-13 18:00:00,17.7,18.0,80
2025-10-13 19:00:00,17.5,17.8,81
2025-10-13 20:00:00,16.5,16.4,88
2025-10-13 21:00:00,16.4,16.7,91
2025-10-13 22:00:00,16.5,17.0,91
2025-10-13 23:00:00,16.2,17.0,93
2025-10-14 00:00:00,16.1,16.9,92
2025-10-14 01:00:00,15.9,16.8,93
2025-10-14 02:00:00,16.2,17.2,93
2025-10-14 03:00:00,16.0,17.1,93
2025-10-14 04:00:00,15.9,16.8,93
2025-10-14 05:00:00,15.7,16.6,94
2025-10-14 06:00:00,15.5,16.4,94
2025-10-14 07:00:00,15.6,16.3,93
2025-10-14 08:00:00,16.2,16.8,87
2025-10-14 09:00:00,17.3,17.8,84
2025-10-14 10:00:00,18.6,19.4,80
2025-10-14 11:00:00,19.5,20.6,78
2025-10-14 12:00:00,20.6,22.0,75
2025-10-14 13:00:00,21.5,23.0,72
2025-10-14 14:00:00,21.4,23.1,72
2025-10-14 15:00:00,21.6,23.4,72
2025-10-14 16:00:00,21.8,23.7,71
2025-10-14 17:00:00,21.6,23.6,73
2025-10-14 18:00:00,20.9,23.5,83
2025-10-14 19:00:00,20.8,23.5,84
2025-10-14 20:00:00,20.4,22.4,86
2025-10-14 21:00:00,19.8,22.1,89
2025-10-14 22:00:00,19.5,21.8,91
2025-10-14 23:00:00,19.3,21.9,91
2025-10-15 00:00:00,19.0,21.6,92
2025-10-15 01:00:00,18.6,21.1,95
2025-10-15 02:00:00,18.9,21.5,97
2025-10-15 03:00:00,19.0,21.5,96
2025-10-15 04:00:00,19.5,22.1,95
2025-10-15 05:00:00,19.6,22.4,95
2025-10-15 06:00:00,19.8,22.6,95
2025-10-15 07:00:00,20.0,22.7,94
2025-10-15 08:00:00,20.5,23.4,91
2025-10-15 09:00:00,20.6,23.2,91
2025-10-15 10:00:00,21.0,23.9,89
2025-10-15 11:00:00,22.0,25.1,82
2025-10-15 12:00:00,21.7,24.7,85
2025-10-15 13:00:00,22.8,26.1,83
2025-10-15 14:00:00,21.5,24.5,84
2025-10-15 15:00:00,22.0,25.4,85
2025-10-15 16:00:00,21.8,25.1,87
2025-10-15 17:00:00,21.2,24.2,92
2025-10-15 18:00:00,20.9,23.5,94
2025-10-15 19:00:00,20.6,23.4,94
2025-10-15 20:00:00,19.8,22.0,95
2025-10-15 21:00:00,19.4,21.0,94
2025-10-15 22:00:00,18.9,20.0,93
2025-10-15 23:00:00,18.6,19.9,93
2025-10-16 00:00:00,18.5,20.0,93
2025-10-16 01:00:00,18.5,19.8,93
2025-10-16 02:00:00,18.5,19.8,94
2025-10-16 03:00:00,18.4,19.6,95
2025-10-16 04:00:00,18.2,19.6,95
2025-10-16 05:00:00,18.3,19.5,94
2025-10-16 06:00:00,18.2,19.2,94
2025-10-16 07:00:00,18.1,19.1,94
2025-10-16 08:00:00,18.2,19.5,93
2025-10-16 09:00:00,19.4,20.1,86
2025-10-16 10:00:00,20.8,21.7,80
2025-10-16 11:00:00,21.8,23.2,77
2025-10-16 12:00:00,21.5,23.5,79
2025-10-16 13:00:00,21.1,23.4,82
2025-10-16 14:00:00,20.4,22.9,88
2025-10-16 15:00:00,20.3,23.2,93
2025-10-16 16:00:00,20.3,23.2,93
2025-10-16 17:00:00,20.2,23.0,94
2025-10-16 18:00:00,20.0,22.8,95
2025-10-16 19:00:00,20.0,22.5,96
2025-10-16 20:00:00,19.6,22.1,97
2025-10-16 21:00:00,19.5,22.1,97
2025-10-16 22:00:00,19.5,22.3,97
2025-10-16 23:00:00,19.5,22.5,98
2025-10-17 00:00:00,19.4,22.4,98
2025-10-17 01:00:00,19.3,22.3,98
2025-10-17 02:00:00,19.6,22.7,99
2025-10-17 03:00:00,19.2,22.2,99
2025-10-17 04:00:00,19.1,22.1,100
2025-10-17 05:00:00,19.0,22.0,100
2025-10-17 06:00:00,19.0,21.8,99
2025-10-17 07:00:00,19.2,22.2,99
2025-10-17 08:00:00,20.1,23.2,96
2025-10-17 09:00:00,21.2,24.3,92
2025-10-17 10:00:00,22.0,24.8,90
2025-10-17 11:00:00,23.0,26.1,86
2025-10-17 12:00:00,24.0,27.4,81
2025-10-17 13:00:00,25.0,28.2,78
2025-10-17 14:00:00,24.8,27.0,77
2025-10-17 15:00:00,22.8,24.4,82
2025-10-17 16:00:00,21.8,23.3,83
2025-10-17 17:00:00,21.4,23.1,83
2025-10-17 18:00:00,21.0,22.6,84
2025-10-17 19:00:00,20.6,22.0,85
2025-10-17 20:00:00,20.6,21.7,88
2025-10-17 21:00:00,19.3,19.5,86
2025-10-17 22:00:00,18.9,19.1,86
2025-10-17 23:00:00,18.8,18.9,86
2025-10-18 00:00:00,18.4,18.4,88
2025-10-18 01:00:00,18.1,18.1,90
2025-10-18 02:00:00,18.5,18.2,86
2025-10-18 03:00:00,17.7,16.6,85
2025-10-18 04:00:00,16.9,15.3,86
2025-10-18 05:00:00,16.5,14.8,88
2025-10-18 06:00:00,16.1,14.7,93
2025-10-18 07:00:00,16.1,14.6,91
2025-10-18 08:00:00,16.1,14.9,90
2025-10-18 09:00:00,16.2,15.0,89
2025-10-18 10:00:00,16.2,15.0,90
2025-10-18 11:00:00,16.2,15.4,93
2025-10-18 12:00:00,16.3,15.6,93
2025-10-18 13:00:00,16.8,15.8,89
2025-10-18 14:00:00,16.4,15.5,91
2025-10-18 15:00:00,16.0,15.3,93
2025-10-18 16:00:00,15.9,15.0,93
2025-10-18 17:00:00,15.8,14.8,91
2025-10-18 18:00:00,15.4,14.3,93
2025-10-18 19:00:00,15.1,14.1,93
2025-10-18 20:00:00,14.9,13.9,91
2025-10-18 21:00:00,14.6,13.5,91
2025-10-18 22:00:00,14.5,13.4,91
2025-10-18 23:00:00,14.4,13.3,92
2025-10-19 00:00:00,14.1,13.2,94
2025-10-19 01:00:00,13.9,12.8,94
2025-10-19 02:00:00,13.8,12.6,93
2025-10-19 03:00:00,13.4,12.3,95
2025-10-19 04:00:00,13.2,12.1,95
2025-10-19 05:00:00,13.1,12.0,95
2025-10-19 06:00:00,13.1,11.9,95
2025-10-19 07:00:00,13.1,11.8,95
2025-10-19 08:00:00,13.2,11.8,92
2025-10-19 09:00:00,13.3,12.0,95
2025-10-19 10:00:00,13.8,12.7,93
2025-10-19 11:00:00,14.1,12.6,89
2025-10-19 12:00:00,14.3,12.5,86
2025-10-19 13:00:00,14.8,12.8,81
2025-10-19 14:00:00,14.4,12.8,83
2025-10-19 15:00:00,14.4,12.5,81
2025-10-19 16:00:00,14.6,12.6,79
2025-10-19 17:00:00,14.6,12.7,78
2025-10-19 18:00:00,14.1,12.1,80
2025-10-19 19:00:00,13.4,11.3,82
2025-10-19 20:00:00,13.2,11.3,84
2025-10-19 21:00:00,13.1,10.6,76
2025-10-19 22:00:00,13.4,10.7,71
2025-10-19 23:00:00,13.4,10.5,68
2025-10-20 00:00:00,13.4,10.8,71
2025-10-20 01:00:00,13.4,11.2,72
2025-10-20 02:00:00,13.2,11.5,80
2025-10-20 03:00:00,12.8,10.8,84
2025-10-20 04:00:00,12.6,10.7,87
2025-10-20 05:00:00,12.8,11.1,87
2025-10-20 06:00:00,12.9,11.2,86
2025-10-20 07:00:00,12.9,11.1,87
2025-10-20 08:00:00,12.8,11.0,91
2025-10-20 09:00:00,13.2,11.3,89
2025-10-20 10:00:00,13.2,11.2,88
2025-10-20 11:00:00,13.4,11.2,86
2025-10-20 12:00:00,13.1,10.9,87
2025-10-20 13:00:00,12.8,10.4,87
2025-10-20 14:00:00,12.4,10.1,90
2025-10-20 15:00:00,12.4,10.2,89
2025-10-20 16:00:00,12.1,9.6,88
2025-10-20 17:00:00,11.5,8.5,86
2025-10-20 18:00:00,10.9,7.6,84
2025-10-20 19:00:00,10.6,7.1,83
2025-10-20 20:00:00,10.1,6.9,86
2025-10-20 21:00:00,9.9,6.7,87
2025-10-20 22:00:00,9.9,6.7,87
2025-10-20 23:00:00,9.6,6.5,88
2025-10-21 00:00:00,9.6,6.6,88
2025-10-21 01:00:00,9.6,6.8,88
2025-10-21 02:00:00,9.9,7.2,90
2025-10-21 03:00:00,9.8,7.0,90
2025-10-21 04:00:00,9.6,6.9,90
2025-10-21 05:00:00,9.6,6.9,90
2025-10-21 06:00:00,9.5,6.8,90
2025-10-21 07:00:00,9.5,6.8,89
2025-10-21 08:00:00,9.6,6.6,89
2025-10-21 09:00:00,10.0,6.9,86
2025-10-21 10:00:00,10.9,7.6,81
2025-10-21 11:00:00,12.6,9.6,72
2025-10-21 12:00:00,13.3,10.4,71
2025-10-21 13:00:00,13.5,10.6,69
2025-10-21 14:00:00,12.6,9.7,70
2025-10-21 15:00:00,13.0,10.2,68
2025-10-21 16:00:00,13.4,10.6,65
2025-10-21 17:00:00,13.2,10.6,66
2025-10-21 18:00:00,12.4,9.7,69
2025-10-21 19:00:00,11.5,8.6,71
2025-10-21 20:00:00,11.2,8.6,73
2025-10-21 21:00:00,10.9,8.1,73
2025-10-21 22:00:00,10.6,7.7,73
2025-10-21 23:00:00,10.4,7.5,72
2025-10-22 00:00:00,10.2,7.2,72
2025-10-22 01:00:00,9.8,6.7,73
2025-10-22 02:00:00,9.6,6.9,80
2025-10-22 03:00:00,9.3,6.7,82
2025-10-22 04:00:00,9.1,6.7,83
2025-10-22 05:00:00,9.1,6.7,84
2025-10-22 06:00:00,9.0,6.6,85
2025-10-22 07:00:00,9.2,6.8,84
2025-10-22 08:00:00,10.1,8.1,80
2025-10-22 09:00:00,11.6,9.6,73
2025-10-22 10:00:00,13.1,11.3,68
2025-10-22 11:00:00,14.4,13.0,64
2025-10-22 12:00:00,15.4,14.8,61
2025-10-22 13:00:00,16.5,15.9,55
2025-10-22 14:00:00,16.0,14.7,56
2025-10-22 15:00:00,16.4,14.6,54
2025-10-22 16:00:00,16.6,14.9,55
2025-10-22 17:00:00,16.2,15.9,67
2025-10-22 18:00:00,14.8,14.6,70
2025-10-22 19:00:00,14.1,13.1,74
2025-10-22 20:00:00,13.6,11.3,68
2025-10-22 21:00:00,12.9,10.5,69
2025-10-22 22:00:00,12.4,10.1,70
2025-10-22 23:00:00,12.1,9.7,71
2025-10-23 00:00:00,11.8,9.2,70
2025-10-23 01:00:00,11.4,8.8,68
2025-10-23 02:00:00,11.1,8.7,73
2025-10-23 03:00:00,10.6,8.2,73
2025-10-23 04:00:00,10.3,7.9,73
2025-10-23 05:00:00,10.1,7.6,73
2025-10-23 06:00:00,9.8,7.3,73
2025-10-23 07:00:00,9.8,7.2,74
2025-10-23 08:00:00,11.2,9.3,74
2025-10-23 09:00:00,12.8,11.0,69
2025-10-23 10:00:00,14.4,13.0,65
2025-10-23 11:00:00,15.8,14.6,60
2025-10-23 12:00:00,16.8,16.3,57
2025-10-23 13:00:00,17.5,17.1,56
2025-10-23 14:00:00,17.6,16.8,55
2025-10-23 15:00:00,18.1,16.9,53
2025-10-23 16:00:00,18.4,16.8,51
2025-10-23 17:00:00,17.4,15.9,57
2025-10-23 18:00:00,15.7,13.6,61
2025-10-23 19:00:00,14.6,11.7,57
2025-10-23 20:00:00,14.3,11.3,57
2025-10-23 21:00:00,13.8,10.8,59
2025-10-23 22:00:00,13.4,10.4,61
2025-10-23 23:00:00,12.9,10.2,63
2025-10-24 00:00:00,12.4,9.9,66
2025-10-24 01:00:00,12.0,9.6,67
2025-10-24 02:00:00,11.9,9.4,69
2025-10-24 03:00:00,11.5,8.9,68
2025-10-24 04:00:00,11.1,8.6,68
2025-10-24 05:00:00,10.8,8.4,70
2025-10-24 06:00:00,10.4,8.1,73
2025-10-24 07:00:00,10.6,8.5,74
2025-10-24 08:00:00,11.9,10.4,76
2025-10-24 09:00:00,13.1,12.0,75
2025-10-24 10:00:00,14.2,13.3,70
2025-10-24 11:00:00,15.2,14.2,65
2025-10-24 12:00:00,16.0,14.9,62
2025-10-24 13:00:00,16.7,15.7,59
2025-10-24 14:00:00,17.6,16.4,55
2025-10-24 15:00:00,17.8,16.6,54
2025-10-24 16:00:00,17.6,16.4,55
2025-10-24 17:00:00,16.6,15.7,63
2025-10-24 18:00:00,15.6,14.7,68
2025-10-24 19:00:00,15.1,14.2,71
2025-10-24 20:00:00,15.1,14.2,73
2025-10-24 21:00:00,14.9,13.8,73
2025-10-24 22:00:00,14.6,13.3,73
2025-10-24 23:00:00,14.6,13.1,71
2025-10-25 00:00:00,14.4,13.0,72
2025-10-25 01:00:00,14.2,12.7,72
2025-10-25 02:00:00,13.9,12.5,74
2025-10-25 03:00:00,13.8,12.4,76
2025-10-25 04:00:00,13.6,12.5,77
2025-10-25 05:00:00,13.4,12.3,78
2025-10-25 06:00:00,13.5,12.2,77
2025-10-25 07:00:00,13.4,12.1,79
2025-10-25 08:00:00,13.7,13.0,83
2025-10-25 09:00:00,14.5,14.1,81
2025-10-25 10:00:00,15.8,15.6,76
2025-10-25 11:00:00,16.1,15.9,74
2025-10-25 12:00:00,16.3,15.9,73
2025-10-25 13:00:00,16.2,15.3,73
2025-10-25 14:00:00,16.4,15.3,72
2025-10-25 15:00:00,15.4,14.4,79
2025-10-25 16:00:00,14.1,13.3,89
2025-10-25 17:00:00,13.6,13.1,93
2025-10-25 18:00:00,13.4,12.9,93
2025-10-25 19:00:00,13.1,12.7,93
2025-10-25 20:00:00,12.9,12.6,96
2025-10-25 21:00:00,12.7,12.2,96
2025-10-25 22:00:00,12.5,11.6,95
2025-10-25 23:00:00,12.0,11.0,95
2025-10-26 00:00:00,11.4,10.6,96
2025-10-26 01:00:00,11.0,10.2,96
2025-10-26 02:00:00,11.6,11.0,98
2025-10-26 03:00:00,11.3,10.7,98
2025-10-26 04:00:00,11.2,10.5,98
2025-10-26 05:00:00,11.2,10.4,97
2025-10-26 06:00:00,11.1,10.3,97
2025-10-26 07:00:00,11.0,10.1,97
2025-10-26 08:00:00,11.6,10.4,92
2025-10-26 09:00:00,12.6,11.7,87
2025-10-26 10:00:00,14.1,13.5,80
2025-10-26 11:00:00,15.6,14.9,72
2025-10-26 12:00:00,16.6,15.7,65
2025-10-26 13:00:00,17.9,17.2,59
2025-10-26 14:00:00,18.4,17.1,55
2025-10-26 15:00:00,18.5,17.0,54
2025-10-26 16:00:00,18.4,17.4,56
2025-10-26 17:00:00,17.6,18.0,70
2025-10-26 18:00:00,15.9,15.6,73
2025-10-26 19:00:00,15.4,14.9,74
2025-10-26 20:00:00,15.0,14.9,82
2025-10-26 21:00:00,14.6,14.4,82
2025-10-26 22:00:00,14.4,14.1,82
2025-10-26 23:00:00,14.2,13.7,82
2025-10-27 00:00:00,14.1,13.3,81
2025-10-27 01:00:00,13.5,12.5,83
2025-10-27 02:00:00,13.4,12.2,83
2025-10-27 03:00:00,13.2,12.1,83
2025-10-27 04:00:00,13.0,12.1,84
2025-10-27 05:00:00,12.9,11.9,84
2025-10-27 06:00:00,12.6,11.6,85
2025-10-27 07:00:00,12.4,11.5,86
2025-10-27 08:00:00,13.0,12.3,85
2025-10-27 09:00:00,13.6,13.3,83
2025-10-27 10:00:00,15.4,15.3,79
2025-10-27 11:00:00,17.1,17.5,74
2025-10-27 12:00:00,18.2,19.2,70
2025-10-27 13:00:00,19.0,20.0,67
2025-10-27 14:00:00,18.1,18.4,67
2025-10-27 15:00:00,18.1,18.7,67
2025-10-27 16:00:00,18.2,18.7,68
2025-10-27 17:00:00,17.6,18.7,77
2025-10-27 18:00:00,16.5,17.2,79
2025-10-27 19:00:00,15.8,16.2,82
2025-10-27 20:00:00,15.9,16.5,85
2025-10-27 21:00:00,15.6,16.0,85
2025-10-27 22:00:00,14.9,15.3,85
2025-10-27 23:00:00,14.6,14.9,86
2025-10-28 00:00:00,14.1,14.4,87
2025-10-28 01:00:00,13.4,13.5,90
2025-10-28 02:00:00,13.1,13.6,94
2025-10-28 03:00:00,12.3,12.4,97
2025-10-28 04:00:00,12.1,12.0,99
2025-10-28 05:00:00,11.8,11.5,100
2025-10-28 06:00:00,11.6,11.3,99
2025-10-28 07:00:00,11.1,10.9,99
2025-10-28 08:00:00,12.5,12.7,100
2025-10-28 09:00:00,13.8,14.2,98
2025-10-28 10:00:00,15.9,16.9,90
2025-10-28 11:00:00,17.9,18.5,76
2025-10-28 12:00:00,19.2,19.9,65
2025-10-28 13:00:00,20.1,20.8,61
2025-10-28 14:00:00,20.6,20.8,56
2025-10-28 15:00:00,20.9,20.6,54
2025-10-28 16:00:00,20.7,20.3,53
2025-10-28 17:00:00,19.4,19.5,65
2025-10-28 18:00:00,17.8,17.3,67
2025-10-28 19:00:00,17.0,16.4,69
2025-10-28 20:00:00,16.9,16.2,70
2025-10-28 21:00:00,16.6,16.0,71
2025-10-28 22:00:00,16.0,15.0,72
2025-10-28 23:00:00,15.2,14.3,73
2025-10-29 00:00:00,14.6,13.6,75
2025-10-29 01:00:00,14.4,13.1,75
2025-10-29 02:00:00,14.3,13.2,78
2025-10-29 03:00:00,14.0,13.0,80
2025-10-29 04:00:00,13.8,12.8,81
2025-10-29 05:00:00,13.6,12.6,82
2025-10-29 06:00:00,13.4,12.3,83
2025-10-29 07:00:00,13.4,12.3,83
2025-10-29 08:00:00,14.4,13.7,83
2025-10-29 09:00:00,16.0,15.7,79
2025-10-29 10:00:00,17.9,17.9,74
2025-10-29 11:00:00,19.2,19.3,69
2025-10-29 12:00:00,20.3,20.2,65
2025-10-29 13:00:00,21.2,21.1,61
2025-10-29 14:00:00,21.6,21.1,58
2025-10-29 15:00:00,21.6,21.5,58
2025-10-29 16:00:00,21.2,21.7,61
2025-10-29 17:00:00,20.0,20.6,69
2025-10-29 18:00:00,19.0,19.5,72
2025-10-29 19:00:00,18.5,19.7,78
2025-10-29 20:00:00,18.2,19.6,82
2025-10-29 21:00:00,18.0,19.0,82
2025-10-29 22:00:00,17.5,18.5,83
2025-10-29 23:00:00,17.2,18.4,81
2025-10-30 00:00:00,16.4,17.2,93
2025-10-30 01:00:00,15.9,16.5,94
2025-10-30 02:00:00,15.9,16.7,94
2025-10-30 03:00:00,15.6,16.3,94
2025-10-30 04:00:00,15.6,16.2,95
2025-10-30 05:00:00,15.6,16.7,95
2025-10-30 06:00:00,15.5,16.7,96
2025-10-30 07:00:00,15.4,16.6,96
2025-10-30 08:00:00,15.6,16.6,96
2025-10-30 09:00:00,16.1,17.4,92
2025-10-30 10:00:00,17.1,18.2,86
2025-10-30 11:00:00,17.8,18.6,81
2025-10-30 12:00:00,18.8,19.2,75
2025-10-30 13:00:00,19.4,19.8,72
2025-10-30 14:00:00,19.1,19.2,72
2025-10-30 15:00:00,19.5,19.7,70
2025-10-30 16:00:00,19.5,19.7,69
2025-10-30 17:00:00,19.0,19.8,74
2025-10-30 18:00:00,17.9,18.7,79
2025-10-30 19:00:00,17.0,17.7,82
2025-10-30 20:00:00,16.4,17.4,89
2025-10-30 21:00:00,15.8,16.5,88
2025-10-30 22:00:00,15.6,15.7,88
2025-10-30 23:00:00,14.9,15.2,91
2025-10-31 00:00:00,14.6,14.9,93
2025-10-31 01:00:00,14.1,14.4,93
2025-10-31 02:00:00,13.9,14.2,94
2025-10-31 03:00:00,13.6,13.8,95
2025-10-31 04:00:00,13.1,13.4,95
2025-10-31 05:00:00,13.1,13.2,96
2025-10-31 06:00:00,12.6,12.8,97
2025-10-31 07:00:00,12.4,12.6,98
2025-10-31 08:00:00,13.4,13.6,98
2025-10-31 09:00:00,15.3,16.2,92
2025-10-31 10:00:00,17.5,18.3,84
2025-10-31 11:00:00,19.1,19.7,76
2025-10-31 12:00:00,20.5,20.9,68
2025-10-31 13:00:00,21.4,21.6,63
2025-10-31 14:00:00,21.6,21.4,60
2025-10-31 15:00:00,21.4,21.3,63
2025-10-31 16:00:00,20.9,21.7,69
2025-10-31 17:00:00,19.8,21.1,77
2025-10-31 18:00:00,18.5,19.8,83
2025-10-31 19:00:00,17.9,19.2,86
2025-10-31 20:00:00,17.2,18.4,89
2025-10-31 21:00:00,17.0,17.7,89
2025-10-31 22:00:00,16.9,17.3,87
2025-10-31 23:00:00,16.6,17.0,87
2025-11-01 00:00:00,16.1,16.5,87
2025-11-01 01:00:00,15.9,16.1,87
2025-11-01 02:00:00,16.1,16.6,89
2025-11-01 03:00:00,16.0,16.7,90
2025-11-01 04:00:00,15.6,16.5,92
2025-11-01 05:00:00,15.6,16.3,93
2025-11-01 06:00:00,15.2,16.0,94
2025-11-01 07:00:00,14.3,15.2,96
2025-11-01 08:00:00,14.7,16.1,99
2025-11-01 09:00:00,15.9,17.3,96
2025-11-01 10:00:00,18.0,19.6,88
2025-11-01 11:00:00,19.2,21.1,84
2025-11-01 12:00:00,20.4,22.4,81
2025-11-01 13:00:00,21.2,22.9,75
2025-11-01 14:00:00,21.4,22.3,66
2025-11-01 15:00:00,21.8,22.2,61
2025-11-01 16:00:00,21.6,22.1,62
2025-11-01 17:00:00,20.5,21.5,71
2025-11-01 18:00:00,19.4,20.1,75
2025-11-01 19:00:00,18.6,19.1,78
2025-11-01 20:00:00,18.2,19.1,85
2025-11-01 21:00:00,17.9,18.6,86
2025-11-01 22:00:00,17.5,18.3,87
2025-11-01 23:00:00,17.1,17.8,88
2025-11-02 00:00:00,16.6,17.3,90
2025-11-02 01:00:00,15.6,16.5,93
2025-11-02 02:00:00,15.8,17.0,96
2025-11-02 03:00:00,15.4,16.7,97
2025-11-02 04:00:00,14.9,16.0,99
2025-11-02 05:00:00,14.9,16.4,100
2025-11-02 06:00:00,15.2,16.6,100
2025-11-02 07:00:00,15.2,16.6,100
2025-11-02 08:00:00,15.6,17.0,100
2025-11-02 09:00:00,16.0,17.6,99
2025-11-02 10:00:00,17.5,19.2,90
2025-11-02 11:00:00,19.0,20.5,82
2025-11-02 12:00:00,20.5,21.6,72
2025-11-02 13:00:00,21.2,22.4,70
2025-11-02 14:00:00,21.5,22.8,68
2025-11-02 15:00:00,21.5,22.5,65
2025-11-02 16:00:00,21.3,22.2,66
2025-11-02 17:00:00,20.7,22.6,75
2025-11-02 18:00:00,19.9,21.5,74
2025-11-02 19:00:00,19.2,20.7,77
2025-11-02 20:00:00,18.5,19.9,86
2025-11-02 21:00:00,18.0,19.3,87
2025-11-02 22:00:00,17.2,18.4,88
2025-11-02 23:00:00,16.9,17.7,85
2025-11-03 00:00:00,16.4,16.8,85
2025-11-03 01:00:00,17.0,17.3,84
2025-11-03 02:00:00,17.4,17.8,85
2025-11-03 03:00:00,17.2,17.2,77
2025-11-03 04:00:00,16.4,16.2,78
2025-11-03 05:00:00,16.0,15.8,80
2025-11-03 06:00:00,15.6,15.4,81
2025-11-03 07:00:00,15.4,15.2,82
2025-11-03 08:00:00,15.9,15.9,83
2025-11-03 09:00:00,16.8,16.8,78
2025-11-03 10:00:00,18.0,17.6,68
2025-11-03 11:00:00,19.1,18.4,61
2025-11-03 12:00:00,20.0,19.3,57
2025-11-03 13:00:00,20.7,20.2,53
2025-11-03 14:00:00,21.0,20.3,52
2025-11-03 15:00:00,21.0,20.2,52
2025-11-03 16:00:00,20.5,20.0,56
2025-11-03 17:00:00,19.0,18.8,64
2025-11-03 18:00:00,17.6,17.1,69
2025-11-03 19:00:00,17.2,16.5,69
2025-11-03 20:00:00,17.0,16.2,71
2025-11-03 21:00:00,16.6,15.9,74
2025-11-03 22:00:00,16.2,15.3,74
2025-11-03 23:00:00,15.9,15.2,76
2025-11-04 00:00:00,15.6,14.9,77
2025-11-04 01:00:00,15.3,14.8,80
2025-11-04 02:00:00,15.6,15.2,81
2025-11-04 03:00:00,15.4,15.0,81
2025-11-04 04:00:00,15.2,14.6,79
2025-11-04 05:00:00,15.0,14.3,77
2025-11-04 06:00:00,14.7,14.0,78
2025-11-04 07:00:00,14.5,13.7,78
2025-11-04 08:00:00,15.1,14.8,79
2025-11-04 09:00:00,16.4,15.8,71
2025-11-04 10:00:00,17.0,16.6,68
2025-11-04 11:00:00,18.5,17.8,63
2025-11-04 12:00:00,19.4,19.3,59
2025-11-04 13:00:00,20.1,20.3,55
2025-11-04 14:00:00,20.5,20.2,53
2025-11-04 15:00:00,20.5,20.2,52
2025-11-04 16:00:00,20.2,19.9,54
2025-11-04 17:00:00,19.1,19.9,67
2025-11-04 18:00:00,17.6,17.9,67
2025-11-04 19:00:00,16.8,16.7,70
2025-11-04 20:00:00,16.0,15.9,77
2025-11-04 21:00:00,15.9,15.3,76
2025-11-04 22:00:00,15.2,14.6,78
2025-11-04 23:00:00,14.8,14.2,82
2025-11-05 00:00:00,14.2,13.5,84
2025-11-05 01:00:00,13.8,12.9,84
2025-11-05 02:00:00,13.6,12.9,85
2025-11-05 03:00:00,13.1,12.5,86
2025-11-05 04:00:00,13.1,12.3,85
2025-11-05 05:00:00,12.9,11.9,86
2025-11-05 06:00:00,12.7,11.5,87
2025-11-05 07:00:00,12.5,11.4,88
2025-11-05 08:00:00,13.4,12.7,86
2025-11-05 09:00:00,14.6,14.0,82
2025-11-05 10:00:00,16.1,15.9,78
2025-11-05 11:00:00,17.6,17.6,71
2025-11-05 12:00:00,18.7,19.2,65
2025-11-05 13:00:00,19.5,19.9,61
2025-11-05 14:00:00,19.9,19.7,60
2025-11-05 15:00:00,20.3,19.9,59
2025-11-05 16:00:00,20.1,19.8,60
2025-11-05 17:00:00,18.9,18.6,69
2025-11-05 18:00:00,17.6,17.1,73
2025-11-05 19:00:00,17.0,16.7,76
2025-11-05 20:00:00,17.3,17.2,78
2025-11-05 21:00:00,17.2,17.1,77
2025-11-05 22:00:00,17.0,16.6,78
2025-11-05 23:00:00,16.7,16.3,80
2025-11-06 00:00:00,16.2,15.8,84
2025-11-06 01:00:00,15.9,15.8,87
2025-11-06 02:00:00,15.8,15.7,88
2025-11-06 03:00:00,15.8,15.9,90
2025-11-06 04:00:00,15.4,15.5,93
2025-11-06 05:00:00,15.4,15.5,93
2025-11-06 06:00:00,15.2,15.3,94
2025-11-06 07:00:00,15.2,15.4,95
2025-11-06 08:00:00,15.4,15.5,95
2025-11-06 09:00:00,15.6,16.0,96
2025-11-06 10:00:00,15.9,16.3,95
2025-11-06 11:00:00,16.4,17.2,94
2025-11-06 12:00:00,16.8,17.7,94
2025-11-06 13:00:00,17.0,17.6,92
2025-11-06 14:00:00,16.6,17.4,95
2025-11-06 15:00:00,17.0,17.6,93
2025-11-06 16:00:00,16.9,17.9,95
2025-11-06 17:00:00,16.5,17.5,97
2025-11-06 18:00:00,16.4,17.3,97
2025-11-06 19:00:00,16.4,17.4,97
2025-11-06 20:00:00,16.5,17.5,97
2025-11-06 21:00:00,16.5,17.5,97
2025-11-06 22:00:00,16.5,17.6,97
2025-11-06 23:00:00,16.5,17.6,97
2025-11-07 00:00:00,16.4,17.4,98
2025-11-07 01:00:00,16.5,17.5,97
2025-11-07 02:00:00,16.8,18.0,98
2025-11-07 03:00:00,16.8,17.8,97
2025-11-07 04:00:00,16.8,17.8,97
2025-11-07 05:00:00,16.8,17.9,97
2025-11-07 06:00:00,16.9,18.1,96
2025-11-07 07:00:00,16.9,18.2,96
2025-11-07 08:00:00,16.8,18.5,98
2025-11-07 09:00:00,17.7,19.6,94
2025-11-07 10:00:00,18.1,19.7,91
2025-11-07 11:00:00,18.5,20.1,90
2025-11-07 12:00:00,18.9,20.7,88
2025-11-07 13:00:00,19.0,21.2,88
2025-11-07 14:00:00,18.8,20.7,91
2025-11-07 15:00:00,19.0,20.8,89
2025-11-07 16:00:00,18.5,20.4,93
2025-11-07 17:00:00,18.3,20.1,93
2025-11-07 18:00:00,18.0,19.3,94
2025-11-07 19:00:00,17.8,18.9,95
2025-11-07 20:00:00,17.4,18.5,97
2025-11-07 21:00:00,17.2,18.4,98
2025-11-07 22:00:00,17.2,18.0,97
2025-11-07 23:00:00,16.6,16.8,94
2025-11-08 00:00:00,16.1,16.1,93
2025-11-08 01:00:00,15.8,15.4,93
2025-11-08 02:00:00,15.4,15.0,93
2025-11-08 03:00:00,15.2,14.8,92
2025-11-08 04:00:00,14.9,14.3,92
2025-11-08 05:00:00,14.9,14.4,91
2025-11-08 06:00:00,14.9,14.1,90
2025-11-08 07:00:00,14.9,13.9,88
2025-11-08 08:00:00,15.0,13.6,86
2025-11-08 09:00:00,15.5,13.9,83
2025-11-08 10:00:00,16.4,15.0,79
2025-11-08 11:00:00,16.8,15.6,76
2025-11-08 12:00:00,17.5,16.1,73
2025-11-08 13:00:00,18.0,16.9,70
2025-11-08 14:00:00,17.4,16.9,74
2025-11-08 15:00:00,17.3,16.7,73
2025-11-08 16:00:00,17.6,16.6,71
2025-11-08 17:00:00,17.5,16.2,70
2025-11-08 18:00:00,16.8,15.2,71
2025-11-08 19:00:00,16.2,14.9,73
2025-11-08 20:00:00,15.9,15.1,79
2025-11-08 21:00:00,15.6,14.7,80
2025-11-08 22:00:00,15.1,14.3,82
2025-11-08 23:00:00,14.9,14.1,83
2025-11-09 00:00:00,14.8,13.9,84
2025-11-09 01:00:00,14.6,13.7,85
2025-11-09 02:00:00,14.7,13.9,88
2025-11-09 03:00:00,14.4,13.4,90
2025-11-09 04:00:00,14.2,13.1,92
2025-11-09 05:00:00,14.1,13.3,92
2025-11-09 06:00:00,14.2,13.6,92
2025-11-09 07:00:00,14.0,13.3,94
2025-11-09 08:00:00,13.9,13.5,95
2025-11-09 09:00:00,13.9,13.5,94
2025-11-09 10:00:00,13.6,12.6,92
2025-11-09 11:00:00,13.5,11.8,90
2025-11-09 12:00:00,13.7,11.8,86
2025-11-09 13:00:00,14.2,13.2,84
2025-11-09 14:00:00,14.7,14.0,82
2025-11-09 15:00:00,14.8,14.4,85
2025-11-09 16:00:00,15.6,15.8,84
2025-11-09 17:00:00,15.1,15.7,89
2025-11-09 18:00:00,14.9,15.6,89
2025-11-09 19:00:00,14.7,15.0,86
2025-11-09 20:00:00,15.0,15.0,84
2025-11-09 21:00:00,15.2,14.9,81
2025-11-09 22:00:00,15.1,14.5,81
2025-11-09 23:00:00,14.9,14.3,83
2025-11-10 00:00:00,14.6,13.9,85
2025-11-10 01:00:00,14.4,14.1,86
2025-11-10 02:00:00,14.5,14.4,92
2025-11-10 03:00:00,14.2,14.0,92
2025-11-10 04:00:00,14.1,13.8,92
2025-11-10 05:00:00,14.0,13.9,92
2025-11-10 06:00:00,14.0,13.9,91
2025-11-10 07:00:00,13.9,13.7,91
2025-11-10 08:00:00,14.5,14.1,88
2025-11-10 09:00:00,15.3,15.1,85
2025-11-10 10:00:00,16.4,16.6,81
2025-11-10 11:00:00,16.8,17.0,79
2025-11-10 12:00:00,17.4,17.5,73
2025-11-10 13:00:00,18.5,18.3,64
2025-11-10 14:00:00,17.8,17.7,70
2025-11-10 15:00:00,17.6,17.8,73
2025-11-10 16:00:00,17.3,17.1,73
2025-11-10 17:00:00,16.6,15.4,70
2025-11-10 18:00:00,15.8,14.6,74
2025-11-10 19:00:00,15.6,14.4,75
2025-11-10 20:00:00,15.2,14.1,77
2025-11-10 21:00:00,14.9,14.0,79
2025-11-10 22:00:00,14.7,13.9,79
2025-11-10 23:00:00,14.6,13.7,79
2025-11-11 00:00:00,14.5,13.6,79
2025-11-11 01:00:00,14.2,13.4,80
2025-11-11 02:00:00,14.1,13.5,84
2025-11-11 03:00:00,13.9,13.5,85
2025-11-11 04:00:00,13.9,13.6,85
2025-11-11 05:00:00,13.8,13.3,86
2025-11-11 06:00:00,13.6,12.8,84
2025-11-11 07:00:00,13.3,12.6,84
2025-11-11 08:00:00,13.8,13.2,82
2025-11-11 09:00:00,14.7,14.0,76
2025-11-11 10:00:00,16.0,15.2,70
2025-11-11 11:00:00,17.4,16.8,63
2025-11-11 12:00:00,18.3,17.7,59
2025-11-11 13:00:00,18.9,18.1,56
2025-11-11 14:00:00,18.8,18.3,57
2025-11-11 15:00:00,18.9,18.1,55
2025-11-11 16:00:00,18.9,18.2,56
2025-11-11 17:00:00,18.1,18.6,69
2025-11-11 18:00:00,17.2,17.6,69
2025-11-11 19:00:00,16.6,15.7,70
2025-11-11 20:00:00,16.4,14.5,64
2025-11-11 21:00:00,15.8,13.9,64
2025-11-11 22:00:00,15.2,13.2,63
2025-11-11 23:00:00,14.9,13.0,66
2025-11-12 00:00:00,14.5,13.1,70
2025-11-12 01:00:00,13.9,12.8,74
2025-11-12 02:00:00,13.9,12.7,76
2025-11-12 03:00:00,13.7,12.6,77
2025-11-12 04:00:00,13.5,12.4,77
2025-11-12 05:00:00,13.2,12.1,78
2025-11-12 06:00:00,13.2,12.3,79
2025-11-12 07:00:00,12.9,12.1,81
2025-11-12 08:00:00,13.8,13.0,80
2025-11-12 09:00:00,14.4,13.6,77
2025-11-12 10:00:00,15.0,14.3,74
2025-11-12 11:00:00,15.9,15.2,70
2025-11-12 12:00:00,17.0,16.5,66
2025-11-12 13:00:00,17.4,16.9,64
2025-11-12 14:00:00,17.8,16.8,63
2025-11-12 15:00:00,18.0,16.8,61
2025-11-12 16:00:00,18.0,17.1,63
2025-11-12 17:00:00,16.9,16.6,71
2025-11-12 18:00:00,16.1,14.9,70
2025-11-12 19:00:00,15.4,13.6,67
2025-11-12 20:00:00,15.4,13.8,69
2025-11-12 21:00:00,14.9,13.3,71
2025-11-12 22:00:00,14.6,13.2,72
2025-11-12 23:00:00,14.3,13.0,74
2025-11-13 00:00:00,13.9,12.5,75
2025-11-13 01:00:00,13.4,12.3,78
2025-11-13 02:00:00,13.4,12.4,80
2025-11-13 03:00:00,13.1,12.0,82
2025-11-13 04:00:00,13.2,12.4,81
2025-11-13 05:00:00,13.2,12.2,81
2025-11-13 06:00:00,13.1,11.9,81
2025-11-13 07:00:00,12.7,11.6,82
2025-11-13 08:00:00,13.4,12.5,83
2025-11-13 09:00:00,14.6,14.3,79
2025-11-13 10:00:00,16.0,15.9,75
2025-11-13 11:00:00,17.8,17.8,69
2025-11-13 12:00:00,19.0,19.3,64
2025-11-13 13:00:00,19.9,20.2,61
2025-11-13 14:00:00,20.3,20.3,57
2025-11-13 15:00:00,20.8,20.6,54
2025-11-13 16:00:00,20.8,20.8,54
2025-11-13 17:00:00,18.9,19.7,72
2025-11-13 18:00:00,16.8,17.2,76
2025-11-13 19:00:00,16.0,15.8,75
2025-11-13 20:00:00,16.1,15.4,69
2025-11-13 21:00:00,16.2,15.3,69
2025-11-13 22:00:00,15.6,14.5,72
2025-11-13 23:00:00,14.7,13.6,75
2025-11-14 00:00:00,14.1,13.0,77
2025-11-14 01:00:00,13.6,12.5,79
2025-11-14 02:00:00,13.1,12.4,83
2025-11-14 03:00:00,12.5,11.8,86
2025-11-14 04:00:00,11.9,11.3,88
2025-11-14 05:00:00,11.8,11.1,88
2025-11-14 06:00:00,11.3,10.7,90
2025-11-14 07:00:00,11.1,10.5,91
2025-11-14 08:00:00,12.5,12.2,91
2025-11-14 09:00:00,13.9,14.0,85
2025-11-14 10:00:00,15.6,15.9,81
2025-11-14 11:00:00,17.1,17.7,77
2025-11-14 12:00:00,18.5,19.3,71
2025-11-14 13:00:00,19.5,20.2,64
2025-11-14 14:00:00,20.0,20.0,57
2025-11-14 15:00:00,20.3,20.4,53
2025-11-14 16:00:00,20.0,19.9,54
2025-11-14 17:00:00,18.6,19.2,67
2025-11-14 18:00:00,17.5,17.8,66
2025-11-14 19:00:00,16.4,16.3,72
2025-11-14 20:00:00,15.9,15.9,78
2025-11-14 21:00:00,15.4,15.4,80
2025-11-14 22:00:00,15.0,15.2,81
2025-11-14 23:00:00,14.4,14.5,82
2025-11-15 00:00:00,13.9,13.8,85
2025-11-15 01:00:00,13.4,13.3,87
2025-11-15 02:00:00,13.6,13.6,88
2025-11-15 03:00:00,13.6,13.6,89
2025-11-15 04:00:00,13.0,13.0,92
2025-11-15 05:00:00,12.8,12.6,93
2025-11-15 06:00:00,12.8,12.8,93
2025-11-15 07:00:00,12.4,12.3,94
2025-11-15 08:00:00,14.2,14.5,93
2025-11-15 09:00:00,15.7,16.5,89
2025-11-15 10:00:00,17.5,18.3,77
2025-11-15 11:00:00,19.2,19.7,67
2025-11-15 12:00:00,20.3,20.9,61
2025-11-15 13:00:00,21.1,22.0,59
2025-11-15 14:00:00,21.5,21.7,52
2025-11-15 15:00:00,21.7,22.0,53
2025-11-15 16:00:00,21.4,21.7,55
2025-11-15 17:00:00,19.4,20.1,70
2025-11-15 18:00:00,17.6,17.9,74
2025-11-15 19:00:00,17.3,17.6,73
2025-11-15 20:00:00,17.5,17.9,71
2025-11-15 21:00:00,17.3,17.7,70
2025-11-15 22:00:00,16.9,17.4,71
2025-11-15 23:00:00,16.4,16.7,73
2025-11-16 00:00:00,16.0,16.4,75
2025-11-16 01:00:00,15.3,15.7,78
2025-11-16 02:00:00,14.8,15.1,80
2025-11-16 03:00:00,14.1,14.2,84
2025-11-16 04:00:00,13.8,13.8,86
2025-11-16 05:00:00,13.4,13.3,89
2025-11-16 06:00:00,13.1,13.0,89
2025-11-16 07:00:00,13.1,13.1,89
2025-11-16 08:00:00,14.6,14.8,88
2025-11-16 09:00:00,16.2,17.0,83
2025-11-16 10:00:00,18.1,19.2,77
2025-11-16 11:00:00,20.0,21.2,69
2025-11-16 12:00:00,21.4,22.4,61
2025-11-16 13:00:00,22.1,23.1,58
2025-11-16 14:00:00,22.5,22.9,54
2025-11-16 15:00:00,22.6,23.1,54
2025-11-16 16:00:00,22.3,23.0,57
2025-11-16 17:00:00,20.6,21.9,70
2025-11-16 18:00:00,19.1,19.9,71
2025-11-16 19:00:00,18.1,18.6,74
2025-11-16 20:00:00,18.0,18.4,76
2025-11-16 21:00:00,17.8,17.5,75
2025-11-16 22:00:00,17.7,17.2,73
2025-11-16 23:00:00,17.4,16.4,71
2025-11-17 00:00:00,17.6,16.1,70
2025-11-17 01:00:00,17.2,15.2,75
2025-11-17 02:00:00,15.6,12.6,75
2025-11-17 03:00:00,13.6,9.8,73
2025-11-17 04:00:00,12.5,7.6,72
2025-11-17 05:00:00,10.7,4.7,63
2025-11-17 06:00:00,10.1,3.9,59
2025-11-17 07:00:00,9.8,3.5,53
2025-11-17 08:00:00,9.6,3.4,55
2025-11-17 09:00:00,8.5,2.6,64
2025-11-17 10:00:00,6.9,1.0,72
2025-11-17 11:00:00,6.2,0.2,76
2025-11-17 12:00:00,5.5,-0.3,82
2025-11-17 13:00:00,4.9,-1.0,82
2025-11-17 14:00:00,4.2,-2.2,81
2025-11-17 15:00:00,3.7,-2.1,84
2025-11-17 16:00:00,3.6,-2.2,83
2025-11-17 17:00:00,3.7,-1.5,80
2025-11-17 18:00:00,3.5,-1.5,79
2025-11-17 19:00:00,3.2,-1.6,76
2025-11-17 20:00:00,3.3,-1.3,83
2025-11-17 21:00:00,3.5,-1.0,78
2025-11-17 22:00:00,3.7,-0.8,73
2025-11-17 23:00:00,3.8,-0.8,69
2025-11-18 00:00:00,3.5,-0.9,68
2025-11-18 01:00:00,3.3,-1.0,67
2025-11-18 02:00:00,3.2,-0.5,76
2025-11-18 03:00:00,3.0,-0.9,77
2025-11-18 04:00:00,2.8,-1.0,76
2025-11-18 05:00:00,2.8,-1.0,75
2025-11-18 06:00:00,2.7,-1.0,74
2025-11-18 07:00:00,2.7,-0.9,74
2025-11-18 08:00:00,3.5,0.1,74
2025-11-18 09:00:00,4.8,1.3,68
2025-11-18 10:00:00,6.2,2.4,55
2025-11-18 11:00:00,7.6,3.6,44
2025-11-18 12:00:00,8.7,4.5,37
2025-11-18 13:00:00,9.4,4.7,32
2025-11-18 14:00:00,9.5,4.9,38
2025-11-18 15:00:00,9.6,5.3,42
2025-11-18 16:00:00,9.4,5.3,40
2025-11-18 17:00:00,8.2,5.0,49
2025-11-18 18:00:00,6.9,4.1,60
2025-11-18 19:00:00,6.6,3.7,61
2025-11-18 20:00:00,6.8,3.3,58
2025-11-18 21:00:00,6.1,2.0,54
2025-11-18 22:00:00,5.5,1.6,54
2025-11-18 23:00:00,4.9,1.2,56
2025-11-19 00:00:00,3.9,0.7,64
2025-11-19 01:00:00,3.8,0.5,63
2025-11-19 02:00:00,3.8,0.4,66
2025-11-19 03:00:00,3.0,-0.1,69
2025-11-19 04:00:00,2.7,-0.4,71
2025-11-19 05:00:00,2.7,-0.4,70
2025-11-19 06:00:00,2.8,-0.4,70
2025-11-19 07:00:00,2.7,-0.6,71
2025-11-19 08:00:00,3.5,0.4,70
2025-11-19 09:00:00,5.2,2.2,63
2025-11-19 10:00:00,6.9,4.0,55
2025-11-19 11:00:00,8.6,5.8,51
2025-11-19 12:00:00,9.9,7.4,48
2025-11-19 13:00:00,10.8,8.3,43
2025-11-19 14:00:00,11.5,8.4,40
2025-11-19 15:00:00,11.8,8.6,36
2025-11-19 16:00:00,11.6,8.6,38
2025-11-19 17:00:00,10.1,7.9,56
2025-11-19 18:00:00,8.6,6.2,56
2025-11-19 19:00:00,7.8,5.4,57
2025-11-19 20:00:00,7.6,4.9,63
2025-11-19 21:00:00,7.7,4.9,64
2025-11-19 22:00:00,7.2,4.5,69
2025-11-19 23:00:00,6.8,4.3,71
2025-11-20 00:00:00,6.7,4.2,74
2025-11-20 01:00:00,6.2,4.0,77
2025-11-20 02:00:00,6.3,4.1,79
2025-11-20 03:00:00,5.8,3.7,79
2025-11-20 04:00:00,5.6,3.4,80
2025-11-20 05:00:00,5.3,3.3,81
2025-11-20 06:00:00,5.2,3.2,82
2025-11-20 07:00:00,5.2,3.2,83
2025-11-20 08:00:00,6.2,4.8,89
2025-11-20 09:00:00,7.8,6.3,84
2025-11-20 10:00:00,9.6,7.9,78
2025-11-20 11:00:00,11.2,9.6,71
2025-11-20 12:00:00,12.5,11.0,62
2025-11-20 13:00:00,13.4,11.7,57
2025-11-20 14:00:00,14.3,12.5,52
2025-11-20 15:00:00,14.7,13.0,51
2025-11-20 16:00:00,14.6,12.9,53
2025-11-20 17:00:00,12.5,11.2,69
2025-11-20 18:00:00,10.8,9.2,73
2025-11-20 19:00:00,10.0,8.3,74
2025-11-20 20:00:00,9.9,8.1,74
2025-11-20 21:00:00,9.2,7.4,77
2025-11-20 22:00:00,9.1,7.4,77
2025-11-20 23:00:00,8.6,6.6,79
2025-11-21 00:00:00,8.6,6.5,78
2025-11-21 01:00:00,8.1,6.0,79
2025-11-21 02:00:00,7.6,5.6,83
2025-11-21 03:00:00,6.9,4.8,84
2025-11-21 04:00:00,6.3,4.3,87
2025-11-21 05:00:00,6.0,4.3,89
2025-11-21 06:00:00,5.7,4.2,92
2025-11-21 07:00:00,5.5,4.1,95
2025-11-21 08:00:00,5.6,4.0,99
2025-11-21 09:00:00,7.2,6.2,97
2025-11-21 10:00:00,9.1,8.5,94
2025-11-21 11:00:00,11.6,11.4,85
2025-11-21 12:00:00,13.8,13.7,75
2025-11-21 13:00:00,15.4,15.0,64
2025-11-21 14:00:00,16.5,15.0,47
2025-11-21 15:00:00,16.7,15.0,42
2025-11-21 16:00:00,16.2,14.6,48
2025-11-21 17:00:00,13.8,12.5,62
2025-11-21 18:00:00,12.4,10.8,56
2025-11-21 19:00:00,12.2,10.4,52
2025-11-21 20:00:00,11.5,9.8,62
2025-11-21 21:00:00,10.8,9.0,64
2025-11-21 22:00:00,10.3,8.6,65
2025-11-21 23:00:00,9.9,8.2,65
2025-11-22 00:00:00,9.6,7.8,66
2025-11-22 01:00:00,9.1,7.4,67
2025-11-22 02:00:00,8.7,7.2,74
2025-11-22 03:00:00,7.2,5.3,80
2025-11-22 04:00:00,7.1,5.5,82
2025-11-22 05:00:00,6.9,5.4,82
2025-11-22 06:00:00,6.8,5.3,83
2025-11-22 07:00:00,6.3,4.7,87
2025-11-22 08:00:00,6.7,4.9,97
2025-11-22 09:00:00,8.2,6.9,94
2025-11-22 10:00:00,10.9,9.9,84
2025-11-22 11:00:00,13.3,12.4,70
2025-11-22 12:00:00,15.0,14.1,61
2025-11-22 13:00:00,16.1,15.3,55
2025-11-22 14:00:00,16.9,15.4,47
2025-11-22 15:00:00,17.0,15.6,45
2025-11-22 16:00:00,16.6,15.3,48
2025-11-22 17:00:00,14.7,13.8,59
2025-11-22 18:00:00,13.1,12.0,60
2025-11-22 19:00:00,12.4,11.1,62
2025-11-22 20:00:00,12.1,11.1,67
2025-11-22 21:00:00,11.5,10.4,69
2025-11-22 22:00:00,10.9,9.7,71
2025-11-22 23:00:00,10.4,9.3,71
2025-11-23 00:00:00,10.4,9.3,72
2025-11-23 01:00:00,10.6,9.5,73
2025-11-23 02:00:00,10.6,9.6,77
2025-11-23 03:00:00,10.6,9.8,79
2025-11-23 04:00:00,10.4,9.4,81
2025-11-23 05:00:00,10.3,9.4,83
2025-11-23 06:00:00,10.3,9.3,84
2025-11-23 07:00:00,10.4,9.6,84
2025-11-23 08:00:00,10.6,9.7,83
2025-11-23 09:00:00,12.4,11.4,79
2025-11-23 10:00:00,14.4,13.6,73
2025-11-23 11:00:00,14.9,14.1,70
2025-11-23 12:00:00,16.1,14.9,63
2025-11-23 13:00:00,15.9,14.4,62
2025-11-23 14:00:00,16.0,14.8,61
2025-11-23 15:00:00,17.0,15.7,56
2025-11-23 16:00:00,15.7,14.9,67
2025-11-23 17:00:00,15.1,14.6,72
2025-11-23 18:00:00,14.1,13.3,72
2025-11-23 19:00:00,13.4,12.0,74
2025-11-23 20:00:00,13.4,12.0,74
2025-11-23 21:00:00,12.9,11.3,76
2025-11-23 22:00:00,12.9,11.4,77
2025-11-23 23:00:00,12.4,11.2,79
2025-11-24 00:00:00,11.5,10.3,81
2025-11-24 01:00:00,10.9,9.5,81
2025-11-24 02:00:00,10.2,9.0,85
2025-11-24 03:00:00,9.5,8.2,87
2025-11-24 04:00:00,9.1,8.1,87
2025-11-24 05:00:00,8.9,7.9,88
2025-11-24 06:00:00,8.8,7.8,88
2025-11-24 07:00:00,8.6,7.6,89
2025-11-24 08:00:00,9.7,8.5,92
2025-11-24 09:00:00,11.4,10.8,90
2025-11-24 10:00:00,13.2,13.1,83
2025-11-24 11:00:00,15.1,14.8,77
2025-11-24 12:00:00,16.6,16.3,72
2025-11-24 13:00:00,17.9,16.8,63
2025-11-24 14:00:00,18.6,16.4,50
2025-11-24 15:00:00,18.6,16.2,51
2025-11-24 16:00:00,18.0,15.5,51
2025-11-24 17:00:00,16.5,13.5,49
2025-11-24 18:00:00,14.6,11.0,47
2025-11-24 19:00:00,13.4,9.8,49
2025-11-24 20:00:00,12.9,9.2,52
2025-11-24 21:00:00,12.6,8.6,49
2025-11-24 22:00:00,11.1,8.1,58
2025-11-24 23:00:00,9.8,6.7,62
2025-11-25 00:00:00,8.9,5.9,60
2025-11-25 01:00:00,8.1,5.1,58
2025-11-25 02:00:00,7.6,4.9,63
2025-11-25 03:00:00,7.1,4.2,61
2025-11-25 04:00:00,6.6,4.0,60
2025-11-25 05:00:00,6.2,3.8,60
2025-11-25 06:00:00,6.1,3.8,62
2025-11-25 07:00:00,5.8,3.6,67
2025-11-25 08:00:00,6.7,4.8,73
2025-11-25 09:00:00,8.2,6.1,60
2025-11-25 10:00:00,9.9,7.3,46
2025-11-25 11:00:00,11.1,8.3,39
2025-11-25 12:00:00,12.1,9.3,36
2025-11-25 13:00:00,12.9,10.1,34
2025-11-25 14:00:00,13.8,10.7,33
2025-11-25 15:00:00,13.9,11.0,33
2025-11-25 16:00:00,13.6,11.0,39
2025-11-25 17:00:00,11.6,9.6,55
2025-11-25 18:00:00,9.9,7.6,59
2025-11-25 19:00:00,9.0,6.5,62
2025-11-25 20:00:00,9.1,6.5,59
2025-11-25 21:00:00,8.6,5.9,60
2025-11-25 22:00:00,8.3,5.8,57
2025-11-25 23:00:00,7.9,5.4,57
2025-11-26 00:00:00,7.4,4.7,59
2025-11-26 01:00:00,6.8,4.0,64
2025-11-26 02:00:00,6.6,3.9,69
2025-11-26 03:00:00,5.7,3.1,75
2025-11-26 04:00:00,5.7,3.0,77
2025-11-26 05:00:00,5.7,3.0,77
2025-11-26 06:00:00,5.4,2.7,78
2025-11-26 07:00:00,5.3,2.6,79
2025-11-26 08:00:00,6.5,3.8,80
2025-11-26 09:00:00,8.0,5.9,78
2025-11-26 10:00:00,10.1,8.7,73
2025-11-26 11:00:00,12.4,10.9,60
2025-11-26 12:00:00,14.1,13.0,53
2025-11-26 13:00:00,15.2,14.1,50
2025-11-26 14:00:00,16.2,14.5,48
2025-11-26 15:00:00,16.6,14.9,48
2025-11-26 16:00:00,16.1,15.3,58
2025-11-26 17:00:00,14.4,13.4,62
2025-11-26 18:00:00,12.6,11.0,66
2025-11-26 19:00:00,11.6,10.0,72
2025-11-26 20:00:00,12.1,10.3,70
2025-11-26 21:00:00,12.1,10.6,72
2025-11-26 22:00:00,11.6,9.9,74
2025-11-26 23:00:00,11.1,9.0,75
2025-11-27 00:00:00,10.4,7.9,78
2025-11-27 01:00:00,10.2,7.4,76
2025-11-27 02:00:00,9.8,7.4,79
2025-11-27 03:00:00,9.5,6.0,64
2025-11-27 04:00:00,9.4,5.2,53
2025-11-27 05:00:00,8.1,4.7,58
2025-11-27 06:00:00,7.3,4.1,61
2025-11-27 07:00:00,6.6,3.5,61
2025-11-27 08:00:00,7.7,5.5,73
2025-11-27 09:00:00,9.7,7.5,64
2025-11-27 10:00:00,11.6,9.3,52
2025-11-27 11:00:00,12.9,10.1,39
2025-11-27 12:00:00,14.0,11.6,36
2025-11-27 13:00:00,14.8,12.6,34
2025-11-27 14:00:00,15.5,12.8,35
2025-11-27 15:00:00,15.3,12.4,36
2025-11-27 16:00:00,14.6,12.0,43
2025-11-27 17:00:00,12.5,10.1,52
2025-11-27 18:00:00,11.1,8.5,53
2025-11-27 19:00:00,10.8,7.9,52
2025-11-27 20:00:00,10.4,7.4,57
2025-11-27 21:00:00,9.9,7.2,60
2025-11-27 22:00:00,9.6,6.9,59
2025-11-27 23:00:00,9.5,6.5,58
2025-11-28 00:00:00,9.2,6.1,59
2025-11-28 01:00:00,8.8,5.7,61
2025-11-28 02:00:00,8.6,5.7,62
2025-11-28 03:00:00,8.2,5.4,66
2025-11-28 04:00:00,7.8,5.1,69
2025-11-28 05:00:00,7.4,4.8,71
2025-11-28 06:00:00,7.2,4.5,73
2025-11-28 07:00:00,6.8,4.3,74
2025-11-28 08:00:00,7.8,5.2,74
2025-11-28 09:00:00,9.2,7.0,75
2025-11-28 10:00:00,11.4,9.6,66
2025-11-28 11:00:00,13.8,11.8,56
2025-11-28 12:00:00,15.7,13.8,51
2025-11-28 13:00:00,17.1,15.3,47
2025-11-28 14:00:00,19.1,16.6,42
2025-11-28 15:00:00,19.5,17.0,43
2025-11-28 16:00:00,18.3,16.2,48
2025-11-28 17:00:00,16.2,14.4,56
2025-11-28 18:00:00,15.1,13.1,58
2025-11-28 19:00:00,14.2,12.1,60
2025-11-28 20:00:00,13.0,11.3,67
2025-11-28 21:00:00,12.2,10.3,71
2025-11-28 22:00:00,11.7,9.8,71
2025-11-28 23:00:00,11.6,9.5,68
2025-11-29 00:00:00,11.0,8.9,68
2025-11-29 01:00:00,10.3,8.3,72
2025-11-29 02:00:00,9.4,7.6,77
2025-11-29 03:00:00,9.1,7.3,79
2025-11-29 04:00:00,8.6,6.8,79
2025-11-29 05:00:00,8.8,6.9,78
2025-11-29 06:00:00,8.3,6.3,80
2025-11-29 07:00:00,8.1,6.0,81
2025-11-29 08:00:00,8.8,6.7,83
2025-11-29 09:00:00,10.6,9.1,80
2025-11-29 10:00:00,13.1,12.3,70
2025-11-29 11:00:00,15.3,14.3,58
2025-11-29 12:00:00,16.9,15.7,52
2025-11-29 13:00:00,18.0,17.1,49
2025-11-29 14:00:00,19.5,18.3,46
2025-11-29 15:00:00,19.8,18.4,47
2025-11-29 16:00:00,19.2,18.9,57
2025-11-29 17:00:00,16.8,16.3,67
2025-11-29 18:00:00,14.8,14.0,71
2025-11-29 19:00:00,13.9,13.0,72
2025-11-29 20:00:00,13.2,12.0,71
2025-11-29 21:00:00,13.3,11.8,70
2025-11-29 22:00:00,12.9,11.2,68
2025-11-29 23:00:00,12.1,10.5,69
2025-11-30 00:00:00,11.7,10.0,69
2025-11-30 01:00:00,11.4,9.7,73
2025-11-30 02:00:00,10.7,9.2,80
2025-11-30 03:00:00,10.1,8.7,84
2025-11-30 04:00:00,9.7,8.3,86
2025-11-30 05:00:00,8.9,7.5,88
2025-11-30 06:00:00,8.6,7.1,89
2025-11-30 07:00:00,8.0,6.5,90
2025-11-30 08:00:00,9.2,7.7,89
2025-11-30 09:00:00,11.1,10.0,85
2025-11-30 10:00:00,13.3,13.0,79
2025-11-30 11:00:00,15.6,15.4,73
2025-11-30 12:00:00,17.6,17.7,65
2025-11-30 13:00:00,19.0,19.4,60
2025-11-30 14:00:00,19.9,19.8,54
2025-11-30 15:00:00,20.3,19.9,52
2025-11-30 16:00:00,19.9,19.8,57
2025-11-30 17:00:00,17.4,17.0,66
2025-11-30 18:00:00,15.7,15.1,67
2025-11-30 19:00:00,14.4,13.4,70
2025-11-30 20:00:00,14.2,12.9,70
2025-11-30 21:00:00,14.4,12.8,70
2025-11-30 22:00:00,13.9,12.0,71
2025-11-30 23:00:00,13.2,10.9,65
2025-12-01 00:00:00,12.8,10.1,60
2025-12-01 01:00:00,12.1,9.3,62
2025-12-01 02:00:00,11.6,8.9,66
2025-12-01 03:00:00,11.1,8.4,67
2025-12-01 04:00:00,10.6,7.7,66
2025-12-01 05:00:00,10.1,7.3,67
2025-12-01 06:00:00,9.4,7.1,71
2025-12-01 07:00:00,8.9,6.7,74
2025-12-01 08:00:00,9.4,6.8,68
2025-12-01 09:00:00,10.7,8.3,63
2025-12-01 10:00:00,12.4,10.3,59
2025-12-01 11:00:00,14.3,12.4,57
2025-12-01 12:00:00,16.1,14.7,56
2025-12-01 13:00:00,17.4,16.5,54
2025-12-01 14:00:00,18.0,17.2,50
2025-12-01 15:00:00,18.1,17.5,52
2025-12-01 16:00:00,17.7,17.1,55
2025-12-01 17:00:00,15.9,15.6,68
2025-12-01 18:00:00,14.6,13.8,71
2025-12-01 19:00:00,14.1,12.9,71
2025-12-01 20:00:00,13.1,11.2,73
2025-12-01 21:00:00,12.3,10.2,70
2025-12-01 22:00:00,11.5,9.3,71
2025-12-01 23:00:00,10.9,8.6,73
2025-12-02 00:00:00,10.2,7.9,74
2025-12-02 01:00:00,9.8,7.3,76
2025-12-02 02:00:00,9.4,7.1,78
2025-12-02 03:00:00,8.9,6.6,79
2025-12-02 04:00:00,8.6,6.3,80
2025-12-02 05:00:00,8.3,6.0,81
2025-12-02 06:00:00,8.1,5.6,81
2025-12-02 07:00:00,8.0,5.2,79
2025-12-02 08:00:00,8.6,5.4,76
2025-12-02 09:00:00,10.0,7.1,71
2025-12-02 10:00:00,11.4,8.2,65
2025-12-02 11:00:00,13.0,9.4,59
2025-12-02 12:00:00,13.7,9.7,55
2025-12-02 13:00:00,14.1,10.3,54
2025-12-02 14:00:00,13.8,9.8,55
2025-12-02 15:00:00,13.2,9.2,55
2025-12-02 16:00:00,12.3,8.3,57
2025-12-02 17:00:00,11.4,7.3,58
2025-12-02 18:00:00,10.2,6.0,59
2025-12-02 19:00:00,9.7,5.3,59
2025-12-02 20:00:00,9.5,4.8,57
2025-12-02 21:00:00,9.1,4.4,57
2025-12-02 22:00:00,8.9,4.0,55
2025-12-02 23:00:00,8.4,3.6,53
2025-12-03 00:00:00,8.2,3.9,53
2025-12-03 01:00:00,7.9,3.6,53
2025-12-03 02:00:00,7.6,3.7,57
2025-12-03 03:00:00,7.4,3.4,56
2025-12-03 04:00:00,6.6,2.4,56
2025-12-03 05:00:00,5.6,1.4,59
2025-12-03 06:00:00,4.9,0.8,62
2025-12-03 07:00:00,4.3,0.4,65
2025-12-03 08:00:00,4.9,1.3,66
2025-12-03 09:00:00,6.0,2.7,62
2025-12-03 10:00:00,7.7,4.3,54
2025-12-03 11:00:00,9.1,5.2,43
2025-12-03 12:00:00,10.3,5.9,34
2025-12-03 13:00:00,11.1,6.7,30
2025-12-03 14:00:00,11.5,7.4,33
2025-12-03 15:00:00,11.5,7.5,32
2025-12-03 16:00:00,11.1,7.2,32
2025-12-03 17:00:00,9.6,6.5,45
2025-12-03 18:00:00,8.2,5.2,51
2025-12-03 19:00:00,7.6,4.5,53
2025-12-03 20:00:00,7.4,3.9,51
2025-12-03 21:00:00,6.7,3.5,56
2025-12-03 22:00:00,6.1,3.1,60
2025-12-03 23:00:00,6.5,3.4,58
2025-12-04 00:00:00,6.5,3.4,60
2025-12-04 01:00:00,6.4,3.6,62
2025-12-04 02:00:00,6.5,3.7,65
2025-12-04 03:00:00,6.5,4.1,67
2025-12-04 04:00:00,6.4,4.3,73
2025-12-04 05:00:00,6.6,4.4,73
2025-12-04 06:00:00,6.9,4.4,70
2025-12-04 07:00:00,7.0,4.7,74
2025-12-04 08:00:00,7.5,5.2,73
2025-12-04 09:00:00,7.8,5.6,71
2025-12-04 10:00:00,8.4,6.0,66
2025-12-04 11:00:00,9.1,6.7,62
2025-12-04 12:00:00,9.5,7.4,61
2025-12-04 13:00:00,10.1,7.8,58
2025-12-04 14:00:00,9.8,7.3,61
2025-12-04 15:00:00,9.9,7.4,62
2025-12-04 16:00:00,9.9,7.5,61
2025-12-04 17:00:00,9.4,7.4,66
2025-12-04 18:00:00,8.8,6.9,72
2025-12-04 19:00:00,8.6,6.8,73
2025-12-04 20:00:00,9.1,7.0,70
2025-12-04 21:00:00,8.9,6.8,70
2025-12-04 22:00:00,8.8,6.6,71
2025-12-04 23:00:00,8.7,6.3,69
2025-12-05 00:00:00,8.6,6.5,69
2025-12-05 01:00:00,8.6,6.7,72
2025-12-05 02:00:00,8.5,7.0,79
2025-12-05 03:00:00,8.5,6.5,74
2025-12-05 04:00:00,8.4,6.3,73
2025-12-05 05:00:00,8.1,5.8,72
2025-12-05 06:00:00,7.5,5.2,74
2025-12-05 07:00:00,7.2,5.1,75
2025-12-05 08:00:00,8.1,5.6,65
2025-12-05 09:00:00,8.9,6.6,60
2025-12-05 10:00:00,9.6,7.6,59
2025-12-05 11:00:00,10.6,8.8,56
2025-12-05 12:00:00,11.4,9.4,52
2025-12-05 13:00:00,12.5,10.1,45
2025-12-05 14:00:00,12.9,10.3,43
2025-12-05 15:00:00,13.2,10.7,42
2025-12-05 16:00:00,13.0,10.5,43
2025-12-05 17:00:00,11.6,9.8,62
2025-12-05 18:00:00,10.4,8.3,63
2025-12-05 19:00:00,9.8,7.6,65
2025-12-05 20:00:00,9.2,7.0,65
2025-12-05 21:00:00,9.0,6.6,65
2025-12-05 22:00:00,8.4,6.1,68
2025-12-05 23:00:00,8.0,5.7,70
2025-12-06 00:00:00,7.6,5.4,71
2025-12-06 01:00:00,7.2,5.0,73
2025-12-06 02:00:00,7.0,4.7,77
2025-12-06 03:00:00,6.4,4.1,78
2025-12-06 04:00:00,6.2,3.9,78
2025-12-06 05:00:00,5.9,3.6,80
2025-12-06 06:00:00,5.8,3.4,81
2025-12-06 07:00:00,5.6,3.2,81
2025-12-06 08:00:00,6.4,4.5,86
2025-12-06 09:00:00,8.1,6.3,80
2025-12-06 10:00:00,9.9,8.2,72
2025-12-06 11:00:00,11.8,9.7,60
2025-12-06 12:00:00,13.2,11.0,53
2025-12-06 13:00:00,14.1,11.9,49
2025-12-06 14:00:00,14.9,12.5,48
2025-12-06 15:00:00,15.2,13.1,47
2025-12-06 16:00:00,14.9,13.0,50
2025-12-06 17:00:00,13.1,11.9,67
2025-12-06 18:00:00,12.1,10.3,66
2025-12-06 19:00:00,11.5,9.3,67
2025-12-06 20:00:00,11.0,8.8,68
2025-12-06 21:00:00,10.7,8.5,70
2025-12-06 22:00:00,10.4,8.2,70
2025-12-06 23:00:00,9.6,7.7,74
2025-12-07 00:00:00,9.1,7.4,76
2025-12-07 01:00:00,8.8,7.2,77
2025-12-07 02:00:00,8.0,6.3,81
2025-12-07 03:00:00,7.8,5.8,84
2025-12-07 04:00:00,7.4,5.4,86
2025-12-07 05:00:00,7.3,5.2,86
2025-12-07 06:00:00,7.1,5.0,86
2025-12-07 07:00:00,6.8,4.8,86
2025-12-07 08:00:00,7.7,5.6,84
2025-12-07 09:00:00,9.1,7.6,80
2025-12-07 10:00:00,11.6,10.5,72
2025-12-07 11:00:00,13.9,12.9,61
2025-12-07 12:00:00,15.4,14.1,54
2025-12-07 13:00:00,16.5,15.1,51
2025-12-07 14:00:00,17.2,15.0,49
2025-12-07 15:00:00,17.4,15.2,47
2025-12-07 16:00:00,17.0,15.0,50
2025-12-07 17:00:00,15.3,14.0,61
2025-12-07 18:00:00,14.1,12.6,67
2025-12-07 19:00:00,13.1,11.6,70
2025-12-07 20:00:00,12.4,10.8,75
2025-12-07 21:00:00,12.1,9.6,64
2025-12-07 22:00:00,11.3,8.2,55
2025-12-07 23:00:00,10.8,7.5,56
2025-12-08 00:00:00,10.0,6.8,60
2025-12-08 01:00:00,9.2,6.2,65
2025-12-08 02:00:00,9.0,5.9,67
2025-12-08 03:00:00,8.6,5.5,68
2025-12-08 04:00:00,8.4,5.3,69
2025-12-08 05:00:00,8.0,5.2,72
2025-12-08 06:00:00,7.1,4.8,78
2025-12-08 07:00:00,6.6,4.3,79
2025-12-08 08:00:00,7.6,4.7,73
2025-12-08 09:00:00,9.0,6.5,69
2025-12-08 10:00:00,11.0,8.7,60
2025-12-08 11:00:00,12.9,10.9,56
2025-12-08 12:00:00,14.6,12.7,53
2025-12-08 13:00:00,15.8,14.2,52
2025-12-08 14:00:00,16.3,15.0,50
2025-12-08 15:00:00,16.6,15.4,50
2025-12-08 16:00:00,16.3,15.1,52
2025-12-08 17:00:00,14.5,13.8,68
2025-12-08 18:00:00,12.9,11.6,70
2025-12-08 19:00:00,12.2,10.8,70
2025-12-08 20:00:00,12.4,10.6,64
2025-12-08 21:00:00,11.4,9.6,70
2025-12-08 22:00:00,10.9,8.8,71
2025-12-08 23:00:00,10.0,7.8,75
2025-12-09 00:00:00,8.9,7.2,81
2025-12-09 01:00:00,8.6,6.6,78
2025-12-09 02:00:00,8.3,6.3,78
2025-12-09 03:00:00,8.4,6.2,74
2025-12-09 04:00:00,7.9,5.7,76
2025-12-09 05:00:00,7.2,5.1,80
2025-12-09 06:00:00,6.9,4.9,82
2025-12-09 07:00:00,7.2,5.0,81
2025-12-09 08:00:00,7.6,5.4,83
2025-12-09 09:00:00,9.1,6.9,76
2025-12-09 10:00:00,11.0,9.2,68
2025-12-09 11:00:00,12.9,11.1,61
2025-12-09 12:00:00,14.5,12.6,56
2025-12-09 13:00:00,15.6,13.8,53
2025-12-09 14:00:00,16.2,14.5,51
2025-12-09 15:00:00,16.7,15.2,50
2025-12-09 16:00:00,16.6,15.3,51
2025-12-09 17:00:00,14.9,14.2,67
2025-12-09 18:00:00,13.6,12.5,69
2025-12-09 19:00:00,12.9,11.5,70
2025-12-09 20:00:00,12.4,10.9,71
2025-12-09 21:00:00,12.0,10.6,73
2025-12-09 22:00:00,11.6,10.2,73
2025-12-09 23:00:00,11.2,9.7,74
2025-12-10 00:00:00,11.1,9.4,75
2025-12-10 01:00:00,11.3,9.6,74
2025-12-10 02:00:00,10.5,9.0,79
2025-12-10 03:00:00,10.4,9.0,80
2025-12-10 04:00:00,9.8,8.4,83
2025-12-10 05:00:00,9.4,8.2,84
2025-12-10 06:00:00,9.2,8.0,85
2025-12-10 07:00:00,9.8,8.6,84
2025-12-10 08:00:00,10.5,9.3,83
2025-12-10 09:00:00,11.4,10.4,78
2025-12-10 10:00:00,11.3,10.5,81
2025-12-10 11:00:00,11.7,11.0,82
2025-12-10 12:00:00,13.3,12.6,75
2025-12-10 13:00:00,14.8,14.5,68
2025-12-10 14:00:00,16.0,15.4,62
2025-12-10 15:00:00,16.7,16.1,59
2025-12-10 16:00:00,16.6,16.3,60
2025-12-10 17:00:00,15.4,15.5,75
2025-12-10 18:00:00,14.6,14.2,74
2025-12-10 19:00:00,13.9,13.2,76
2025-12-10 20:00:00,13.2,12.6,79
2025-12-10 21:00:00,12.4,12.1,84
2025-12-10 22:00:00,11.8,11.3,86
2025-12-10 23:00:00,11.2,10.5,87
2025-12-11 00:00:00,11.0,10.5,87
2025-12-11 01:00:00,10.6,10.0,87
2025-12-11 02:00:00,10.6,10.1,88
2025-12-11 03:00:00,10.4,9.9,88
2025-12-11 04:00:00,9.4,8.8,91
2025-12-11 05:00:00,8.8,7.7,93
2025-12-11 06:00:00,8.4,7.1,94
2025-12-11 07:00:00,8.4,7.0,92
2025-12-11 08:00:00,8.6,7.1,95
2025-12-11 09:00:00,10.2,9.1,89
2025-12-11 10:00:00,12.6,11.9,81
2025-12-11 11:00:00,14.8,14.1,72
2025-12-11 12:00:00,16.6,15.3,58
2025-12-11 13:00:00,17.5,16.1,52
2025-12-11 14:00:00,18.0,16.4,48
2025-12-11 15:00:00,18.2,16.5,46
2025-12-11 16:00:00,17.9,16.0,47
2025-12-11 17:00:00,16.6,14.8,54
2025-12-11 18:00:00,15.2,13.0,57
2025-12-11 19:00:00,13.9,11.3,60
2025-12-11 20:00:00,12.9,10.2,64
2025-12-11 21:00:00,12.2,9.4,69
2025-12-11 22:00:00,11.6,8.9,72
2025-12-11 23:00:00,11.1,8.7,74
2025-12-12 00:00:00,10.7,8.4,76
2025-12-12 01:00:00,10.6,8.3,79
2025-12-12 02:00:00,10.9,8.6,79
2025-12-12 03:00:00,10.9,8.3,78
2025-12-12 04:00:00,11.5,8.8,75
2025-12-12 05:00:00,11.4,8.8,75
2025-12-12 06:00:00,11.1,9.0,77
2025-12-12 07:00:00,10.9,8.9,79
2025-12-12 08:00:00,10.0,7.9,85
2025-12-12 09:00:00,10.1,8.3,88
2025-12-12 10:00:00,10.4,8.8,88
2025-12-12 11:00:00,10.9,9.0,87
2025-12-12 12:00:00,11.4,9.3,83
2025-12-12 13:00:00,12.7,10.2,74
2025-12-12 14:00:00,12.2,10.0,74
2025-12-12 15:00:00,12.4,10.5,74
2025-12-12 16:00:00,12.3,10.5,74
2025-12-12 17:00:00,11.8,8.9,73
2025-12-12 18:00:00,9.6,5.8,76
2025-12-12 19:00:00,8.6,4.8,81
2025-12-12 20:00:00,5.3,0.2,81
2025-12-12 21:00:00,3.3,-1.6,88
2025-12-12 22:00:00,3.1,-1.8,88
2025-12-12 23:00:00,2.5,-2.3,88
2025-12-13 00:00:00,2.5,-2.2,86
2025-12-13 01:00:00,2.3,-2.8,87
2025-12-13 02:00:00,1.8,-3.4,91
2025-12-13 03:00:00,1.8,-2.9,90
2025-12-13 04:00:00,2.0,-2.8,86
2025-12-13 05:00:00,2.0,-2.7,82
2025-12-13 06:00:00,2.2,-2.1,80
2025-12-13 07:00:00,2.1,-1.6,80
2025-12-13 08:00:00,2.6,-1.1,78
2025-12-13 09:00:00,3.2,-0.2,74
2025-12-13 10:00:00,4.2,1.0,70
2025-12-13 11:00:00,5.7,2.5,65
2025-12-13 12:00:00,7.8,4.8,59
2025-12-13 13:00:00,9.1,5.4,51
2025-12-13 14:00:00,9.9,6.0,50
2025-12-13 15:00:00,10.4,6.4,45
2025-12-13 16:00:00,10.1,6.3,45
2025-12-13 17:00:00,8.8,5.7,54
2025-12-13 18:00:00,7.1,4.3,63
2025-12-13 19:00:00,6.8,3.5,63
2025-12-13 20:00:00,6.3,3.1,71
2025-12-13 21:00:00,5.6,2.5,69
2025-12-13 22:00:00,4.8,1.3,64
2025-12-13 23:00:00,4.1,0.5,63
2025-12-14 00:00:00,3.8,0.1,62
2025-12-14 01:00:00,3.2,-0.2,64
2025-12-14 02:00:00,3.2,0.3,70
2025-12-14 03:00:00,2.9,0.2,70
2025-12-14 04:00:00,2.6,-0.2,74
2025-12-14 05:00:00,2.3,-0.6,75
2025-12-14 06:00:00,2.2,-0.8,75
2025-12-14 07:00:00,2.5,-0.3,76
2025-12-14 08:00:00,3.3,1.0,83
2025-12-14 09:00:00,4.9,2.7,77
2025-12-14 10:00:00,6.2,4.0,70
2025-12-14 11:00:00,7.7,5.0,58
2025-12-14 12:00:00,8.9,5.9,50
2025-12-14 13:00:00,9.8,6.9,47
2025-12-14 14:00:00,10.6,7.7,48
2025-12-14 15:00:00,10.8,8.0,47
2025-12-14 16:00:00,10.6,7.7,48
2025-12-14 17:00:00,9.0,6.7,63
2025-12-14 18:00:00,7.7,5.1,65
2025-12-14 19:00:00,7.3,4.5,65
2025-12-14 20:00:00,7.2,4.1,60
2025-12-14 21:00:00,6.9,3.8,61
2025-12-14 22:00:00,6.5,3.4,64
2025-12-14 23:00:00,6.2,3.1,65
2025-12-15 00:00:00,5.9,2.8,66
2025-12-15 01:00:00,5.6,2.3,67
2025-12-15 02:00:00,5.3,2.2,70
2025-12-15 03:00:00,4.9,1.8,73
2025-12-15 04:00:00,4.7,1.4,76
2025-12-15 05:00:00,4.4,1.3,78
2025-12-15 06:00:00,4.3,1.2,80
2025-12-15 07:00:00,4.1,1.0,82
2025-12-15 08:00:00,4.5,1.4,83
2025-12-15 09:00:00,5.8,3.1,82
2025-12-15 10:00:00,7.8,5.4,77
2025-12-15 11:00:00,10.1,7.8,67
2025-12-15 12:00:00,11.8,9.5,59
2025-12-15 13:00:00,12.9,10.6,52
2025-12-15 14:00:00,13.8,11.4,49
2025-12-15 15:00:00,14.1,11.8,48
2025-12-15 16:00:00,13.9,11.8,51
2025-12-15 17:00:00,12.4,10.4,60
2025-12-15 18:00:00,11.6,9.2,63
2025-12-15 19:00:00,10.8,8.1,66
2025-12-15 20:00:00,9.9,7.3,70
2025-12-15 21:00:00,9.5,6.9,71
2025-12-15 22:00:00,9.0,6.6,72
2025-12-15 23:00:00,8.6,6.3,72
2025-12-16 00:00:00,8.2,6.0,74
2025-12-16 01:00:00,7.7,5.6,77
2025-12-16 02:00:00,7.2,5.1,80
2025-12-16 03:00:00,7.1,5.0,81
2025-12-16 04:00:00,6.8,4.7,83
2025-12-16 05:00:00,6.6,4.6,85
2025-12-16 06:00:00,6.4,4.4,85
2025-12-16 07:00:00,6.3,4.3,86
2025-12-16 08:00:00,7.1,5.0,86
2025-12-16 09:00:00,8.6,6.8,83
2025-12-16 10:00:00,10.8,9.6,77
2025-12-16 11:00:00,13.2,12.1,65
2025-12-16 12:00:00,15.0,13.8,54
2025-12-16 13:00:00,16.0,14.8,49
2025-12-16 14:00:00,16.1,14.8,47
2025-12-16 15:00:00,16.5,15.2,49
2025-12-16 16:00:00,16.2,15.1,53
2025-12-16 17:00:00,14.3,13.5,69
2025-12-16 18:00:00,12.8,11.9,74
2025-12-16 19:00:00,12.2,11.3,73
2025-12-16 20:00:00,12.4,10.9,70
2025-12-16 21:00:00,12.0,9.8,71
2025-12-16 22:00:00,11.4,9.0,72
2025-12-16 23:00:00,10.9,8.2,75
2025-12-17 00:00:00,10.2,7.4,77
2025-12-17 01:00:00,9.4,6.3,78
2025-12-17 02:00:00,8.6,5.7,81
2025-12-17 03:00:00,7.9,4.9,85
2025-12-17 04:00:00,7.3,4.2,86
2025-12-17 05:00:00,6.8,3.6,86
2025-12-17 06:00:00,6.3,3.1,86
2025-12-17 07:00:00,5.8,2.5,88
2025-12-17 08:00:00,5.8,2.6,90
2025-12-17 09:00:00,6.6,3.5,83
2025-12-17 10:00:00,7.8,4.6,76
2025-12-17 11:00:00,9.4,6.2,68
2025-12-17 12:00:00,10.8,7.6,61
2025-12-17 13:00:00,12.0,8.9,57
2025-12-17 14:00:00,12.8,9.7,54
2025-12-17 15:00:00,13.1,10.3,53
2025-12-17 16:00:00,13.0,10.3,54
2025-12-17 17:00:00,11.8,9.6,63
2025-12-17 18:00:00,10.4,8.0,68
2025-12-17 19:00:00,9.6,6.9,70
2025-12-17 20:00:00,8.9,6.0,73
2025-12-17 21:00:00,8.1,5.5,76
2025-12-17 22:00:00,7.5,5.1,80
2025-12-17 23:00:00,6.9,4.8,84
2025-12-18 00:00:00,6.3,4.3,87
2025-12-18 01:00:00,5.8,4.0,89
2025-12-18 02:00:00,5.7,4.1,90
2025-12-18 03:00:00,5.2,3.7,91
2025-12-18 04:00:00,5.2,3.5,91
2025-12-18 05:00:00,5.2,3.2,91
2025-12-18 06:00:00,5.6,3.3,90
2025-12-18 07:00:00,5.8,3.4,89
2025-12-18 08:00:00,6.0,3.5,91
2025-12-18 09:00:00,7.1,4.6,87
2025-12-18 10:00:00,8.8,6.5,78
2025-12-18 11:00:00,10.7,8.5,71
2025-12-18 12:00:00,12.6,10.5,65
2025-12-18 13:00:00,14.1,12.0,61
2025-12-18 14:00:00,14.9,12.8,59
2025-12-18 15:00:00,15.6,13.8,57
2025-12-18 16:00:00,15.4,14.0,59
2025-12-18 17:00:00,13.9,12.9,70
2025-12-18 18:00:00,12.6,11.2,73
2025-12-18 19:00:00,12.1,10.0,72
2025-12-18 20:00:00,11.8,9.6,72
2025-12-18 21:00:00,11.4,9.3,75
2025-12-18 22:00:00,10.9,9.0,78
2025-12-18 23:00:00,10.6,8.8,80
2025-12-19 00:00:00,10.3,8.5,81
2025-12-19 01:00:00,10.1,8.2,82
2025-12-19 02:00:00,10.1,8.2,82
2025-12-19 03:00:00,10.1,8.2,83
2025-12-19 04:00:00,9.9,8.0,84
2025-12-19 05:00:00,10.0,8.0,82
2025-12-19 06:00:00,10.1,8.1,81
2025-12-19 07:00:00,10.1,8.1,80
2025-12-19 08:00:00,9.9,7.9,83
2025-12-19 09:00:00,11.4,9.7,79
2025-12-19 10:00:00,13.8,12.8,71
2025-12-19 11:00:00,16.3,15.7,63
2025-12-19 12:00:00,18.1,17.7,58
2025-12-19 13:00:00,19.5,19.0,55
2025-12-19 14:00:00,20.5,19.4,52
2025-12-19 15:00:00,21.1,19.8,50
2025-12-19 16:00:00,20.8,19.9,53
2025-12-19 17:00:00,18.9,19.4,68
2025-12-19 18:00:00,17.1,17.2,71
2025-12-19 19:00:00,16.0,14.8,74
2025-12-19 20:00:00,15.4,14.3,75
2025-12-19 21:00:00,15.4,14.5,74
2025-12-19 22:00:00,15.6,14.7,74
2025-12-19 23:00:00,15.1,14.3,77
2025-12-20 00:00:00,14.2,13.2,81
2025-12-20 01:00:00,14.2,12.7,77
2025-12-20 02:00:00,13.6,12.0,77
2025-12-20 03:00:00,13.0,11.1,75
2025-12-20 04:00:00,12.4,10.0,73
2025-12-20 05:00:00,11.8,8.9,75
2025-12-20 06:00:00,11.1,7.8,74
2025-12-20 07:00:00,10.1,6.6,73
2025-12-20 08:00:00,10.1,6.7,70
2025-12-20 09:00:00,10.2,6.9,66
2025-12-20 10:00:00,9.9,6.3,64
2025-12-20 11:00:00,9.4,5.8,63
2025-12-20 12:00:00,9.6,6.0,63
2025-12-20 13:00:00,10.9,7.0,59
2025-12-20 14:00:00,10.1,5.9,65
2025-12-20 15:00:00,10.5,6.2,63
2025-12-20 16:00:00,10.7,6.5,61
2025-12-20 17:00:00,10.6,6.3,61
2025-12-20 18:00:00,10.4,5.8,61
2025-12-20 19:00:00,10.1,5.4,60
2025-12-20 20:00:00,9.9,4.8,59
2025-12-20 21:00:00,8.9,4.2,62
2025-12-20 22:00:00,7.8,3.4,72
2025-12-20 23:00:00,7.1,2.8,82
2025-12-21 00:00:00,6.7,2.9,87
2025-12-21 01:00:00,6.4,3.3,90
2025-12-21 02:00:00,6.1,3.3,93
2025-12-21 03:00:00,5.6,2.5,95
2025-12-21 04:00:00,5.4,2.5,94
2025-12-21 05:00:00,5.6,2.8,93
2025-12-21 06:00:00,5.7,2.9,92
2025-12-21 07:00:00,5.4,3.4,94
2025-12-21 08:00:00,6.4,4.1,92
2025-12-21 09:00:00,7.1,5.1,89
2025-12-21 10:00:00,7.8,5.6,86
2025-12-21 11:00:00,8.8,6.5,80
2025-12-21 12:00:00,9.4,7.1,74
2025-12-21 13:00:00,10.0,7.7,68
2025-12-21 14:00:00,9.9,6.9,64
2025-12-21 15:00:00,10.2,7.0,59
2025-12-21 16:00:00,10.1,6.9,58
2025-12-21 17:00:00,9.8,6.9,59
2025-12-21 18:00:00,9.2,6.3,61
2025-12-21 19:00:00,8.9,5.7,59
2025-12-21 20:00:00,9.1,5.9,60
2025-12-21 21:00:00,8.5,4.9,58
2025-12-21 22:00:00,8.5,5.1,61
2025-12-21 23:00:00,8.1,5.0,65
2025-12-22 00:00:00,7.8,5.2,67
2025-12-22 01:00:00,7.6,4.7,68
2025-12-22 02:00:00,7.5,4.7,73
2025-12-22 03:00:00,7.2,4.3,74
2025-12-22 04:00:00,7.2,4.3,72
2025-12-22 05:00:00,7.2,3.9,71
2025-12-22 06:00:00,7.2,3.6,71
2025-12-22 07:00:00,7.0,3.9,75
2025-12-22 08:00:00,6.8,4.1,81
2025-12-22 09:00:00,7.3,4.6,80
2025-12-22 10:00:00,8.3,5.7,75
2025-12-22 11:00:00,9.1,6.7,72
2025-12-22 12:00:00,10.0,7.6,69
2025-12-22 13:00:00,10.1,7.8,69
2025-12-22 14:00:00,10.4,8.2,68
2025-12-22 15:00:00,10.8,8.6,67
2025-12-22 16:00:00,11.1,9.0,66
2025-12-22 17:00:00,10.9,9.2,70
2025-12-22 18:00:00,10.4,8.2,74
2025-12-22 19:00:00,9.9,7.7,77
2025-12-22 20:00:00,9.8,7.7,81
2025-12-22 21:00:00,9.6,7.9,83
2025-12-22 22:00:00,9.6,7.9,84
2025-12-22 23:00:00,9.2,7.6,86
2025-12-23 00:00:00,9.0,7.3,90
2025-12-23 01:00:00,8.6,7.0,95
2025-12-23 02:00:00,8.5,7.0,95
2025-12-23 03:00:00,8.4,6.6,96
2025-12-23 04:00:00,8.4,6.4,96
2025-12-23 05:00:00,8.2,6.0,96
2025-12-23 06:00:00,7.9,5.4,95
2025-12-23 07:00:00,7.6,4.9,93
2025-12-23 08:00:00,7.1,4.4,92
2025-12-23 09:00:00,7.2,4.7,91
2025-12-23 10:00:00,7.4,4.7,87
2025-12-23 11:00:00,7.4,4.8,85
2025-12-23 12:00:00,7.9,5.2,80
2025-12-23 13:00:00,8.6,6.2,76
2025-12-23 14:00:00,8.4,6.0,76
2025-12-23 15:00:00,8.8,6.2,73
2025-12-23 16:00:00,8.9,6.9,73
2025-12-23 17:00:00,8.6,6.5,77
2025-12-23 18:00:00,8.2,5.6,81
2025-12-23 19:00:00,7.6,4.6,80
2025-12-23 20:00:00,8.1,5.3,77
2025-12-23 21:00:00,7.8,4.8,79
2025-12-23 22:00:00,7.4,4.3,83
2025-12-23 23:00:00,7.1,3.9,85
2025-12-24 00:00:00,7.0,3.8,83
2025-12-24 01:00:00,7.0,3.7,82
2025-12-24 02:00:00,7.1,4.0,83
2025-12-24 03:00:00,6.9,3.9,82
2025-12-24 04:00:00,6.8,3.7,81
2025-12-24 05:00:00,6.8,3.9,81
2025-12-24 06:00:00,6.7,3.4,81
2025-12-24 07:00:00,6.7,3.4,81
2025-12-24 08:00:00,6.7,4.0,84
2025-12-24 09:00:00,6.8,3.9,84
2025-12-24 10:00:00,7.2,3.7,81
2025-12-24 11:00:00,7.8,4.1,75
2025-12-24 12:00:00,8.4,5.1,72
2025-12-24 13:00:00,8.5,5.0,71
2025-12-24 14:00:00,8.3,4.9,70
2025-12-24 15:00:00,7.9,4.8,74
2025-12-24 16:00:00,7.9,5.1,72
2025-12-24 17:00:00,7.9,4.8,70
2025-12-24 18:00:00,7.8,4.6,68
2025-12-24 19:00:00,7.6,4.4,68
2025-12-24 20:00:00,7.2,4.0,71
2025-12-24 21:00:00,7.1,3.8,71
2025-12-24 22:00:00,6.4,3.0,73
2025-12-24 23:00:00,6.2,2.7,73
2025-12-25 00:00:00,5.7,2.2,74
2025-12-25 01:00:00,5.3,1.7,74
2025-12-25 02:00:00,4.7,1.1,79
2025-12-25 03:00:00,4.0,0.6,82
2025-12-25 04:00:00,3.6,0.2,85
2025-12-25 05:00:00,3.3,0.0,86
2025-12-25 06:00:00,3.2,-0.1,86
2025-12-25 07:00:00,2.9,-0.3,88
2025-12-25 08:00:00,3.3,-0.1,87
2025-12-25 09:00:00,4.3,1.3,84
2025-12-25 10:00:00,5.9,2.8,76
2025-12-25 11:00:00,7.7,4.2,62
2025-12-25 12:00:00,8.9,5.1,48
2025-12-25 13:00:00,9.6,5.7,41
2025-12-25 14:00:00,9.8,5.7,40
2025-12-25 15:00:00,9.9,5.9,40
2025-12-25 16:00:00,9.8,5.9,39
2025-12-25 17:00:00,8.6,5.1,46
2025-12-25 18:00:00,7.1,3.3,50
2025-12-25 19:00:00,6.2,2.5,53
2025-12-25 20:00:00,5.9,2.3,56
2025-12-25 21:00:00,5.2,1.6,59
2025-12-25 22:00:00,4.6,0.9,61
2025-12-25 23:00:00,4.1,0.5,63
2025-12-26 00:00:00,3.8,0.2,64
2025-12-26 01:00:00,3.4,-0.2,66
2025-12-26 02:00:00,3.3,-0.2,69
2025-12-26 03:00:00,2.8,-0.5,74
2025-12-26 04:00:00,3.0,-0.2,77
2025-12-26 05:00:00,3.1,-0.2,78
2025-12-26 06:00:00,2.8,-0.4,78
2025-12-26 07:00:00,2.5,-0.8,79
2025-12-26 08:00:00,2.9,0.0,85
2025-12-26 09:00:00,3.7,0.7,81
2025-12-26 10:00:00,5.1,2.0,73
2025-12-26 11:00:00,6.6,3.2,62
2025-12-26 12:00:00,7.8,4.0,49
2025-12-26 13:00:00,8.5,4.7,43
2025-12-26 14:00:00,8.8,5.1,43
2025-12-26 15:00:00,9.1,5.5,41
2025-12-26 16:00:00,8.9,5.5,41
2025-12-26 17:00:00,7.6,4.9,58
2025-12-26 18:00:00,6.3,3.4,61
2025-12-26 19:00:00,6.0,2.8,61
2025-12-26 20:00:00,5.6,2.5,65
2025-12-26 21:00:00,5.3,2.3,65
2025-12-26 22:00:00,4.9,1.8,65
2025-12-26 23:00:00,4.4,1.3,66
2025-12-27 00:00:00,3.7,0.7,71
2025-12-27 01:00:00,3.6,0.6,72
2025-12-27 02:00:00,3.2,0.5,76
2025-12-27 03:00:00,3.0,0.4,76
2025-12-27 04:00:00,2.8,0.3,78
2025-12-27 05:00:00,2.3,-0.5,81
2025-12-27 06:00:00,2.2,-0.6,83
2025-12-27 07:00:00,2.2,-0.7,84
2025-12-27 08:00:00,2.9,0.2,84
2025-12-27 09:00:00,4.1,1.6,83
2025-12-27 10:00:00,5.8,3.5,76
2025-12-27 11:00:00,7.6,5.3,66
2025-12-27 12:00:00,9.2,7.0,58
2025-12-27 13:00:00,10.4,8.1,53
2025-12-27 14:00:00,10.9,8.6,51
2025-12-27 15:00:00,11.5,9.3,49
2025-12-27 16:00:00,11.4,9.3,51
2025-12-27 17:00:00,9.9,8.0,65
2025-12-27 18:00:00,8.2,6.0,70
2025-12-27 19:00:00,7.5,5.2,71
2025-12-27 20:00:00,7.2,4.9,72
2025-12-27 21:00:00,6.8,4.6,72
2025-12-27 22:00:00,6.1,3.8,75
2025-12-27 23:00:00,5.8,3.5,77
2025-12-28 00:00:00,5.8,3.4,78
2025-12-28 01:00:00,5.9,3.6,78
2025-12-28 02:00:00,5.5,3.3,80
2025-12-28 03:00:00,4.8,2.4,82
2025-12-28 04:00:00,4.7,2.2,82
2025-12-28 05:00:00,4.9,2.4,81
2025-12-28 06:00:00,4.8,2.1,81
2025-12-28 07:00:00,4.2,1.4,83
2025-12-28 08:00:00,4.2,1.4,86
2025-12-28 09:00:00,5.3,2.7,83
2025-12-28 10:00:00,7.3,5.2,77
2025-12-28 11:00:00,9.9,7.8,67
2025-12-28 12:00:00,12.1,9.8,58
2025-12-28 13:00:00,13.5,11.0,50
2025-12-28 14:00:00,14.6,11.6,44
2025-12-28 15:00:00,15.0,12.0,40
2025-12-28 16:00:00,14.8,12.0,43
2025-12-28 17:00:00,13.1,11.0,56
2025-12-28 18:00:00,11.4,9.3,62
2025-12-28 19:00:00,10.9,8.6,63
2025-12-28 20:00:00,9.9,7.7,68
2025-12-28 21:00:00,10.0,7.8,65
2025-12-28 22:00:00,9.4,7.1,68
2025-12-28 23:00:00,8.1,6.1,76
2025-12-29 00:00:00,7.2,5.2,82
2025-12-29 01:00:00,6.7,4.6,85
2025-12-29 02:00:00,6.7,4.4,84
2025-12-29 03:00:00,6.1,4.0,87
2025-12-29 04:00:00,5.6,3.6,88
2025-12-29 05:00:00,5.3,3.3,88
2025-12-29 06:00:00,5.0,2.9,89
2025-12-29 07:00:00,4.8,2.7,89
2025-12-29 08:00:00,5.2,3.4,92
2025-12-29 09:00:00,6.7,4.7,87
2025-12-29 10:00:00,8.6,7.2,80
2025-12-29 11:00:00,10.9,9.5,69
2025-12-29 12:00:00,13.1,11.5,60
2025-12-29 13:00:00,14.6,12.9,52
2025-12-29 14:00:00,15.4,13.1,48
2025-12-29 15:00:00,15.9,13.6,45
2025-12-29 16:00:00,15.9,13.8,45
2025-12-29 17:00:00,14.5,13.4,61
2025-12-29 18:00:00,13.4,11.9,63
2025-12-29 19:00:00,13.2,10.7,56
2025-12-29 20:00:00,12.6,9.6,54
2025-12-29 21:00:00,11.9,8.8,57
2025-12-29 22:00:00,11.4,8.2,61
2025-12-29 23:00:00,10.6,7.7,69
2025-12-30 00:00:00,10.2,7.9,74
2025-12-30 01:00:00,9.9,7.9,76
2025-12-30 02:00:00,9.9,7.7,77
2025-12-30 03:00:00,9.6,7.8,79
2025-12-30 04:00:00,9.2,7.4,82
2025-12-30 05:00:00,8.9,7.1,84
2025-12-30 06:00:00,8.6,6.9,86
2025-12-30 07:00:00,8.3,6.6,88
2025-12-30 08:00:00,9.1,7.3,83
2025-12-30 09:00:00,9.9,8.3,79
2025-12-30 10:00:00,11.3,9.8,72
2025-12-30 11:00:00,12.9,11.3,65
2025-12-30 12:00:00,14.2,12.8,58
2025-12-30 13:00:00,15.3,13.9,53
2025-12-30 14:00:00,15.2,13.8,51
2025-12-30 15:00:00,15.7,14.1,50
2025-12-30 16:00:00,15.5,13.7,51
2025-12-30 17:00:00,14.9,13.1,56
2025-12-30 18:00:00,14.0,11.9,60
2025-12-30 19:00:00,12.9,10.2,62
2025-12-30 20:00:00,12.5,9.8,64
2025-12-30 21:00:00,12.0,9.5,66
2025-12-30 22:00:00,11.4,8.9,68
2025-12-30 23:00:00,10.6,8.1,71
2025-12-31 00:00:00,10.6,8.0,73
2025-12-31 01:00:00,9.9,7.9,79
2025-12-31 02:00:00,9.9,7.7,79
2025-12-31 03:00:00,9.8,7.4,80
2025-12-31 04:00:00,9.4,6.8,80
2025-12-31 05:00:00,9.2,6.5,81
2025-12-31 06:00:00,9.1,6.1,79
2025-12-31 07:00:00,8.9,6.1,78
2025-12-31 08:00:00,8.6,5.7,80
2025-12-31 09:00:00,8.8,5.9,80
2025-12-31 10:00:00,9.9,7.2,74
2025-12-31 11:00:00,10.4,7.8,71
2025-12-31 12:00:00,10.9,8.1,68
2025-12-31 13:00:00,10.9,8.1,66
2025-12-31 14:00:00,9.8,6.6,72
2025-12-31 15:00:00,9.9,6.5,69
2025-12-31 16:00:00,9.4,5.8,68
2025-12-31 17:00:00,8.4,4.6,71
2025-12-31 18:00:00,7.6,3.8,79
2025-12-31 19:00:00,6.8,2.7,87
2025-12-31 20:00:00,5.8,1.0,89
2025-12-31 21:00:00,4.8,0.2,94
2025-12-31 22:00:00,4.1,-0.0,96
2025-12-31 23:00:00,3.3,-1.0,97
